id,userName,date,score,text,sentimiento,appId,id_anotador,notas,thumbsUp
52b49da3-668b-4220-9863-a5264319224f,Alexis Casacuba,2025-10-23,5,Se desactuliza frecuentemente,positivo,com.whatsapp,,,0
a45389f2-8666-4d53-91e1-39f4ea428d2a,Wendy Mejia,2025-10-23,5,Excelente,positivo,com.whatsapp,,,0
3f995b70-4a10-4c24-aec8-1a5c40134d32,Marcos Muñoz,2025-10-23,5,no puedo compartir fotos,positivo,com.whatsapp,,,0
441254eb-3487-4b0e-b00c-3c94490ec090,Crispin Fernando edu,2025-10-23,2,"Aunque he desactivado el visto, pero me siguen viendo",negativo,com.whatsapp,,,0
cf105403-405d-43f1-89c9-e4292d9e35dc,Yhon Garzon,2025-10-23,1,últimamente los mensajes que uno silencia de des silencian al pasar unos segundos....... y los tonos personalizados tambien no estan quedando guardados,negativo,com.whatsapp,,,0
53f2e64a-2a20-4f4a-9fee-93855bcc2d94,Guillermo Saez,2025-10-23,5,es muy importante para nosotros y todo gracias,positivo,com.whatsapp,,,0
3b3a0341-ccc8-435c-bdc9-aa2db67135f8,Beto González,2025-10-23,2,me gusta te WhatsApp,negativo,com.whatsapp,,,0
bc8abd25-93a7-482e-bdd0-aede51b5c34c,Alex Flores,2025-10-23,5,es el mejor WhatsApp,positivo,com.whatsapp,,,0
e560af73-28f2-49ac-a28b-6fabb3c4e5ab,Juliana Alegre,2025-10-23,1,"hola cuando subo un estado , me bloquea parte de pantalla de queda cargando más de 30 segundos.",negativo,com.whatsapp,,,0
8f7f6954-d8e8-427d-b1d1-05056663e0fe,Rodrigo Araya,2025-10-23,5,no tengo idea,positivo,com.whatsapp,,,0
b0e02e96-4fcc-4d91-9617-51ce597605b1,Martin Ortiz,2025-10-23,5,bien,positivo,com.whatsapp,,,0
c43cc72a-75c8-42ab-b3a1-fdd66c4a015f,Alirio Gomez,2025-10-23,5,Es muy necesario,positivo,com.whatsapp,,,0
6df3e801-f1b2-4f7f-b83b-d32eab94617b,Daniela Juárez Rosales,2025-10-23,5,excelente,positivo,com.whatsapp,,,0
b1c6b06b-8b31-4d94-9a6c-705dbaa8ca9a,Leya Guarpi,2025-10-23,5,exelente,positivo,com.whatsapp,,,0
197df034-cefb-48e6-a598-63be7c18c2da,Denoico De la cruz,2025-10-23,5,es un buen mensseguer de WhatsApp video llamadas un 8 porq aveces impide la. ceñal,positivo,com.whatsapp,,,0
1ac9b151-133e-42cc-b3cd-3774eb90311c,Diana Perez,2025-10-23,5,muy bien,positivo,com.whatsapp,,,0
b255df0b-2fc3-417f-b083-5583a159574a,Guillermourens Y axel,2025-10-23,1,Muy mala,negativo,com.whatsapp,,,0
fadf4cda-f026-48f5-b649-ab81d2581806,ANNGHELZ,2025-10-23,5,Desastres,positivo,com.whatsapp,,,0
adf726bd-d93b-466b-8a9e-e3c976877696,Humberto Hernandez,2025-10-23,5,bien gracias,positivo,com.whatsapp,,,1
17c8a562-658e-4d96-ad1f-727a078d3990,Ariana Cano Campos,2025-10-23,3,esta ayudando a comunicarme con mi familia ,positivo,com.whatsapp,,,0
f9919d8d-27bc-4759-85e9-1bdd8a8f4cab,Esteban Vicente López,2025-10-23,2,deben poner la opción de eliminar mensaje aunque hayan pasado mínimo unas dos horas,negativo,com.whatsapp,,,0
0372e9ca-ddb2-4183-9075-7c132854ff88,Aires San,2025-10-23,5,Muy bueno,positivo,com.whatsapp,,,0
a15d83a7-446a-4557-ae78-e9959636cd06,Antonio martinnez,2025-10-23,5,ezelente muivueno,positivo,com.whatsapp,,,0
dd040562e0-50df-4d6f-af0d-65705db71ab5,Villo Montero,2025-10-23,5,la mejor app,positivo,com.whatsapp,,,0
0b385d7c-f279-4339-8f5e-778d2a185aa7,Oscar Velazquez,2025-10-23,5,Ok,positivo,com.whatsapp,,,0
091094b6-ff96-41f9-8d4d-a9d8c162dd92,Jesús Manuel Osorio,2025-10-23,4,MUI buena,positivo,com.whatsapp,,,0
63ba3688-ea30-4066-af3e-774402f49cc7,Jose Gabriel Jahuey Nopal,2025-10-23,5,Esla mejor app que e privado,positivo,com.whatsapp,,,0
2869bb10-7837-4055-89e2-52ad40d568fb,Gustavo Antonio Matute Perich,2025-10-23,5,perfecta,positivo,com.whatsapp,,,0
b1eac57b-ec31-4ba8-bf32-9a9f8a1da6f6,Lisbeth Cordero,2025-10-23,2,malísimo,negativo,com.whatsapp,,,0
ea5f64b2-9b5e-4d05-bad9-df6048e698c0,Roy Sorio,2025-10-23,4,muy buena,positivo,com.whatsapp,,,0
dcbee3f5-314d-4262-9431-224f857f7699,Moisés Reyes,2025-10-23,5,ha sido una gran herramienta de comunicacion y he podido resolver situaciones más rápidas. gracias.,positivo,com.whatsapp,,,0
221819ac-9935-4d76-8044-fa0f277acddf,Ramon Guevara,2025-10-23,5,muy bien,positivo,com.whatsapp,,,0
ca20865e-6efd-4f61-966a-9fdcb341591c,Yully Cristina Benavides Gomez,2025-10-23,3,no me permite actualizar la aplicación,neutro,com.whatsapp,,,0
2ade9fc0-f260-4be6-928a-44207c90564f,Nelida Guerra,2025-10-23,5,excelente quiero quedé en mi nombre anteriormente alguien hakeo mi información por eso no usaba esta plataforma gracias por su ayuda,positivo,com.whatsapp,,,0
03c80059-47db-4c30-9421-dd750e054317,Luis Mieses,2025-10-23,5,es un ap muy emosionante y también tiene llamadas muy bueno y muy fiable,positivo,com.whatsapp,,,0
ba960ddd-9b16-446e-9000-507daa5901a6,Juan de jesús Guerrero,2025-10-23,5,"muy buena, excelente",positivo,com.whatsapp,,,0
957ed4c2-1b6a-44d8-baf9-29f7a343a419,Banco Azteca,2025-10-23,5,genial,positivo,com.whatsapp,,,0
36b8d96d-a9d3-4762-b3d4-ee41634d2d1b,JOSE VILLAFAÑE,2025-10-23,5,exelente,positivo,com.whatsapp,,,0
9bb9df1d-d883-47ee-bda6-110e0aec2dd3,Heron Islas,2025-10-23,4,muy bien,positivo,com.whatsapp,,,0
71627fed-0fea-4eb6-a788-1c3e2199d76a,Santiago,2025-10-23,4,muy importante la información de la gasolina para plantas en pueblo grifo. gracias,positivo,com.whatsapp,,,0
1316e474-070b-4c15-aa86-1133cd883727,Juan Sambrano Medina,2025-10-23,5,me da lo suficiente,positivo,com.whatsapp,,,0
f7f383a5-7531-488c-8457-070c41fe42b9,Ivon Vignoli,2025-10-23,1,no puedo abrir mi cuenta.,negativo,com.whatsapp,,,0
035cea0b-3783-4811-8e9d-2fa29140f064,Caro Alejandro,2025-10-23,5,no me deja entrar,positivo,com.whatsapp,,,0
c0635085-747d-4378-9196-da85f86007e0,Alexa Alba,2025-10-23,2,cuando lo descarge no me mandan ningun codigo,negativo,com.whatsapp,,,0
c0d1f8eb-0f63-475f-bb2f-c07e0aa465c7,Bao Tram Calderón Aragón,2025-10-23,5,"En WhatsApp puede hacer llamadas, videollamada,enviar videos de otra aplicación como instagram,tik tok,Facebook,etc...",positivo,com.whatsapp,,,0
d92f782a-1c09-4ecd-b325-22c0763a9820,Pedro Mellado,2025-10-23,4,"Desde la última actualización,se cierra al entrar desde notificaciones,sobre todo cuando hay una sola notificación",positivo,com.whatsapp,,,0
3542f20c-78f9-4bb2-94b2-2fa7c3d92f36,Juan Ramon Rios Nuñez,2025-10-23,5,genial,positivo,com.whatsapp,,,0
c0ce8400-e634-465f-8469-6a16bbaf6e96,Victor Torres,2025-10-23,5,exelente,positivo,com.whatsapp,,,0
4fe356c0-154a-4b5c-b7a0-e201417ef4fa,Silvia Noemi Miranda,2025-10-23,5,muy buena la atencion,positivo,com.whatsapp,,,0
394aecc2-c832-424d-bee4-ae96d4311635,Domitila Carhuancho alanya,2025-10-23,5,es la mejor aplicacon,positivo,com.whatsapp,,,0
1d8ee2c2-c5a9-4069-83ae-5fc4ac6d8d1c,Brayan Ledesma Ledesma,2025-10-23,5,Es muy buena se las recomiendo mucho es una vía de comunicación muy rápida y fácil,positivo,com.whatsapp,,,0
b229fa02-ef53-4443-b9c0-1863bbfcac31,Luisa Graterol de Suarez,2025-10-23,5,Buena experiencia,positivo,com.whatsapp,,,0
834a5988-20c5-4619-be25-aa44370c54cc,Fernando Moreno,2025-10-23,4,ese lente,positivo,com.whatsapp,,,0
5ae3229c-e69d-4f52-a7e9-f6854c49145b,Genaro Velasco,2025-10-23,5,es estupenda está aplicación,positivo,com.whatsapp,,,0
df143313-a42f-4b92-ae80-14edf29e9735,Dina Marcela Díaz Vuelvas,2025-10-23,2,malo,negativo,com.whatsapp,,,0
9291dd22-2dd0-4949-bdee-1ac27b78e8e6,wendy lorena colmenares de duarte,2025-10-23,5,buena,positivo,com.whatsapp,,,0
1210bbff-b22e-4f77-a5ed-ce78414b2f36,Diego Solo,2025-10-23,5,Me encantan,positivo,com.whatsapp,,,0
57695c06-8d84-46f1-80f5-14238937cadd,Maria Itany,2025-10-23,5,es lo mejor,positivo,com.whatsapp,,,0
d43adf68-aac5-4788-a8a4-025aa83eb38c,PTY507,2025-10-23,1,se me borraron los contactos del teléfono solo me aparecen en WhatsApp,negativo,com.whatsapp,,,0
884da9c0-d4dd-49d9-b479-1ef5c557cd3b,Juan Toussing,2025-10-23,5,goood,positivo,com.whatsapp,,,0
49da0af7-e36b-46c3-bba6-597af03c900e,Marga Cuart Oliver,2025-10-23,5,Sale el mensaje superposición de pantalla muy a menudo,positivo,com.whatsapp,,,0
c3d86ff3-34bd-489a-9a91-75eb5fbfc65c,Hector Torrealba,2025-10-23,5,excelente,positivo,com.whatsapp,,,0
1b7ec441-5d0d-4293-80a9-58a7f8279b5c,Victor Alfonso Vega Guzmán,2025-10-23,1,he tenido dos teléfonos y me chinguen la cámara en WhatsApp ahora tampoco en este y eso que cambié de teléfono,negativo,com.whatsapp,,,0
33c560d1-3e51-4ba7-92ef-f3676b0a4833,Felipe Becerril,2025-10-23,5,buena,positivo,com.whatsapp,,,0
038a8e86-b9ec-4f9a-8ff9-cd0542601787,alfredo chauca meza,2025-10-23,1,la verdad no me gusto la nueva actualización que tiene,negativo,com.whatsapp,,,0
682870db-5917-4601-818a-c6331b90b43f,Daiana Caldez,2025-10-23,3,"Cuando quiero poner un estado, no me aparecen los emojis.",neutro,com.whatsapp,,,0
92ca672c-05f4-4c95-9927-10f4cad8ce4f,Emilio,2025-10-23,5,mi cuenta ya no anda ,negativo,com.whatsapp,,,0
244864c6-0ac4-4d29-b881-e64dcbb3f41d,Elizabeth Obando,2025-10-23,5,es la mejor función quisiera que salga la función de saber con quién habla la otra persona,positivo,com.whatsapp,,,0
7b3381f4-8d8e-400b-a38a-04bfef1d0c40,Ann-Lory Shama Innocent,2025-10-23,4,no me permite compartir pantalla,positivo,com.whatsapp,,,0
70b76469-c4a8-4be2-b04b-208591d08426,Antonio Huembes,2025-10-23,5,genial me gusta mucho,positivo,com.whatsapp,,,0
80932edb-ff08-4903-b784-2d3e1f177c81,juan gervasi,2025-10-23,1,Me dice que es la aplicación no oficial y no me deja hacer uso de WhatsApp,negativo,com.whatsapp,,,0
916fb60e-73bb-4b8f-90d9-12f1be48c96f,Severiano Roman,2025-10-23,5,muy bueno,positivo,com.whatsapp,,,0
e4fdf558-7cc6-42a9-b21e-bc6d379b31b7,Mateo CHAMBI MANTILLA,2025-10-23,5,me sirve mucho,positivo,com.whatsapp,,,0
8ea4393e-7bec-4fdf-a3d4-595a9451f7d4,KEVIN DIAZ,2025-10-23,5,excelente aplicacion WhatsApp,positivo,com.whatsapp,,,0
c61388dd-5bc9-432e-ba61-feec2069c59c,Catatumbo Gabarra,2025-10-23,5,mi esperiencia muy bueno,positivo,com.whatsapp,,,0
e1ef89fa-0ae9-487c-9a6b-54090da7e5e1,Patty Davila,2025-10-23,3,no está mal está bien,neutro,com.whatsapp,,,0
ff096928-9527-4ef6-8c6b-e0235548ede9,Zaida Duperoy,2025-10-23,5,La uso mucho,positivo,com.whatsapp,,,0
6706560a-4636-48fe-8816-d3032b369e66,pedro murillo,2025-10-23,5,Buena señal,positivo,com.whatsapp,,,0
7d5d9a4e-1e46-48af-bf96-0284bae3b31b,Maria Yolanda,2025-10-23,5,ledoy 10 de 10,positivo,com.whatsapp,,,0
2d990533-817a-40ad-a772-3add52fc1fc3,Un usuario de Google,2025-10-23,5,Estaría bueno si le agregan más tiempo a los vídeos y la mejoracion en los chats,positivo,com.whatsapp,,,0
70cb3750-bf72-41b7-8682-60b869603d67,shavatore gnz,2025-10-23,4,al usar la aolicacion de whatsapp y querer vincularlo a la pc la camara no da foco en el codigo QR porque ?,positivo,com.whatsapp,,,1
0cfdfef7-473f-4679-a285-fbc38df99546,Juan choque,2025-10-23,5,ok,positivo,com.whatsapp,,,0
eadf23c4-0b1f-4218-a804-6fa702379ae7,Maria ofir Campo,2025-10-23,5,"siempre la uso, me gusta",positivo,com.whatsapp,,,0
9dbdc639-5490-41ce-bc93-c5573304f019,Heberto de Jesús Rodríguez Espinoza,2025-10-23,5,muy buena aplicacion,positivo,com.whatsapp,,,0
61c789df-2eab-4ffe-b657-6e952a68b5b0,Natalia Salinas,2025-10-23,5,bueno,positivo,com.whatsapp,,,0
62af7102-833c-4b5e-8f5a-7efa7b59462b,Carlos Maldonado de la Rosa,2025-10-23,5,excelente,positivo,com.whatsapp,,,0
0ac57359-6423-4099-b6cd-4be77a1fb230,Alexis Gutiérrez,2025-10-23,5,bien,positivo,com.whatsapp,,,0
960f3685-d91f-417e-88a9-f484e2dc44a2,Sheila Noza,2025-10-23,4,muy buena la app,positivo,com.whatsapp,,,0
a1fe13f1-9cb5-486b-9142-8d5d419d59d2,Irene Aguirre,2025-10-23,2,de momento no puedo opinar.,neutro,com.whatsapp,,,0
e3efebb6-b175-427a-bd9a-63833cd20f82,Diana Correa,2025-10-23,5,muy bueno,positivo,com.whatsapp,,,0
e25cb6a5-c1a1-4db0-ad65-159e1e3b0780,Un usuario de Google,2025-10-23,5,Ok. Gracias,positivo,com.whatsapp,,,0
c8b2b284-6005-4389-a8f6-d13882adb162,E. David V. García,2025-10-23,1,No le doy 0 estrellas por que no se puede... prefiero mil veces más Telegram es mucho mejor es muy escaso que Telegram falle no que WhatsApp a cada rato falla es una porquería.,negativo,com.whatsapp,,,0
67a28eca-dfc1-4035-b7f2-b07211292329,Victor Padilla,2025-10-23,3,"mejoren las llamadas, tienen muchos defectos.",negativo,com.whatsapp,,,0
75b38911-1b3a-4dd0-8c8f-ddb375b1d3dd,Armando Bastidas,2025-10-23,1,cada rato me bloquean la cuenta por spam sin yo hacer nada van más de 5 veces y no paran de hacerlo es un problema que no resuelven.,negativo,com.whatsapp,,,0
abc34c02-d746-4d0e-bba9-f5530cae02c1,Jose Gutierre,2025-10-23,5,muy bueno,positivo,com.whatsapp,,,0
366513c0-a73f-4ba1-8ec8-1c7c3b2bcc42,alexander palhua,2025-10-23,4,muy importante para recuperar los contactos,positivo,com.whatsapp,,,0
92704190-f572-48eb-bb6c-1acc9d1d0fe9,Agustin Benitez,2025-10-23,1,no me gusto la actualizacion que tenes que tocar los contacto ahora,negativo,com.whatsapp,,,0
0a7c0d03-faa7-4b3a-a349-413edac9031e,Angel Rafael Rivera Robles,2025-10-23,5,buena,positivo,com.whatsapp,,,0
71bf8e09-59af-4482-9a83-72aa1b81a165,Ismael Benitez,2025-10-23,1,"desde hace unos días a pesar de una nueva actualización uno silencia contactos y se vuelve a activar, o quita que se muestren los archivos en la galería y se vuelve a activar",negativo,com.whatsapp,,,0
016350ad-9652-42ef-a6ca-bfef35b77e99,Santi Perez,2025-10-23,4,muy bueno,positivo,com.whatsapp,,,0
874649f4-faf9-4c9a-b91f-f0786b1326b7,Laura Fierros,2025-10-23,5,Pues funciona bien aunque tienes que estar actualizando cada versión de whatsapp pero cada versión funciona como cada actualización no 😺,positivo,com.whatsapp,,,0
82e65f53-47fb-4b3b-a582-e25d1deb89ce,Julian Hdez carrillo,2025-10-23,5,bueno,positivo,com.whatsapp,,,0
8edf48ae-cf02-415d-ab3f-1b1e77b424ce,Jhans Vazquez,2025-10-23,5,excelente,positivo,com.whatsapp,,,0
95b13119-a89e-4f1e-85f3-a4cd61a90287,Amaisaroyika Ortega,2025-10-23,5,Amo,positivo,com.whatsapp,,,0
8fbd7028-86c1-4357-a57d-9c21dd45092a,Jair Mendez,2025-10-23,5,Hola buenas noches,positivo,com.whatsapp,,,0
80905748-2390-469b-85db-434b46c21f7c,Oscar Ivan Cruz Ramirez,2025-10-23,4,lo básico ni mas ni menos nada extraordinario o del otro mundo.,positivo,com.whatsapp,,,0
83cdc93f-6f66-47e3-b10a-a2cbb63a6ddb,diego antonio flores rodriguez,2025-10-23,5,Muy bueno,positivo,com.whatsapp,,,0
538321e6-9719-46de-a92d-7b8c253bc507,Angel Luis Cool chica,2025-10-23,5,muy interesante,positivo,com.whatsapp,,,0
c226c533-3eb3-4d5a-ad43-02b75f169b8b,Maria Morales,2025-10-23,5,buena,positivo,com.whatsapp,,,0
6eee00d6-eb8f-4c2b-acff-b0e89f4691be,Tito Pisango cahuachi,2025-10-23,5,me gusto,positivo,com.whatsapp,,,0
65bb9e85-2086-4913-ad87-fbeb5497ada1,Liosdany González,2025-10-23,5,me encanta,positivo,com.whatsapp,,,0
98cb16da-53ae-4ab6-874e-e2daf374fb5c,Norma luz Martinez castilla,2025-10-23,4,buena me gusta mucho,positivo,com.whatsapp,,,0
669c5d0c-d42c-4f1d-89a1-708d52a1b430,erika ruiz,2025-10-23,1,me está bloqueando mi inicio de sesión,negativo,com.whatsapp,,,0
c47afb9d-d73f-4dbf-a471-2948bd2af88a,Roger Poot,2025-10-23,5,mi opinión es un buen información y una buena empresa el k está en este proyecto mi ipinio es una buena empresa,positivo,com.whatsapp,,,0
1d6c0999-15d8-4d10-b153-00bfcfd38a82,ALCEDO DAMIAN,2025-10-23,5,"Excelente app, es un gran medio de comunicación que sirve para poder comunicarnos con personas lejanas o cercanas.",positivo,com.whatsapp,,,1
e4181430-1e75-48a1-8429-6a60b60b06b4,Devis Gabriel Cantillo Ortega,2025-10-23,5,lo mejor,positivo,com.whatsapp,,,0
c6baeea9-0ff7-42c5-a7c1-94003ae1a89d,Joshua Hughes,2025-10-23,5,excelente trabajo,positivo,com.whatsapp,,,0
da84ff3a-cfc3-4ea0-b02c-914a994f8ed3,Miguel Ramirez,2025-10-23,3,"tengo un problema. Hay un chat que no puedo escribir ni subir la conversación. Ya desinstalé y volví a instalar WhatsApp, pero sigue igual. Necesito ayuda",neutro,com.whatsapp,,,1
dc120272-c010-49e2-9fa9-630be6fb5b8f,Domingo Valenccia,2025-10-23,5,es bueno MUI bueno,positivo,com.whatsapp,,,0
e90a590b-56de-48eb-be86-97cb44f6dd6b,Miguel Flores Muñoz,2025-10-23,5,siempre me envías eses mensaje pero Yo siempre desconfío porque hay muchos estafadores,positivo,com.whatsapp,,,0
eb047f9a-d3c2-4291-a435-51830c46dacf,Pablo Hernández,2025-10-23,5,muy buena,positivo,com.whatsapp,,,0
66489d58-6d41-4fc9-affa-c51eab7cb1cc,Ángel Adolfo Rivera Lares,2025-10-23,5,muy buena aplicación 👍,positivo,com.whatsapp,,,0
f024ebf4-24a7-4ccc-af99-6cce2c0e6a0a,ANA AIDEE Carrasco,2025-10-23,4,muy buena 👌 👍,positivo,com.whatsapp,,,0
b92641e8-3806-4f9b-8163-9ed27e459f4c,Renato vargas,2025-10-23,5,pero no puedo entrar,positivo,com.whatsapp,,,0
4e00cb9a-3d39-453e-912e-35baa02320e8,graciosa,2025-10-23,5,muy buena.. para el manejo rápido de información,positivo,com.whatsapp,,,0
1ac0da0b-6985-4c4c-aee4-db86216f9969,Johana Castrillon,2025-10-23,5,1000 de mil,positivo,com.whatsapp,,,0
b81e23b9-0f66-4af0-ad26-b46225ce5741,Atilio Lopez,2025-10-23,1,porque tarda tanto en actualizar,negativo,com.whatsapp,,,0
0b9d6efb-1cac-443a-8975-89442515a942,Nataly Zecua,2025-10-23,5,la mejor aplicación,positivo,com.whatsapp,,,0
0c9b4d34-3ff2-4ba0-ae0a-5785477437b9,Josedelacruz Pérez vidal,2025-10-23,5,eres mejor,positivo,com.whatsapp,,,0
e9ee7911-4b33-4317-b8f8-a5a542d609a8,Alejandro,2025-10-23,1,"WhatsApp era simple y genial, pero ahora parece una red social disfrazada 😒. Fondos con IA, música en los estados y filtros para videollamadas… ¿de verdad hacía falta todo eso? En vez de mejorar lo básico, la llenan de cosas inútiles. Ya no es una app de mensajería, es un laboratorio de funciones que nadie pidió. 🙄",negativo,com.whatsapp,,,316
ff2d514c-a1be-4e6e-acf0-32635618e3e1,Freddy Garcia,2025-10-23,4,Perfecto!,positivo,com.whatsapp,,,0
bc2fb798-539f-415d-9fa7-8a91ebd7c182,Esteban enrique leyba,2025-10-23,5,Es muy buena de verdad,positivo,com.whatsapp,,,0
7db7249e-838b-412f-869d-0ddbcaf6d28d,Angel marica Gutiérrez,2025-10-23,5,angel Gutiérrez,positivo,com.whatsapp,,,0
487e210f-5018-45bc-977b-8762d06c5a4c,Guadalupe Diaz,2025-10-23,5,me encanta!!,positivo,com.whatsapp,,,0
d99ba65c-914c-4224-90c3-08ed964c101c,Jose Royero,2025-10-23,5,La mejor!,positivo,com.whatsapp,,,5
771fa1f1-0397-4044-9716-9da0909031fc,Remigio Salvatierra,2025-10-23,5,José,positivo,com.whatsapp,,,1
42c042e4-39bc-42ae-9d55-4f524488d6ae,Adrián Castellanos,2025-10-23,4,excelente gracias,positivo,com.whatsapp,,,0
635d0ea5-dff1-489e-ac49-bbfdfeaa392b,Sergio Andrada,2025-10-23,5,buena o muy buena,positivo,com.whatsapp,,,0
1883222a-d464-48aa-ab4a-c65992e35967,Valeria Dornell,2025-10-23,1,"no funcionaban.las notificaciones de los msjs hice todo lo que me dijeron y seguía igual hasta que tuve que desinstalar. hice la copia de seguridad me dijo copia hecha y desinstale, resulta que nunca hizo la copia aunque me dijo que si, y perdí todos los datos! un desastre!!!",negativo,com.whatsapp,,,1
d1100a0c-1d77-4022-aaf9-5b494dd8f82b,maria valenzuela,2025-10-23,5,Excelente,positivo,com.whatsapp,,,0
ce0b7714-54eb-4dd9-9cce-f7e5930b692d,Jennifer,2025-10-23,5,Me gusta mucho,positivo,com.whatsapp,,,0
3ded3fd4-eee5-40fa-9470-433b436a04e4,Sergio Burciaga,2025-10-23,3,"Me gustaría que se pueda mandar fotos, videos en la mejor calidad original",neutro,com.whatsapp,,,0
94eeddfa-8398-4ed9-9a24-f5f22b499142,Laura valentina Rodriguez,2025-10-23,1,no es el whatsapp oficial,negativo,com.whatsapp,,,0
93044ae1-ccca-4407-8fc2-a2b474a99e3e,Un usuario de Google,2025-10-23,4,Con fallas en la actualizacion,positivo,com.whatsapp,,,0
3a7a1c22-9e97-4ac4-8130-4233f69f4e1e,Yorleni Pamela,2025-10-23,1,no me sale meta Al y yo ya lo actualize,negativo,com.whatsapp,,,0
7a420440-7c90-4784-bfd3-a56c3d4e3799,Angel leon,2025-10-23,5,bien,positivo,com.whatsapp,,,0
89d2a037-fd1f-470b-9840-a355d984fe42,Nora Flores,2025-10-23,3,deberian de tratar de poner mas opciones,neutro,com.whatsapp,,,0
0640563a-b752-4786-bd82-0a3054c4f05a,Maria Guadalupe Cortez Rodríguez,2025-10-23,5,cuenta,positivo,com.whatsapp,,,0
06d98fc3-2a51-4e5b-b416-300709ec6057,Hugo Rivera,2025-10-23,5,buenas tardes. te cuento lo q pasa es q me robaron el WhatsApp y no puedo usar el WhatsApp por falta de q me llame. para el codigo,positivo,com.whatsapp,,,0
d0b4ec39-6c67-4ffe-a5ed-f87a992e914d,Sergio,2025-10-23,3,el arte del calzado artesanal,neutro,com.whatsapp,,,0
e822feb1-e9eb-47d2-b91c-1932fc216a8a,Jose de la cruz Sepeda quesada,2025-10-23,5,hola y ven mi hola magnifico,positivo,com.whatsapp,,,0
f35291c2-2784-4757-9542-3a2e2b91891d,Gabriel Aihara,2025-10-23,4,"me gusta WhatsApp y todo pero ahy unas palabras que quiero buscar de un chat que tengo de hace años y me dice"" no se encontró"" y cuando la busco por calendario si aperece pero cuando escribo la palabra es como si no existiera arreglen esos errores porfa",positivo,com.whatsapp,,,0
72c9a8b1-306e-4786-86c1-bff286671164,Brayan Rivera Flores,2025-10-23,5,Es muy bueno,positivo,com.whatsapp,,,0
a723cfa5-5986-4167-87f3-ec2f1a4a36c7,Idalia Menendez,2025-10-23,1,nosirve,negativo,com.whatsapp,,,0
d5e149a3-f4b7-4b77-81e9-f6a3bf2b6c8d,Geiser Terrero,2025-10-23,5,Esta Aplicación es muy buena y biologíca gracias a esta podemos comunicarnos con cualquier humanos por eso le doy a esta apk 5 ☆.BYE,positivo,com.whatsapp,,,0
61c83ab5-0a1a-42a3-8e30-14ce932905bb,Felipe Butron,2025-10-23,5,Muy bien,positivo,com.whatsapp,,,0
8f0db871-821d-45c4-afe6-dc0b83ba934c,Marilyn Santiago,2025-10-23,5,me encanta,positivo,com.whatsapp,,,0
9b21b145-ae4d-4d00-a973-36b2f788a84f,Dalia Hernández,2025-10-23,5,perfecto gracias,positivo,com.whatsapp,,,0
18e3f36d-4745-4efb-ad68-da7119419b37,River ROY Ventura cunyas,2025-10-23,5,buena app,positivo,com.whatsapp,,,0
c99e2f77-beb9-407a-af18-3ac434506fd0,Freddy Hernández,2025-10-23,5,buenas tardes,positivo,com.whatsapp,,,0
3ff81425-4195-4c3e-9932-b3b4631d6770,Armando Ledesma,2025-10-23,3,no me gusta esto,neutro,com.whatsapp,,,0
ce589d11-b71a-42d0-9fef-f25d7984ab66,Dan Muñoz,2025-10-23,5,la aplicación nunca se actualiza correctamente y pierdo todos los datos que tenía incluso si los guardo. paren de actualizarlo o arreglenlo.,positivo,com.whatsapp,,,0
a28eb822-5d4c-41c5-80bc-c891a62bbfbe,Lucila Martinez,2025-10-23,5,lo mejor,positivo,com.whatsapp,,,0
1784a0a7-1344-478f-a0e0-a36b31b1ceee,Yamile Colon,2025-10-23,5,ok,positivo,com.whatsapp,,,0
3bc3dc9c-4ef7-42f7-b83a-e2850474fe11,Enrique Principal,2025-10-23,5,buena y no lee tus chats la recomiendo,positivo,com.whatsapp,,,0
8b5f7349-4ca2-42fd-be1f-41666baa6810,Julia Giron,2025-10-23,5,Normal,positivo,com.whatsapp,,,0
475c08d1-86e2-4f87-a0b4-21ae9ccdc01d,Liannis M,2025-10-23,3,"genial si a la hora de crear stickers no estuviera ese borde blanco y el cuadrado no quedará tan pequeño, y que cuando borres los mensajes a la gente no le alcance leerlo v:",neutro,com.whatsapp,,,0
7cc394ba-93ff-4020-aae6-d856c9e7ad25,Feliciano Perez,2025-10-23,5,entra mi llamada y video llamada sin interrumpir ningun minuto buena aplicación,positivo,com.whatsapp,,,0
53a1a441-383a-45f7-bac9-8e2a33177de8,Barbara Yadira,2025-10-23,5,Belen Mencanta,positivo,com.whatsapp,,,0
f51c6479-3136-4b5c-9399-c57772d77219,Jesus Moises Ochoa Muñoz,2025-10-23,5,buenísimo..,positivo,com.whatsapp,,,0
807858e7-d814-4359-b143-d4689d4a005c,Keidymar Torrez,2025-10-23,1,la app es muy buena no me quejo solo que los estados están muy distorsionados y es algo muy malo para saber cuál fue el primer estado y el último entre tantos quiero resultados por favor sigo esperando,negativo,com.whatsapp,,,2
43ee131b-098f-42ba-8433-ae51f165bb52,Jose de Jesus Moreno Velazquez,2025-10-23,1,"Me marca error en transcribir audios, lo tengo activado en automático y cuando selecciono la opción de transcribir no se puede porque se ""desactivó"" la opción sin que yo lo haga.",negativo,com.whatsapp,,,1
dc86149a-ccb1-4143-afd6-8b6f01692ed7,Deissy Vasquezz,2025-10-23,4,bien,positivo,com.whatsapp,,,0
9a003848-34d2-4d7f-8f32-b78cf7039e84,deni Alexander,2025-10-23,5,porque parece que se me reinició el número y no puedo ponerlo en el teléfono,positivo,com.whatsapp,,,0
d913bc4b-5253-4694-ba7b-53adb9f80b94,Nicol Rodriguez,2025-10-23,5,me sirve mucho,positivo,com.whatsapp,,,0
21b02dd1-53ee-451e-9a01-5cbac081e733,Luis Javier Soliz Ruiz,2025-10-23,5,muy bueno,positivo,com.whatsapp,,,0
834720ee-167a-4486-bc0e-b8b3fa257fdc,Maria Alexandra Paniagua,2025-10-23,5,es para hablar,positivo,com.whatsapp,,,0
6df1b21f-f8ba-4dbb-986b-885a40485433,Patricia Belén Díaz Vega,2025-10-23,5,me gusta estar conectada,positivo,com.whatsapp,,,0
0f4ac1f0-4348-463d-97f0-a00349c8012b,Frank Gonzalez,2025-10-23,5,Excelente,positivo,com.whatsapp,,,0
56f7fb65-8009-4c03-b878-9087bb45c2df,Emanuel Beuth Hernández,2025-10-23,5,"Excelente aplicación, pero tengo una sugerencia: Sería genial que WhatsApp permitiera borrar mensajes, audios, llamadas y videollamadas sin mostrar el aviso “Se eliminó este mensaje” y sin límite de tiempo, además de ampliar el tiempo para editar mensajes, y que en el chat personal eso sea de tiempo ilimitado. ¡Esto mejoraría mucho la privacidad y haría que WhatsApp fuera tan flexible como Telegram! ¡Ojalá lo implementen y mejor aún pronto!",positivo,com.whatsapp,,,0
8075348c-6a8c-406e-8d5c-b7f183db5a60,Corana Angono,2025-10-23,4,Me gusta,positivo,com.whatsapp,,,0
9b9f2b38-c447-4249-b1c2-28d31d3fff84,cristian barboza,2025-10-23,1,una porquería no me suenan los mensajes,negativo,com.whatsapp,,,0
add016da-c321-4f07-a627-d56ee51fdde2,Carlota Pérez Monroy,2025-10-23,5,"soy Adoradora Nocturna,y deseo conocer y entregar mi vida espiritual a mi Dios Uno y Trino, gracias porfavor espero respuesta.bendecido día .",positivo,com.whatsapp,,,0
107dbb25-1bee-4a40-881a-a9cfc8cb3e32,Joaquin,2025-10-23,5,buena aplicación,positivo,com.whatsapp,,,0
76a3b46e-bbe8-43d9-9a09-1beb704e07e1,Arturo Quiñones,2025-10-23,5,es super,positivo,com.whatsapp,,,0
8aeec823-0f5f-46a4-9036-ce09ccd13e31,Keidy Angarita,2025-10-23,3,"le doy 3 estrellas llevo una semana con problemas la verdad nunca me había pasado algo así, los audios no se envían los mensajes de texto si en cambio los audios no y pensé que era la conexión a wifi y resulta que no es la app la estoy actualizando a ver si así se compone",neutro,com.whatsapp,,,0
41d8a651-47b6-4df5-8980-1417f22a3197,Oliver Duque Mojarro,2025-10-23,2,"Una app anticuada y muy básica en cuanto a opciones. Una cosa tan simple como bloquear todas las llamadas entrantes, por ejemplo, no está. Me quedo en Telegram...",negativo,com.whatsapp,,,0
a6f4abd8-2e62-4a4d-9adb-4709afc71cb5,Alex Damiam,2025-10-23,1,no se por que me ackearon,negativo,com.whatsapp,,,0
46c97c56-9849-465a-ab0b-9b917f3289e8,Zamara Vilca,2025-10-23,5,zamara vlica,positivo,com.whatsapp,,,0
ed805d16-f3bf-458c-a5e3-7169502d26c9,Paco Vindi,2025-10-23,5,bien servicio,positivo,com.whatsapp,,,0
99d61a6d-c836-452a-9ac0-58bdcd69bb17,Ramón Amukue Nchana,2025-10-23,5,Me gusta,positivo,com.whatsapp,,,0
12272a36-d913-45ad-8c9d-26769d01fa0d,Odel Mendez,2025-10-23,5,Amo la app,positivo,com.whatsapp,,,0
87256a5c-b738-4050-a322-15f19c953a6a,Sigfredo Baires,2025-10-23,5,para mí es un servicio excelente más no c puede ya q las otras compañías del ramo dejan mucho q desear ok BENDICIONES Y éxitos.,positivo,com.whatsapp,,,0
d9468e2e-1740-404e-af45-34ee3f56ed4d,Sofia Soria Galvarro Vargas,2025-10-23,4,es muy importante y otli,positivo,com.whatsapp,,,0
efbc3f63-cec1-4261-afcc-bf62e8ec6368,Lina Reynoso,2025-10-23,5,no puedo usar mi cuenta en WhatsApp que paso,positivo,com.whatsapp,,,0
349d4587-ad32-4a49-84bd-c95e5b19d40d,Jhonny Pillco,2025-10-23,5,Es buena,positivo,com.whatsapp,,,0
7842277e-a36c-416f-8892-f817cc867129,Gerardo,2025-10-23,5,me gusta,positivo,com.whatsapp,,,0
6dff54c8-96b4-44a0-95bd-24a7dd123fae,Valentina de las Mercedes García López,2025-10-23,5,muy buena aplicación muchas gracias,positivo,com.whatsapp,,,0
906c5b82-bbb8-40f8-9f46-070bee5a72ff,Enya Alex Robin,2025-10-23,4,"supongo que está bien, como sea,",positivo,com.whatsapp,,,0
7fce3e73-01bf-4065-b97b-30ded65f8dfa,Oscar Nunez,2025-10-23,5,buena,positivo,com.whatsapp,,,0
80168a56-9312-420a-8cc2-1d911495d8b2,Orlan Rivera,2025-10-23,3,"3 estrella por qué últimamente se bloquea mucho 😡sin razón alguna,sale dizque por spam,sin ser así.",neutro,com.whatsapp,,,0
b0c51217-4a6c-4a94-bb19-0b4626aa1838,Catalina Toyal,2025-10-23,5,muy buena me encanta,positivo,com.whatsapp,,,0
2b19ce17-0e67-465e-aa63-9c7522f3f569,Rosa Espino Diaz,2025-10-23,5,excelente,positivo,com.whatsapp,,,0
e1e69c30-6449-448b-bf4f-331e412cfdf2,Cristian Pazo Rojas,2025-10-23,5,buena,positivo,com.whatsapp,,,0
d6c618b2-5d00-4d71-88ba-5c4012d33cc5,Nisha,2025-10-23,5,"app toda god,pero porque chingados vuelven a bajar el tiempo de estados a 30 segundos estaba bien que fuera minutos :v",positivo,com.whatsapp,,,0
b2fcd42f-4765-4e8f-b7f9-93456bab8412,Marcedes Diaz,2025-10-23,5,Buena,positivo,com.whatsapp,,,0
fe69ce3d-e01f-4970-bad3-e9b097ccb44a,hernancito sosa,2025-10-23,5,bien,positivo,com.whatsapp,,,0
86a92975-dfff-4329-8202-f2a62f08fa58,Ana maria Giraldo,2025-10-23,5,muy buena,positivo,com.whatsapp,,,0
32703a9c-6444-4a6d-87d2-7d4d63be2190,José Figueroa,2025-10-23,5,excelente,positivo,com.whatsapp,,,0
052ef8d6-6965-4a83-bdec-c8d7907b4a0c,Guadalupe Ramírez García,2025-10-23,5,Es muy buena.,positivo,com.whatsapp,,,0
ef3c4926-a438-4734-b1eb-64ea42177114,Rafaela Olivares,2025-10-23,5,llevo 8 días seguidos que me bloquearon la cuenta de WhatsApp,positivo,com.whatsapp,,,0
d28af5c6-d597-4c25-a98c-efa9503dedf3,Emiro Rios,2025-10-23,5,muchísimo mejor muy buena,positivo,com.whatsapp,,,0
a21ff861-2ea6-4cca-95bb-80a0daa9d49c,José Cordova,2025-10-23,4,me parece bien,positivo,com.whatsapp,,,0
17589094-2d0d-44ee-9a34-856191dbe754,jardin bumblebee,2025-10-23,5,Buena conectividad seguridad privacidad,positivo,com.whatsapp,,,0
ad2fed0f-aa0e-477e-b86f-b51e77df29ab,Rosa Saenz,2025-10-23,3,"no quiero agregar numeros de WhatsApp como contactos , solo quiero hablar con ellos para consultas , pero esa opción ya no permite",neutro,com.whatsapp,,,0
434c83a2-fa7e-440e-acc9-e604fbaee4d7,Doris Valeriano,2025-10-23,1,no funciona a mí me bloquearon mí cuenta sin motivo alguno,negativo,com.whatsapp,,,0
3a60f5ff-ea75-4344-9ce8-3ab687135d9a,Ludmila Conchi,2025-10-23,2,muy hermoso,negativo,com.whatsapp,,,0
4964a39f-a51c-4c4f-a9ad-7e3da1cb34d4,Cristo Salim Feo Ramírez,2025-10-23,5,hace poco perdí mi cuenta de Google y no pude recuperar ni siquiera los números de WhatsApp. es lo único malo que tiene.,positivo,com.whatsapp,,,0
b92f924d-7755-4286-be6f-f37144f51143,Jose Luis Rojas Trejo,2025-10-23,5,bien,positivo,com.whatsapp,,,0
355d9736-a2a7-4ceb-8454-1d4fc30fb45b,Hugo Robles,2025-10-23,3,buena imagen,neutro,com.whatsapp,,,0
eaf64f00-7bd6-449c-b33e-7f96aa2b346e,Jefferson Hurtado,2025-10-23,5,exelente,positivo,com.whatsapp,,,0
6e2d7a9f-dcea-474a-86ec-b4d295fc9444,Darisbel Lapalma,2025-10-23,5,me encanta,positivo,com.whatsapp,,,0
35a87034-751b-4810-b432-24c0777f6263,Carlos Narvaez,2025-10-23,5,Excelente.. !!,positivo,com.whatsapp,,,0
7e554123-0f7c-4280-9192-9c0a8e4403e1,Familia Padilla,2025-10-23,4,por que me sale la foto de otro contacto a un un contacto diferente,positivo,com.whatsapp,,,0
4b3097d5-e920-436e-ac33-7677c5fcde65,Yoelkys Alejandra,2025-10-23,1,la app es buena pero le faltan cosas como por ejemplo mas ajuste de diseño personalizado. guardar los estados. y poder interactuar con otras personas sin mostrar numero telefónico.,negativo,com.whatsapp,,,0
9acc7e16-cadd-408c-ad0b-195277cdebc5,Adela Eva Perez,2025-10-23,1,"Gracias, por recibir un obsequio de esta bella familia.",negativo,com.whatsapp,,,0
686e9e10-e037-4117-a2f6-742bc1176692,Shirley Solis,2025-10-23,5,Genial ahora la nueva actualización!!!,positivo,com.whatsapp,,,0
be57fd9e-d3ce-4f2c-be8e-cc0f73e76f4c,Carlos Ariel Castañeda,2025-10-23,4,grandes cambios excelente,positivo,com.whatsapp,,,0
16fbbfdb-4cea-4582-a756-47945407beb5,Irene Flores,2025-10-23,5,bien,positivo,com.whatsapp,,,0
da5627bb-118f-4654-997b-2c5118b8cf32,Albis Romero,2025-10-23,5,excelente,positivo,com.whatsapp,,,0
52bcb3b3-7cd7-44b5-8ee0-ac53c63e5b2b,Harold Rodriguez,2025-10-23,1,"cuando no incluyo a los conctactos para q vean mis estados, se desconfigura la app, por favor mejoren su app",negativo,com.whatsapp,,,0
8ded67ef-720e-4679-93be-aa80844f00bd,Maria Flores,2025-10-23,1,instalarme WhatsApp,negativo,com.whatsapp,,,0
8ff97a3b-8808-4bf5-a3fa-fdfb8542f6f3,Elizabeth Sandoval,2025-10-23,5,ganar mucho,positivo,com.whatsapp,,,0
6c30241f-fcf5-4bde-8296-11a12c93b970,Edinson Hernandez,2025-10-23,3,muy bien,neutro,com.whatsapp,,,0
c4f70cca-552c-4080-b4ad-6c0f9d7255a9,Alma Miriam Vargas,2025-10-23,5,muy cautivador,positivo,com.whatsapp,,,0
14a700d2-6f60-41f9-a993-b4b6a46c0a02,ale,2025-10-23,1,la videollamada es un desastre.....,negativo,com.whatsapp,,,0
74bc3776-7e4f-471c-a943-413ab8fc78bf,Skledy Lopez,2025-10-23,5,me encanta y me mantiene informado de mis contactos es fabuloso,positivo,com.whatsapp,,,0
7b4e0c8e-d80b-46bb-a712-53d52fcdfa40,Jose De Jesus Hernandez Cuadra,2025-10-23,5,Lo bueno de este medio q las llamadas son PRIVADAS 100%,positivo,com.whatsapp,,,0
4554d40b-df36-473f-8040-72a48fe2d491,JAIME ELIAS SIERRA ORREGO,2025-10-23,5,excelente,positivo,com.whatsapp,,,0
748f1fd2-1dda-4dc1-880b-9b9ba74e6ec5,Antonia Moctezuma,2025-10-23,5,ame la aplicación solo que estaría mejor sacarle cap ala foto de perfil JAJAJA,positivo,com.whatsapp,,,0
1e236476-0624-403a-8ed5-4939af88ac80,Sandroi Rojas,2025-10-23,3,Mala conecion,neutro,com.whatsapp,,,0
b39fe136-7918-41bb-8b41-e3b39d3e6be0,Yanelita Atapoma,2025-10-23,5,"nd de otro mundo , pasable",positivo,com.whatsapp,,,0
2863e144-1bbc-4ae0-8f7b-1ee1eff7aec9,Damaris Lopez,2025-10-23,5,"buena muy buena,gracias a Dios por esta app",positivo,com.whatsapp,,,0
a0ba9a23-2449-4d69-991b-97c36b2b5f69,Francisco Alcorta,2025-10-23,5,buena,positivo,com.whatsapp,,,0
398ae3a9-09af-429c-a0ed-98a6b99f40cd,Julio Roman,2025-10-23,5,NO TENGO EXPERIENCIA DE .,positivo,com.whatsapp,,,0
1b70443e-26c1-47f7-8731-4bc2ff8e9b33,Felipe Mira,2025-10-23,5,perfecto,positivo,com.whatsapp,,,0
0e9d5bb5-6310-4a54-8816-85f342168f43,Ninfa Oralia Salgado Cirilo,2025-10-23,5,buena app,positivo,com.whatsapp,,,0
0e2193f3-2094-4bfb-a6c8-2b7412b990fa,Rodrigo Velasco Diaz,2025-10-23,5,excelente cambio de información,positivo,com.whatsapp,,,0
25f0f2a4-47c9-4e50-a8a0-2158167dba62,Rosana Menesses,2025-10-23,5,mama,positivo,com.whatsapp,,,0
7a7a6b95-73d9-4a1a-a747-231f2d7a7544,Antelmo Mora,2025-10-23,5,fue muy sencillo,positivo,com.whatsapp,,,0
b6a3bfda-8e33-4c2e-af23-071c730cd403,Maria Vasquez,2025-10-23,5,Es eselente,positivo,com.whatsapp,,,0
195c70fe-f56c-4d18-9564-5d316f2cffc1,Gudiel Arias,2025-10-23,5,exelente,positivo,com.whatsapp,,,0
2dab2ef6-29b2-4c89-a3ce-61ddb928d869,Adrian Mendez,2025-10-23,1,cambio de interfaz estaría bueno.,negativo,com.whatsapp,,,1
a5489b6b-5bf3-4eff-9c9c-816f26ff7c55,Khadouj Khadija,2025-10-23,5,OK,positivo,com.whatsapp,,,0
79b3ad02-e5da-4540-ba2b-eac78b17e705,Micharra Hill,2025-10-23,5,Bueno,positivo,com.whatsapp,,,0
113e8456-f9d0-4e61-8765-0874fab03d41,Dervis Briones,2025-10-23,5,ok,positivo,com.whatsapp,,,0
edb92b6b-a6a1-42ad-bc5a-b4db41136bd5,Martin Alejo,2025-10-23,5,exelente,positivo,com.whatsapp,,,0
531cb0bb-9792-4f25-9ae9-bd2700fa4ea1,Moloteco Cagalera,2025-10-23,4,nose xd,positivo,com.whatsapp,,,0
f127224f-5b5b-4cc0-b3f2-ddc08856533b,Yeison Quiroz,2025-10-23,4,"Sería bueno actualizar la app de manera que puedas ocultar tu número de teléfono en el perfil, así como se puede hacer en telegram también, sería buena opción.",positivo,com.whatsapp,,,0
d19d7f22-603e-4be1-9fd0-286fc321d150,ana javier alva,2025-10-23,5,Me gustaría saber como hacer para cambiar el nombre de Ana Javier que me obsequio este celular y pasar a mi nombre porque soy la nueva dueña . gracias bye,positivo,com.whatsapp,,,0
e384c9ef-12c7-4084-ab08-3249bc367336,Alan Ferreyra,2025-10-23,1,mucho por mejorar,negativo,com.whatsapp,,,1
06d1ec27-bc9f-4efc-b887-a54dee68c7f8,Daniel Bustamante,2025-10-23,5,muy buena! estaría genial mas emojis,positivo,com.whatsapp,,,2
ccc40367-5b7c-41bd-8dbb-55a2f07efee8,Iker karim González Hernández,2025-10-23,5,realmente es muy buena aplicación pero lo malo es que no hay un traductor para los mensajes de voz,positivo,com.whatsapp,,,0
8e956fa3-9b13-428d-bc32-0c391835f4fd,gpnw llc,2025-10-23,5,chulada,positivo,com.whatsapp,,,0
b31a540e-70fb-4579-ab70-0f96d95e2e81,Jonathan López,2025-10-23,1,"Podría mejorar la interfaz del chat, al enviar un mensaje que tenga alguna animación al aparecer (enviar) el texto en el chat, alguna transición suave, o agregar como en ios ese difuminado en los nombres del chat.",negativo,com.whatsapp,,,5
5dee0b15-ad50-4370-82d4-1f710a5b18c2,Jorge Horacio Romero,2025-10-23,4,muy buen servicio,positivo,com.whatsapp,,,0
f0bf94ff-0f8f-4a02-83c4-90eaa8580702,Maria Barrera,2025-10-23,5,excelente,positivo,com.whatsapp,,,0
e0e37d8c-582b-40aa-8803-d9cd18f68990,Allison america,2025-10-23,1,La verdad es muy buena pero ya no es la misma app de antes 😔,negativo,com.whatsapp,,,0
c42b330b-dd94-491a-bcd2-c7321849eace,Pablo Oro,2025-10-23,2,"Resulta que tenía una pequeña colección de sticker mediando app externa, y ahora estan desparecidos. Busco para añadir en la parte ""Mis Stickers"" NO carga nada, se queda tildado, nada funciona.",negativo,com.whatsapp,,,2
228af258-6e15-4fb0-b894-6aa5862e9b19,Martha Despaigne,2025-10-23,5,Muy bueno el servicio,positivo,com.whatsapp,,,0
58f6caa3-c5a4-4d8a-bc34-d904f63bfdbf,John Lumbí,2025-10-23,5,Outstanding,positivo,com.whatsapp,,,0
979d9e1c-974e-46fb-ba81-092172e3f72d,Isela Gonzalez,2025-10-23,5,super,positivo,com.whatsapp,,,0
d93aa148-6963-4cd3-becb-149401bb4f6c,Tomás Mariano R.G,2025-10-23,1,"Si no entro a WhatsApp no me llegan ni mensajes ni llamadas, esto es grave si hay una emergencia no me entero de lo que pasa. Solo al entrar a la app aparecen de golpe todos los mensajes y llamadas como si estuviera recién conectandome a internet. Necesita una Solución inmediata.",negativo,com.whatsapp,,,0
5c592f34-9d3c-4500-baf7-b42f88a863bd,Jesus Garcia,2025-10-23,5,excelente,positivo,com.whatsapp,,,0
59c84bde-9851-4f42-86ef-cae332491c49,Thomas villegas,2025-10-23,5,ta piola el wasap osea te sirve pa todo,positivo,com.whatsapp,,,0
1d410095-ea06-40a9-9c2a-1c551426ab0b,Julio Mayorga,2025-10-23,4,muy buena,positivo,com.whatsapp,,,0
37a53896-6696-4b0f-aa77-e7438019e561,Leonila Salvatierra,2025-10-23,5,rápido seguro,positivo,com.whatsapp,,,0
07fa6efa-57d8-40ea-ab26-315b7c94ee87,Brayan Alexis Cobos Pacheco,2025-10-23,5,Es lo mejor,positivo,com.whatsapp,,,0
936b5ca1-c736-4041-ab04-96c8c1c73ed7,Lucas Mejias,2025-10-23,5,muy buen servicio,positivo,com.whatsapp,,,0
43b05c32-f327-4c9b-ac80-27d17f9c3a56,Carlos Granillo,2025-10-23,5,puedo mensajear mucho,positivo,com.whatsapp,,,0
40a00d0a-d868-4efb-b659-ca6af844a285,Rebeca Tarazona,2025-10-23,4,"Sería bueno que en fotos de perfil tenga la opción de poder colocar un vídeo corto como perfil, ya sea ""foto o video de perfil"" aparte del avatar claro.",positivo,com.whatsapp,,,5
e360e157-0bb4-4767-923f-6d0198e93efe,Adan Martinez,2025-10-23,5,buena,positivo,com.whatsapp,,,0
fc4794d7-0510-413e-93f0-dfd78675c57e,Jose ramon cuauhtemoc Caro silva sierra,2025-10-23,5,me gusta.,positivo,com.whatsapp,,,0
53a8edf9-02d0-4461-8b74-9250c6386127,daisy daisy,2025-10-23,5,es genial,positivo,com.whatsapp,,,0
87564b73-2677-4100-9c3f-c794773db3f6,mary gonzalez,2025-10-23,5,excelente,positivo,com.whatsapp,,,0
22f33c3a-1ea6-4150-a5fd-d24d83093b61,Cristina o Garcia,2025-10-23,5,excelente,positivo,com.whatsapp,,,0
a0aca358-be54-4c17-9c8c-4fd96ceb545a,Angelica Elisabeth Palma De Pereyra,2025-10-23,5,fantástico,positivo,com.whatsapp,,,0
efc12035-d103-4420-8be2-52d4b7b25b00,ÁNGEL GTZ,2025-10-23,1,"En la foto de uno de mis chats, me aparece más bien como un icono de agregar estado, en vez de su foto... Y si me meto a su chat o a su perfil si veo la foto que tiene. Más bugs en WhatsApp?",negativo,com.whatsapp,,,2
85cb4268-0b1b-4985-b0bc-388780212ba7,Luis Rojas,2025-10-23,5,muy pronto y rápida,positivo,com.whatsapp,,,0
3a98067d-f91b-4e46-84ea-533e65657191,MILAGROS Guacaran,2025-10-23,5,exelente publicación,positivo,com.whatsapp,,,0
923ec456-d6e9-462c-b03e-30c864980fc7,vannesa Pabon,2025-10-23,1,al principio de la actualización de permitir compartir me salía y ahora así actualice o desinstale o instale ya no aparece,negativo,com.whatsapp,,,0
d63ba8a0-e32c-4ee2-8d79-9dc1b9189531,Juancho Garcia,2025-10-23,4,buena,positivo,com.whatsapp,,,0
e1070d56-49eb-4702-a437-c2447fcb0c91,liliana ruiz ramos,2025-10-23,5,Es muy agradable el uso de la tecmologia.,positivo,com.whatsapp,,,0
0d2fe02c-148a-4102-a4ac-a9c7adc9a03e,Laura leticia Del valle,2025-10-23,5,bien rápida y se escucha suuperbien,positivo,com.whatsapp,,,0
ba20c970-210e-46b6-bcf8-fa7fb1ae2421,Marina Martinez martinez,2025-10-23,5,buena,positivo,com.whatsapp,,,0
107feb7d-39fd-4192-ac50-894a3518eb4a,Joaquin salgado Flores,2025-10-23,4,muy bueno,positivo,com.whatsapp,,,0
cfbae2cf-ae90-4f9c-b654-c05285464e21,Antenor Pellizer,2025-10-23,5,MUI MUI entendimiento dios da no elermano antenor pellise,positivo,com.whatsapp,,,0
0d89391a-512b-4cc2-a107-c4e352b4b878,Olivia Ortiz escobedo,2025-10-23,5,.muy bueno,positivo,com.whatsapp,,,0
ccca8bc3-6f16-4f71-910d-4306fbf9eda2,Fernanda Tapia manjares,2025-10-23,1,venció y no me puedo meter a Whatsapp,negativo,com.whatsapp,,,0
01a29270-6691-4371-a764-9fd2125c6a19,Thomas Gomez,2025-10-23,4,buenisima app pero la ultima actualizacion cuando quiero mandar una selfie sale mi cara cortada,positivo,com.whatsapp,,,0
dcbbbfcf-db59-4e1e-859b-08a7cc4458b5,Fernando Gonzáles,2025-10-23,5,es hermoso la variedad de cosas que se pueden hacer ¡Pero esto es inigualable!!!,positivo,com.whatsapp,,,0
01333a5a-c439-412c-96e2-cd86c215d34c,Jeiliandra Leon,2025-10-23,1,"todos los días me quitan mi cuenta de WhatsApp por la noche me la reponen y en el día me la quitan, sean serios yo soy estudiante y necesito acceso a mis grupos de estudio dejen de juego y devuelvan mi cuenta de manera definitiva o quitenmela pero dejen su juego",negativo,com.whatsapp,,,0
ce622d03-7be9-40dc-a8e6-5b1a0783ca2c,Yanine Sosa,2025-10-23,3,Últimamente el WhatsApp se viene trancando mucho hasta que se me cierra la aplicación cuando voy a entrar a algun chat o mandar foto,neutro,com.whatsapp,,,0
11cfd007-69ec-486c-8884-922579a16852,Jerly isaac Pallares salazar,2025-10-23,5,Es buena,positivo,com.whatsapp,,,0
e3ef7921-8861-44e4-812a-6cb4d1421180,Jacqueline Sandoval,2025-10-23,1,Déjame hablar por wasap,negativo,com.whatsapp,,,0
310a2b1c-a4fb-44cb-9db9-871f7698143f,Juvenal Castillejos,2025-10-23,5,ecxelente aplicación,positivo,com.whatsapp,,,0
32b8633a-25af-4990-a5b7-1554306a1656,Holman Blandon,2025-10-23,4,no he podido descargar la aplicación,positivo,com.whatsapp,,,0
9c9330d1-4ff2-4e78-bfb5-5cda977120a0,MYRNA Carrillo,2025-10-23,1,mal,negativo,com.whatsapp,,,0
1cc360b5-4f5e-46d6-90cf-6afd4ff7120e,alfonso ontiveros,2025-10-23,1,Comenzó a fallar la sincronizacion y la mensajería,negativo,com.whatsapp,,,0
b23072b9-d9f8-4f14-9fa3-2d8e0c8e2a62,Enrique Fernando Calderón Ramos,2025-10-23,5,muy buena,positivo,com.whatsapp,,,0
c93f537f-f856-4311-a8b0-797b8be5190f,Mayron Cedeño,2025-10-23,1,nose porque últimamente me bloquean mi cuenta por spam no entiendo así de la nada me la bloquearon siempre bloqueada mi WhatsApp no entiendo porque,negativo,com.whatsapp,,,0
771eaaa3-23c8-4093-8258-4c6885fa8017,Hilda Manrique,2025-10-23,5,todo exelente,positivo,com.whatsapp,,,0
dbbf3275-72e1-48ab-ad87-2eae6bfc0108,Nivaldo Sepulveda,2025-10-23,5,excelente app,positivo,com.whatsapp,,,0
c1429dcf-1e13-45a8-ba63-4ba5fd2c97c7,kaiser saant santiak,2025-10-23,1,muy bueno el servicio,negativo,com.whatsapp,,,0
8eb654a2-7a7d-492c-82ef-67a4fc5c32cc,Adan Sanchez,2025-10-23,4,trabajo,positivo,com.whatsapp,,,0
2b47ab4f-2856-4cc3-9a8c-5a812ff6e354,Luis antonio Gamo,2025-10-23,5,excelente,positivo,com.whatsapp,,,0
215d5292-bea9-49e4-bc33-71e89b46c8fa,Darlin Perez,2025-10-23,5,Excepcional,positivo,com.whatsapp,,,0
448f4bbf-2adf-43ed-b75f-e1a2eb376213,Gabriel Estrada,2025-10-23,1,porque será que al hacer una videollamada me aparece un efecto sin que yo lo allá puesto?,negativo,com.whatsapp,,,0
5f1301af-0324-49d7-a88b-9a60efec37db,Mathias Jesus Honores Alzamora,2025-10-23,5,Es muy buena la app,positivo,com.whatsapp,,,0
347b7858-40ea-4f58-8450-2319f38f51a2,Jazmin Sanchez,2025-10-23,1,me gusta,negativo,com.whatsapp,,,0
41bbabc4-a0ab-4df0-b95f-08c83ec453aa,Carmen Reyes,2025-10-23,4,"Cada vez que intento mandar o vídeos o fotos se me cierra la aplicación, después las fotos se envían pero los vídeos nada.",positivo,com.whatsapp,,,0
bc1a728c-7a09-4346-aedd-e9e274db9a70,Beatriz Rojo,2025-10-23,5,me gusta mucho WhatsApp.,positivo,com.whatsapp,,,0
3aafdb9c-91cd-4a9d-9f28-fa6cf4439520,Zaid Yousif,2025-10-23,5,buenos.,positivo,com.whatsapp,,,0
b76cc4d5-029b-451a-b574-1f26f7c3d8e3,Sole Chamizo,2025-10-23,4,ha sido buena,positivo,com.whatsapp,,,0
836cf7f0-8f98-4285-a7da-528d52c2ee48,Maria de la luz,2025-10-23,5,buenos,positivo,com.whatsapp,,,0
c9b582a5-638e-4fdc-9a38-9a66fd38aab3,Doris Villalobos,2025-10-23,5,buenas,positivo,com.whatsapp,,,0
6fae196d-3db4-44ed-b3dd-c85aae432e55,Mari Torres,2025-10-23,5,super practica,positivo,com.whatsapp,,,0
ed30293f-8205-46b7-a272-95d84d6bab7e,VILLARREAL ESTEBAN,2025-10-23,3,"últimamente hay una falla en la privacidad de los estados, ya que aun que tengas marcado como no visible hay contactos que pueden seguir accesando al estado de la publicacion",neutro,com.whatsapp,,,0
9cb766ed-2a2d-4ef4-a6ca-56bb1c591dbf,Milena Machado,2025-10-23,5,buena,positivo,com.whatsapp,,,0
4fea8d2c-7d4f-4ee6-afec-26988a75bf82,Edison Cachumba,2025-10-23,1,le cambié de teléfono y ya van horas q no se carga los datos,negativo,com.whatsapp,,,0
fca7fae9-e7e0-43e5-ba92-cfe3716db2b2,Brayan Mojica,2025-10-23,1,una basura completamente nunca mandaron el código,negativo,com.whatsapp,,,0
e22334ac-38a8-4ee0-b218-270cc3ab3ec2,CRISTAL GOYI DAZA Daza,2025-10-23,5,"Solo Amararla. Toda mi VIDA..Y HACERLA MUY FELIZ.. .. a la mujer Bonita de Caracter Alegre. Que tenga linda, Sonrisa. Linda de fusico. Atenta. Disiplinada como mujer. Cariñosa y Querndona con su pareja Y Amorasa. Pase lo que Pase con su frente Ariba y orgullosa de estar Conmigo.....y Que me Ame Muvho Como *yo a Ella*en la buenas ho en las Malas... Y en nombre de *Dios*la Amaria Muchooooo.....",positivo,com.whatsapp,,,0
bd13cdac-eca4-4fd6-8226-0663b5d887d7,Juan Santos,2025-10-23,4,muy bueno  gracias,positivo,com.whatsapp,,,0
85ab11e4-752d-4b4b-9bd6-fabd44de2858,yeni,2025-10-23,2,"Se cambió sola la info de mi perfil, la tenía hace más de 5 años y ahora aparece ""hace 4 horas"" cuando no toqué nada. Me frustró.",negativo,com.whatsapp,,,0
284ddcfc-bea2-497e-8fee-108f2e31d248,claudia zavala,2025-10-23,5,buena,positivo,com.whatsapp,,,0
b0e8dfeb-876a-4af7-8a9e-bc06a8dc2d77,adan boyzo,2025-10-23,3,buena app sin embargo debería de existir la opción para programar los mensajes y poderlos enviar en hora y día requerido,neutro,com.whatsapp,,,0
3e0bf51e-be29-44c0-aad5-3e2318636922,Esther Gomez,2025-10-23,5,Rápido y seguro,positivo,com.whatsapp,,,0
de42f93f-a632-4b87-90d5-8d787e5cf1ac,Loana Samaniego,2025-10-23,5,muy buena,positivo,com.whatsapp,,,0
6d2f834b-1ae1-4958-90bb-da931399516f,Cristian Rocha,2025-10-23,5,es muy buena porque podes mandar mensajes sin inyerucciones,positivo,com.whatsapp,,,0
c1fd06c8-43eb-4033-8324-45802ca24ac8,Deynimar Estrella,2025-10-23,5,Excelente,positivo,com.whatsapp,,,1
c93e7bec-eccc-4425-9571-8357f6909824,MIGUEL ANGEL DOMINGUEZ OCHOA,2025-10-23,5,Muy práctica,positivo,com.whatsapp,,,0
7401ada6-c55b-4e66-8f0f-00fed5accec1,Luís,2025-10-23,5,"excelente, gracias",positivo,com.whatsapp,,,0
61a9dd0d-42c9-4f10-9ee9-48c5b44d9670,Vanessa Vidales,2025-10-23,5,super,positivo,com.whatsapp,,,0
41ca7d8b-bd78-46b8-b1b8-5f5a6c462c33,Emma Doris Domínguez Hernandez,2025-10-23,5,muy bien,positivo,com.whatsapp,,,0
ec5979ab-d398-472b-98b4-eee18cd761e3,Gloria Astrid Barreto,2025-10-23,5,bien,positivo,com.whatsapp,,,0
21aadf37-82e5-47c9-b040-9ee7e1a1a28a,Ana Campos,2025-10-23,1,Malos productos y carisimos no los recomiendo,negativo,com.whatsapp,,,0
969df7a7-c668-481a-85ba-a58ed898db97,Erilu C. Godoy,2025-10-23,5,excelente ️,positivo,com.whatsapp,,,0
cf9cacb8-52be-47e4-985b-c6b9f4db053f,Moni Castillo,2025-10-23,5,buena,positivo,com.whatsapp,,,0
830d8bcd-4975-42d9-adb3-70b0ccb3fbcb,NN NN,2025-10-23,5,"Hace un tiempo había una actualización para poner recordatorios personalizados en los mensajes, era muy útil, hagan que vuelva!!! 🥺🥺🥺",positivo,com.whatsapp,,,0
3731ee69-e1ac-42d0-995c-3fbee2e00271,Luzmila Marquez,2025-10-23,5,"me encanta mucho porque,podes tener números de tus familiares,amigos,novi@ es muy buena y lo único que tiene es que lo tenés que actualizar como todas las app pero está es única me encanta.",positivo,com.whatsapp,,,0
c6070b46-cdea-4af2-a113-70a1efdbb6e8,Claudio Blanco,2025-10-23,1,Muu buenos arcimento,negativo,com.whatsapp,,,0
81c9595a-d3aa-4750-871a-445ae7db6b94,Hildebrando Pablo,2025-10-23,5,ok,positivo,com.whatsapp,,,0
e1990c46-a9e1-4d50-a2f4-6cbe45bff156,Yahir Ramos,2025-10-23,5,la mejor app,positivo,com.whatsapp,,,0
56cc01a5-f43e-4fee-9279-a509f7ea2e1e,victor Julio,2025-10-23,5,sufro de una ciatica dolor cronico de cintura gluteos lo unico que mdio me alivia son las inyeciones de diclofenalco y vesametazona pero por un tiempo fe 2a3 dias esto no ha valido terapias fisoterapias medicmentos de uno y otros,positivo,com.whatsapp,,,0
655ff789-ffeb-4bb8-bad6-10a8b63cbbe2,Antonio Ventura Dias,2025-10-23,5,Buenísimo,positivo,com.whatsapp,,,0
3cb10693-bad4-40b1-966c-b4b021b4e0ea,Catalino Ojeda,2025-10-23,5,Buenos servicio,positivo,com.whatsapp,,,0
6c5fe113-143a-4c53-a21e-d60f7c9a51df,Lucas Ceballos,2025-10-23,4,"es muy Buena app, pero algo que no me gusta tanto es la meta ia, pues hay veces que cuando pregunto algo me responde cosas sin sentido o no sabe precisamente de que hablo.",positivo,com.whatsapp,,,0
a3a323c4-9a60-4348-a015-7bda1ebacfd9,sandra gomez fernandez,2025-10-23,5,RU,positivo,com.whatsapp,,,0
902bb23c-1315-46d1-af9c-db0243a774c6,Jorge Velasco Alfaro,2025-10-23,5,Es lo más fácil y segur,positivo,com.whatsapp,,,0
3a0a8067-f39d-4f0b-9a88-39e9aee3d492,Ana Indira Toscano,2025-10-23,5,feliz,positivo,com.whatsapp,,,0
e73417b7-186a-4247-b053-9a5613f52cf9,Sindicato Ssamexico,2025-10-23,5,exelente,positivo,com.whatsapp,,,0
d54193ce-c97a-40eb-bdff-4b1cce811305,Gabriel Lopez Perez,2025-10-23,5,"estaría excelente que incluyeran un traductor instantáneo en la conversación, ya se utiliza en algunas otras aplicaciones, en la copia de seguridad se deberían poder seleccionar las conversaciones que se desean guardar que serían las más importantes, y no tener que guardar todas las conversaciones",positivo,com.whatsapp,,,1
96b7674d-00df-4da2-b108-8a01f4f3b4f7,Francisco Villa,2025-10-23,5,biena,positivo,com.whatsapp,,,0
09ecef26-7686-46c4-99d2-9eff6f1770c8,Maria Dorego,2025-10-23,3,muy buema,neutro,com.whatsapp,,,0
8d87b584-3261-47e0-9d6e-f14dfd0ca8b5,Gustavo Ortiz,2025-10-23,4,espectacular,positivo,com.whatsapp,,,0
40f1c39a-fd8f-419a-b642-59c0aca1f0b3,Ma.de.los.milagros Mendoza Lopez,2025-10-23,5,ocupo la camara,positivo,com.whatsapp,,,0
57c98f0d-1b51-4ce1-aa71-64751d1de658,Oscar Manuel Guzmán Valdez,2025-10-23,5,excelente,positivo,com.whatsapp,,,0
364ac574-9364-4d3b-93d9-e612386151fe,Guadalupe Soliz,2025-10-23,1,ya son 2 Veces que no puedo entrar,negativo,com.whatsapp,,,0
84196203-4459-484e-be17-f7130e921241,Angel Linares,2025-10-23,5,quiero tener meta ai en mi WhatsApp,positivo,com.whatsapp,,,0
6b36f8b4-205c-47c1-891d-bf183f8dfd33,Mónica García,2025-10-23,1,"por Dios.. no me puede andar tan mal. y eso que tengo un equipo con memoria, nuevo. es increíble. ni las fotos de perfil se ven.",negativo,com.whatsapp,,,0
79ec8a55-7fdd-41e4-98f7-fdd925ea1130,Emilio Cornejo,2025-10-23,4,está bien,positivo,com.whatsapp,,,0
93cf6028-398c-47dc-bf42-abb6d979b3fa,Maria Candelaria Esquerra Aldana,2025-10-23,5,muy buenas gracias,positivo,com.whatsapp,,,0
051173e7-e1cc-495d-b397-57719861bd51,Leslie Ponce Ruidiaz,2025-10-23,1,"Me gustaría manifestar que WhatsApp está presentando un error. Tengo un teléfono Android y, cuando envío una foto ya sea tomada desde la cámara de la aplicación o desde la cámara del teléfono, a la persona que la recibe le aparece con la etiqueta de “reenviado"".",negativo,com.whatsapp,,,0
fb76b963-748d-48fd-89d5-2d4fec38b6d3,Ignacio Gamer,2025-10-23,4,te pide muchas cosas para actualizar,positivo,com.whatsapp,,,0
e3f2b8f8-0b8a-42fe-8681-79d7a945c70e,Karla Rumualdo,2025-10-23,5,buena,positivo,com.whatsapp,,,0
93e36a8a-6d54-4877-8003-530db3336579,Christian Arriaga,2025-10-23,5,Cool,positivo,com.whatsapp,,,0
d19053fc-001f-4549-91ac-5e0638c27199,Carlos Crocker,2025-10-23,5,está correcto,positivo,com.whatsapp,,,0
e1b7f95d-f328-42ad-9af7-3fb45c877598,Andrea Balderas,2025-10-23,5,estoy en propósito de seguir bajando de peso,positivo,com.whatsapp,,,0
e0667ac1-4cb0-4a11-b790-5d405895c19c,Belen Pineda,2025-10-23,5,es muy práctica para compartir platica con amigos,positivo,com.whatsapp,,,0
cbcae647-b368-4c7d-ab1e-5b2802be45a1,Edinson Mendoza,2025-10-23,5,exelente app lo máximo para mensajería,positivo,com.whatsapp,,,0
17e0ded9-f7a7-4636-b3f7-e21fea4db1c0,Elias Reus,2025-10-23,1,Es celosa por quiero whatsapp Plus y no deja,negativo,com.whatsapp,,,0
36d7ed21-7ef3-4ca8-9ffa-d2bdf4bc71e9,Fredy Aguilera,2025-10-23,5,excelente,positivo,com.whatsapp,,,0
514f7405-4644-4ed1-8976-2c493df5e928,claudia luna,2025-10-23,5,me encanta este WhatsApp ,positivo,com.whatsapp,,,0
1c94b981-eb44-437d-bc6e-4474c7aaca1c,MARCO UVIDIA,2025-10-23,5,exelente,positivo,com.whatsapp,,,0
80056be5-4bc1-4feb-b620-f2a2dcc5ab74,Gael,2025-10-23,5,exelente,positivo,com.whatsapp,,,0
15bc6ad6-ac76-4fb9-ac91-6bad7e869de2,Pablo Juarez,2025-10-23,5,es el mejor,positivo,com.whatsapp,,,0
a928549e-7829-4e29-b647-9f682a14949c,Marco Tulio Valbuena,2025-10-23,3,está fallando mucho,neutro,com.whatsapp,,,0
58f414e0-4d0e-42f7-b53d-c978049a2a18,Eddy Flores,2025-10-23,5,no meda el pin,positivo,com.whatsapp,,,0
88ce2913-0c3c-43dc-887c-f12dbac85d86,Maru Camacho,2025-10-23,5,es la experiencia no salenbtodos mis contactos anteriores mecobliga wuevponga tosdblode mi contactisby yobpara que quiero tener al pintor la demora que le conprelgo algún vez o diferentes personas wur no deseo llenar mi whahtaap me malo giraron todo pusieron numero de teléfonos antiguos resultado la peor experiencia de de todo lo q,positivo,com.whatsapp,,,0
6fd2b3ca-9a2d-49f2-8c52-16f2b6f0cc06,Evy sang,2025-10-23,4,me gusta bastante la verdad la última actualización está mejorando cada vez más el único defecto es que sale como si tuviera un mensaje pendiente pero no tengo eso e lo único demás excelente,positivo,com.whatsapp,,,0
b9e8379f-2f1a-4260-80b2-b68a3989cc16,Mari Lopez,2025-10-23,4,buena,positivo,com.whatsapp,,,0
6441d6f8-9b1d-4be6-a13c-ab18338e1364,sebastian puerto,2025-10-23,5,genial,positivo,com.whatsapp,,,0
41965267-9c6e-47ae-8144-666b81989121,Vianca Valeria,2025-10-23,1,horrible desde la nueva actualización lo único bonito que no pone la fecha de la información pero ahora solo te deja ponerla cierto tiempo y así no esta bien tampoco deja ver la información de todos cada rato actualizar contactos para que aparezcan unos y desaparezcan otros la peor de las actualizaciones es esta deberían dejar que no se vea fecha de información pero esos errores son fatales,negativo,com.whatsapp,,,1
847f985d-7ee8-4c00-b1ea-013b5eb35b3e,Wilkania Quezada,2025-10-23,5,me encanta hablar con mis familiares también las caras de emojis me encantan,positivo,com.whatsapp,,,0
8518bf43-7c03-4d0b-966b-1f775f43b851,José Guelardi,2025-10-23,5,bien,positivo,com.whatsapp,,,0
6158947b-4510-4115-9cb9-c7249d714e69,Natalia Lorena Baiz,2025-10-23,5,mala,positivo,com.whatsapp,,,0
affba47e-baae-412c-a4ab-09d9f8292e5d,Miguel Fleitas,2025-10-23,5,muy bueno,positivo,com.whatsapp,,,0
46f2816f-cd0a-4834-a46a-0632197d7b64,Jimmy Aparicio,2025-10-23,2,porque suspenden las cuentas cuando no la han hackeado,negativo,com.whatsapp,,,0
99c4ea3b-a774-48a3-b561-0479f0d8990a,Luisenrique Diazcarhuapuma,2025-10-23,5,buena,positivo,com.whatsapp,,,0
f8141ef4-d173-4981-a52c-29cf33c2d098,Maria Alvarenga,2025-10-23,5,muy bueno,positivo,com.whatsapp,,,0
4d843900-2895-4491-a28f-6edf04cc72d3,Irasema Zenteno,2025-10-23,5,good,positivo,com.whatsapp,,,0
062450b6-ab0c-49d4-b0ac-73b471e9378f,Aris,2025-10-23,5,excelente,positivo,com.whatsapp,,,0
e9ada045-ba94-430b-bb65-722ba42e74f5,Un usuario de Google,2025-10-23,5,Me gustaría tener esta versión... No sé que pasó pero desde hace unos días llegan los mensajes y no hay sonido de aviso de entrada de mensaje,positivo,com.whatsapp,,,0
2498b1d1-3c6c-4e77-9a82-50227a1539eb,Ivette Torres,2025-10-23,1,"WhatsApp se ha vuelto muy poco seguro, como es posible que a esta altura todavía roben números.",negativo,com.whatsapp,,,0
a93518f2-cc89-49c4-b670-1ef281c21685,Luis Torres (Ajuesumaye),2025-10-23,1,"hice mi copia de seguridad y nunca se creo la copia aunque decía que ya estaba echa cuando volví a instalar la app no tenía nada mis documentos y cosas importantes, nada. ni un solo chat, eso es un poco indignante ni siquiera una sola copia de seguridad, pésimo la verdad",negativo,com.whatsapp,,,0
34c06058-a7c9-437b-8ea3-7af9436402f4,Alae Nemo,2025-10-23,1,mal,negativo,com.whatsapp,,,0
b551b7af-3fde-478a-8a58-4322f3a41a70,Linda Peña,2025-10-23,3,"Buena app, pero me gustaría (no es por compararla con telegram) me gustaría que si borras un chat tuviera la opción como en telegram de la cuenta regresiva de 5 segundos, porque aveces el mismo WhatsApp tiene errores, se pone lento etc, y puede que se borre algún chat sin querer muy importante, entonces me gustaría que tuviera esa opción, muy importante la verdad, ojalá la tuviera",neutro,com.whatsapp,,,0
187587ad-bea5-4eb0-a0b1-0e1edfae5275,Daniela Powell,2025-10-23,2,"No me gusta la actualización de para responder un mensaje se abre otra pestaña, es absurdo y tedioso",negativo,com.whatsapp,,,0
5dd6f291-b3b6-4bb7-bb72-d1f97d150173,matias Quargnali,2025-10-23,1,"He sufrido acoso: mis audios, textos e imágenes fueron capturados y usados en mi contra. Privacidad avanzada y temporales NO evitan viralización. Exijo: notificación de grabación, control por contacto, modo de audios/textos/imágenes de un solo uso e irreversibles, y mejor gestión de grupos. WhatsApp es un riesgo real.",negativo,com.whatsapp,,,0
32eb8720-b73a-43b8-93c7-2dc648a6f353,Melany Diaz,2025-10-23,1,"podrían mejorar ahora la actualización del WhatsApp porfavor, la camara se agranda cuando sacan la foto y se borran los fondos de chat",negativo,com.whatsapp,,,0
eb055018-8862-4f7a-93c7-89d3a2afd323,Bernardo de Jesus Cardona Ortega,2025-10-23,1,me gustaba más el WhatsApp antigüo este cada mes hay actualizarlo mandan cáscara,negativo,com.whatsapp,,,0
32137a91-7657-4449-9437-82af6dfa4bc6,Luis Lospice,2025-10-23,1,mi experiencia está siendo horrible. ya es la 4ta vez que me bloquean wspp. y ya 3 veces seguidas que entro respondo un msj y ya me bloquean wspp.,negativo,com.whatsapp,,,0
88250b2e-6d67-4a92-a127-f18168118231,Ruth Rios,2025-10-23,1,Horrible,negativo,com.whatsapp,,,0
ef0d3b52-b27c-43db-af0b-43fff5e3329d,Juan Carlos Hernández Gómez,2025-10-23,2,.. está Muy buena la app,negativo,com.whatsapp,,,0
9b2009fc-fb1a-4a00-891b-0920475eb93c,Simon Gomez,2025-10-23,1,muy chafa,negativo,com.whatsapp,,,0
d226d4c7-4ada-41d2-8a88-da16bf9ca227,Javier Becerril,2025-10-23,1,"Que haceis cambiando el estilo de hora ultima vez en linea? el diseño del chat es patetico con lo bien que estaba antes que salia y se podia ver todo, cada vez a peor",negativo,com.whatsapp,,,1
0be45ff8-d800-4ec7-b0ad-d68a72d8d750,Iris Chazarreta,2025-10-23,1,es la mejor,negativo,com.whatsapp,,,0
a11a56f9-509d-48d4-b382-bfb787e8c749,Paola Collao,2025-10-23,1,cómo las weas whatsapp,negativo,com.whatsapp,,,0
78129d64-1634-47e3-b649-773748185dbd,Maria Novoa,2025-10-23,1,muy malo está pésima la aplicación no dentra,negativo,com.whatsapp,,,0
13f384ea-d963-4ae8-b0dd-4d4d18412d9d,Yessy Mejia,2025-10-23,1,me bloquea mi cuenta,negativo,com.whatsapp,,,0
5f1a5280-f05d-42bd-9f1d-4f956a234850,Evelin Puente,2025-10-23,1,aún no seme actualizado,negativo,com.whatsapp,,,0
cfde397e-a230-4685-b8ca-c99aa64a8079,Luis Rios,2025-10-23,3,"le doy 3 estrellas porque el consumo de batería es excesivo y sobrecalienta celular, de lo demás está más que bien.",neutro,com.whatsapp,,,0
d4e28c15-900d-4258-93f7-960c97c23f4f,Lucila Chamorro,2025-10-23,1,la aplicación no sé instala en mi teléfono,negativo,com.whatsapp,,,0
5d997783-fc8e-4c13-8327-5adccf6658b4,Hatzuko Suarez,2025-10-23,1,"Uso WhatsApp, pero soy la única que no tiene la última actualización . porfavor necesito ayuda",negativo,com.whatsapp,,,7
3746e7f3-c238-4af6-8072-4ba63a3807bf,Angely Fernández Cruz,2025-10-23,1,"tengo un contacto silenciado y cuando ese contacto sube una historia se dessilencia solo y nose a que se debe, ya desistale la App, reinicie mi celular y nada",negativo,com.whatsapp,,,0
174a7b55-13fa-46f4-92cb-bcadaf409537,Yajaira Solis,2025-10-23,1,malisima,negativo,com.whatsapp,,,0
14320fe3-4149-4aa5-ab6b-65cffc7564f3,Miguel Niño,2025-10-23,3,"Actualmente tiene problemas para silenciar contactos, ya que no lo hace",neutro,com.whatsapp,,,0
3314ce99-ca23-4bba-8357-15afd458c889,Un usuario de Google,2025-10-23,3,"realmente no soy de las que se ""queja"", pero desde la última actualización de WhatsApp, todo parece desconfigurarse porque al poner un tema de fondo en mis chats, todo el tiempo se quita y vuelve al original, me gusta poner temas pero me gustaría que pudieran corregir eso, muchas gracias 🫡",neutro,com.whatsapp,,,0
b6f36a12-b158-48df-b986-b6ade9f2c541,EDWAR GOMEZ,2025-10-23,1,"Pésima conexión tiempo real, llegan demasiado tarde los mensajes sea con wifi o datos ahora la foto de perfil no actualiza,cada vez peor está aplicación",negativo,com.whatsapp,,,2
15890c0a-5794-480d-8241-959fe684cc33,Ninjarick 117,2025-10-23,1,LE MANDÉ UN MENSAJE A UNA AMIGA Y ME HAN BLOQUEADO LA CUENTA POR FAVOR AYUDEEEEN,negativo,com.whatsapp,,,0
c5feac81-6d28-4b21-a74f-5a7fa6bf16af,Valentina Jimenez,2025-10-23,3,"Cuando prendo el celular y se inicia la copia de seguridad me dice que si quiero recuperar mis chat porque se me borra todo, ya me ha pasado en 2 veces, solo me quedan los grupos en los que estoy",neutro,com.whatsapp,,,0
70f10bd0-1107-4a22-aae9-918a8dfe25d7,Virginia Orozco,2025-10-23,1,quieren meter publicidad,negativo,com.whatsapp,,,0
159e9264-68cb-4259-bfbc-19e043f2af8c,Manuel Godofredo Curi,2025-10-23,3,No tengo mucha experiencia por eso necesito la guía de personas entendidas gracias por su comprensión.,neutro,com.whatsapp,,,0
1d5023d0-d1c0-48f1-bf09-575b49ec62ae,Leslie True,2025-10-23,1,estorba,negativo,com.whatsapp,,,0
1fea0c5d-185f-4844-a2d3-e7f6a3ae8e0e,Paulina sanchez,2025-10-23,3,es bueno pero no sé porque no quiere abril se queda trabado,neutro,com.whatsapp,,,0
78d82d5f-eecc-4fc4-9d8c-47a49f99dfa1,Dylan Ceron,2025-10-23,3,falla de repente en llegar los mensajes,neutro,com.whatsapp,,,0
6c7d6163-c7f3-4a56-bc12-d4062262424e,sinay Jimenez,2025-10-23,2,es injusto que mi novio tenga iPhone y pueda enviar fotos en movimiento mientras que yo con Samsung no tenga la opción,negativo,com.whatsapp,,,0
38cdcb25-852d-451a-826f-737290d36c1f,Cristian Garcia,2025-10-23,1,no me deja unirme al grupo con el link,negativo,com.whatsapp,,,0
18cbfb3d-319f-4500-bb77-8b8c06557c75,Pedro Felix Mendoza Ñaupas,2025-10-23,1,mucho comercial,negativo,com.whatsapp,,,0
42ddbd4a-5356-4f7a-af31-7cba72ab005f,esperanza,2025-10-23,1,Mi cuenta cual es.,negativo,com.whatsapp,,,0
2fe6461c-2036-44e1-8787-b8e94b9bb7ac,Crisiar paola Ortega gil,2025-10-23,1,No abre,negativo,com.whatsapp,,,0
65bc0a32-6cbe-48ec-b481-c0c6d39b38bb,federico zamarripa,2025-10-23,1,muy mal servicio se me bokeo el WhatsApp sin motivo y no me permite abrirlo me pone muchas trabas,negativo,com.whatsapp,,,0
e5eca103-dcc6-4fc3-a4ff-0c0122aaafa1,Margarita Benítez Torres,2025-10-23,1,"No funciona, fue un error haber optado por éste aparato.",negativo,com.whatsapp,,,0
f6f36673-c021-4aa4-b78f-5767b245272d,Víctor Manuel Morales Rincón,2025-10-23,1,Aún a casi 2022 no se pueden programar mensajes. Wow. edito: 2025 y sigue sin ser una función. increíble.,negativo,com.whatsapp,,,4
49e4352a-6076-4f32-88ee-28a307a5f6cb,Jsj Jsj,2025-10-23,1,cambie de equipo telefónico y no me deja iniciar sesión,negativo,com.whatsapp,,,0
18589381-37d2-4cd4-8a3a-0d0b8f22c190,Miguel Ángel García C,2025-10-23,2,Deben de poner otras formas de comprobación desde el principio y no forzosamente con el numero por que no salgo de ahi. Número no verificado.,negativo,com.whatsapp,,,0
4c158499-faec-4790-b9ef-3dc1f8a8ce01,Maikel Carvajal,2025-10-23,1,la verdad que una basura su sistema de detección de spam te suspenden por hablar con amigos y ponen que fue por spam malísimo,negativo,com.whatsapp,,,0
a698da54-88bb-437f-aba6-8b1bf1e7beb5,Laura J,2025-10-23,1,Deberían de dar la opinión de poder editar textos en los estados de 24H.,negativo,com.whatsapp,,,18
c28fcf82-beaf-4a2d-ad50-0bc11578d805,Guillermo Mendoza cayra,2025-10-23,2,agricultor,negativo,com.whatsapp,,,0
2305155e-755f-409b-824f-830cafb469fe,anissa vargas miquel,2025-10-23,2,bueno estoy diciendo algo que me paso primero me descargue esto y segundo me pide escranear un codigo y el problemita es que.. tengo el celu sin pila y estoy en tableta osea que quieren que haga?!? que use magia o que le acaba de tomar foto a ese codigo o no cuenta desde mi tableta... (la verdad no queria molestar al creador..),negativo,com.whatsapp,,,0
b6417967-e86c-4243-9c7e-0d8b7b2a597e,Odilia,2025-10-23,3,chido,positivo,com.whatsapp,,,0
f3bb3e62-d273-4dee-b2b3-a46038054f1a,Vladimir Varguez May,2025-10-23,2,no agarra Mis Estados,negativo,com.whatsapp,,,0
7a0cd488-f216-4627-bf44-bbbe24efdbcb,Filiberto Reyes Moreno,2025-10-23,1,acsesebl e,negativo,com.whatsapp,,,0
36550b8a-4f6a-4e66-a8a7-650be8160487,Laddu Kumar,2025-10-23,3,kitkt,neutro,com.whatsapp,,,0
b1c1836d-ac84-4fe6-afd6-00a5050cfab0,Hamilton Contreras,2025-10-23,3,"Estoy experimentando un problema. Hay contactos que no pueden ver mis estados de WhatsApp. No les tengo los estados ocultos ni nada por el estilo. Esto me pasa con varias personas... Desinstalé la aplicación reinstale desde el Play Store y Apks. reinicie toda la configuración, elimine los contactos y los volví a agregar varias veces, lo he hecho todo y aún así sigue dándome problemas...",neutro,com.whatsapp,,,0
e428135d-53e2-4618-a483-6b4d72080fe9,Jose Emmanuel Valenzuela Gil,2025-10-23,1,me hackearon y no me pueden ayudar,negativo,com.whatsapp,,,0
70cd0c88-3686-4861-b836-04f0c4618e60,Mauro Negrete,2025-10-23,3,más omenos,neutro,com.whatsapp,,,0
23a11889-b938-4e75-b3be-d20c5d2f2b5a,Ady Candy,2025-10-23,1,con la última actualización dejó de funcionar y se cierra inesperadamente,negativo,com.whatsapp,,,0
a1b4d109-1052-447a-89d6-1caed71bbc41,Miguel Flores,2025-10-23,2,esta bien la app,negativo,com.whatsapp,,,0
66d92cea-d62c-4fc8-a475-4a00fb389c0f,Gregori Ignacio,2025-10-23,1,"Con la nueva actualización, no me aparecen los grupos archivados...",negativo,com.whatsapp,,,0
a11f8acf-54b1-46c4-86f9-27d0b38487a1,Adela Nchama Mangue,2025-10-23,3,aunque se bloquea por spam cada veinte minutos,neutro,com.whatsapp,,,0
bdcd27a7-ec70-4307-be65-dac16f76749d,Manuel Naranjo Rodriguez,2025-10-23,1,me da mucho fallo y no me deja actualizar estados de WhatsApp,negativo,com.whatsapp,,,1
e2d1391e-0e85-45c5-a2b6-7a8e75372a35,Yeimidelcarmen Perez,2025-10-23,1,no me dejá abrir WhatsApp se quedó cargando y nada que entra pésimo servicio sólo dice cargado,negativo,com.whatsapp,,,0
81f31d4c-7c2a-4be8-a029-a0039c079c02,Carmin,2025-10-23,1,no se y todabia Como lo uso,negativo,com.whatsapp,,,0
bec26f76-8e91-4bf3-a053-a50b24458f62,Milton Paredes,2025-10-23,2,"deben corregir ciertos cosas avaces escuchando la nota de voz la pantalla se apaga por inactividad y cuando se apaga y uno quiere volver a escuchar los audios salen muy bajos por más que el volumen este al máximo, uno tiene que cerrar la app volver abrirla y funciona de nuevo al nivel de volumen que uno pone.",negativo,com.whatsapp,,,5
fd0cbece-c786-4f59-92f8-b89f0115897f,Armando Jasso,2025-10-23,2,buena,negativo,com.whatsapp,,,0
014a81f0-0f5e-4745-b0fb-c07720b536e6,Gory Gorylong (Gory),2025-10-23,1,se bloquea la app cuando intento mandar un archivo de mi galeria,negativo,com.whatsapp,,,0
8cf6355f-20eb-49d4-888d-71dc1f605926,jeanpool sotelo robles,2025-10-23,3,porque bloquean la cuenta así de la nada ...,neutro,com.whatsapp,,,0
719240d6-8056-4f21-9018-d25a60c7772d,Carlos Eduardo Torrico Arenas,2025-10-23,2,"Esta fallando en la parte de los canales, todo se me borra.",negativo,com.whatsapp,,,0
bff1e368-da1f-4a33-97b2-fc8ad3568396,Oscar Ramirez,2025-10-23,3,Por a y esta más trabado,neutro,com.whatsapp,,,0
309889fa-ca1c-42f5-b4c7-54dca0d4f25f,Juan Zarate,2025-10-23,1,mejor telegram,negativo,com.whatsapp,,,0
50c0e228-9f4f-4027-a8f1-ff64d1182eea,M L,2025-10-22,1,Hace una semana la aplicación para desbloquear se queda totalmente pegada y debo ingresar hasta dos veces para que se desbloqueé,negativo,com.whatsapp,,,0
532e9048-fb68-4af2-9916-c02a2eca0dbd,Gabriela Licona,2025-10-22,1,tengo mi WhatsApp bloqueado y es mi cuenta,negativo,com.whatsapp,,,0
1610fc00-5f5c-47af-b1c2-768b6e191d97,Mario Esquia,2025-10-22,1,Instalar wattsapp,negativo,com.whatsapp,,,0
4540f718-8ea0-4537-8ac1-5c23143696eb,Jorge Bello,2025-10-22,1,muy mal este whatsapp,negativo,com.whatsapp,,,0
0cb9cae9-2860-4e29-9327-f287a0f3a468,Jhon Hernandez,2025-10-22,3,hay lo que se puede Desir bn,neutro,com.whatsapp,,,0
70c03ae4-7790-4b47-93be-ae172cccc887,Maite Pérez,2025-10-22,1,No puedo instalarlo,negativo,com.whatsapp,,,0
297af918-ab6f-4b40-9d8c-9756c3f00279,fabricio ferrero,2025-10-22,3,bien todavia no lo termine,neutro,com.whatsapp,,,0
a9327003-7a50-4363-9319-df657459c812,Chelsi Almendra Barrios Caballero,2025-10-22,1,No sirve de nada la ayuda que dan,negativo,com.whatsapp,,,0
53cc65cb-4274-4559-bd49-58e22c92af09,Isaias Morales,2025-10-22,2,la nueva actualización es mala. retrocede muy rápido un número a la primera letra del abecedario. prioriza buscar nombres más que navegar entre todos los contactos,negativo,com.whatsapp,,,0
94d3bcb1-e4c0-471e-865b-eb4a560eb4dd,Ana Elizabeth Urrutia,2025-10-22,3,"es poco seguro en toda la infacion que ingresas,mandas o recibes pero te ayuda a comunicarte con familia lejana",neutro,com.whatsapp,,,0
df30f561-0d61-4f08-8ce1-833d4652f26e,Pascual Mendoza,2025-10-22,1,Envés de arreglar los errores con actualizaciones los enpeoran déjenlo hasi como esta que ya no vale la pena seguir actualizandolo porfavón dense cuenta no es que no quera actualizarlo solo que no están arreglando nada.,negativo,com.whatsapp,,,0
22392ee5-f514-4760-8de0-ace364f07d86,Kevin Delgado,2025-10-22,1,"quiten la opción de ""Marcar como leídos todos""",negativo,com.whatsapp,,,0
cdc359e9-2eac-4b6e-a4d3-e1ee5b5e461b,gregorio altonar,2025-10-22,2,no abre,negativo,com.whatsapp,,,0
081c77b3-cd0a-458d-8844-8a0d5c58a457,Yesleni Bereche Gallardo,2025-10-22,2,"Disculpen, quiero responder un estado con audio y no se envía el audio, es mi celular o es la aplicación? ya intente varias veces y no puedo responder un estado con un audio",negativo,com.whatsapp,,,0
90b49df1-b878-4555-b624-c835ea43c412,Laura Medina (Lau :p),2025-10-22,1,demasiados demasiados errores,negativo,com.whatsapp,,,0
acefadb3-631e-48ca-b91d-bcfac43542f2,Lizbeth Mendoza,2025-10-22,1,no me deja abrir la aplicación,negativo,com.whatsapp,,,0
0baa9160-c577-4cc3-b627-b5ab881d973a,Dariel Rosales,2025-10-22,1,no sirve esta aplicación no sirve para nada,negativo,com.whatsapp,,,0
d068d4ae-3c0d-436a-84ff-e2f3da8d2eb4,Camila Vuelvas alvarez,2025-10-22,1,insuficiente,negativo,com.whatsapp,,,0
9a5859ff-3b59-4bdb-ac6a-581172c81fdc,Sandra Gasparini,2025-10-22,1,"se me cerró la app y no se puede volver a abrir, que está pasando???",negativo,com.whatsapp,,,0
fa03e0a1-8c1a-473f-8d51-b4c95fd686db,Sergio Chávez López,2025-10-22,1,"No entiendo porque me pone una notificación que llegué al límite de mensajes por difusión de 35 al mes, porqué esas limitaciones...??! De verdad no entiendo.",negativo,com.whatsapp,,,0
80b69b61-aab3-443b-8224-abec47f01af3,ROGER MIRANDA,2025-10-22,3,busquen como solucionar el problema q uno desliza para responder un mensaje en específico y se pone en negro el fondo q uno tiene y es incómodo estar con ese problema y fue en esta actualización,neutro,com.whatsapp,,,0
b6d75396-ab6d-4af6-adb8-1410888cd884,Flabio Gabriel,2025-10-22,1,actualizaciones innecesarias,negativo,com.whatsapp,,,0
da19cd8a-2794-45ff-b2ae-6d80a5b89db5,Melissa Maura Garrido Rodríguez,2025-10-22,2,ocupa mucho espacio.,negativo,com.whatsapp,,,0
ae7de885-8851-4bb9-939f-5061a530f645,Jazmin Aquino,2025-10-22,2,hace un mes me aparece la actualización d WhatsApp y le doy clic a actualizar app y nda. que está pasando será nda más para unos dispositivos o para todos?,negativo,com.whatsapp,,,0
2eee67b5-5107-4f94-8dad-77059df1921a,Omar Quiroga,2025-10-22,3,En la última actualización de octubre 2025 estan fallando las notificaciones de llamadas. No hay donde contestar en algunos teléfonos Xiaomi,neutro,com.whatsapp,,,0
3630d79e-6b63-45af-97a6-d4612b3133a6,Reniery Ponce,2025-10-22,1,no sirve,negativo,com.whatsapp,,,0
67356e7e-f647-4f06-aee6-18874cc4197a,Abraham Ortiz,2025-10-22,2,no puedo compartir las historias desde los vídeos de facebook,negativo,com.whatsapp,,,0
f9b288c0-a8e1-484a-9abe-a9e8aaee9e33,Limary Salcedo,2025-10-22,1,deben eliminar el asistente de Meta AI,negativo,com.whatsapp,,,0
7415e41c-d4a9-49ab-9b33-4f9d33857340,CHEME CHILA,2025-10-22,3,actualizar nueva versión,neutro,com.whatsapp,,,0
489dd029-4368-4a4c-9d4e-7110fbed2b0f,Armando Sanchez,2025-10-22,1,empanadas,negativo,com.whatsapp,,,0
da519b92-5bde-4df7-b827-cb534b0176dc,Yoandris Traba cartty,2025-10-22,1,no puedo instalar,negativo,com.whatsapp,,,0
a7ce1ad6-9d24-435a-ad84-e84351824311,Kiri Yriarte,2025-10-22,1,"no sé que le pasa a WhatsApp que mando fotos o videos una sola vez a un solo chat y a la persona que le mandé le sale ""REENVIADO"", favor arregle lo que me han causado problemas",negativo,com.whatsapp,,,0
d259bf34-db41-453c-b0b9-f1d66debdac6,Alejandro Remoli,2025-10-22,1,"He notado que ahora no se sincronizan los contactos nuevos que doy de alta en whatsapp con el teléfono, y me parece pésimo. Otra cosa, es cada vez más engorroso escuchar audios, te lo alejás del oído y se detiene, si lo estás escuchando manos libres y sin querer pasás la mano sobre el teléfono también se detiene.",negativo,com.whatsapp,,,68
858f1542-7f7c-4e94-bef2-eaaf6d40267f,Juan David Sierra moya,2025-10-22,3,creo que la última actualización tiene bugs en los fondos personalizados con chats y otros más... o no se si solo me sucede a mí,neutro,com.whatsapp,,,1
4ae4a793-c72c-4b13-9549-1529e21bf73c,Alicia Cruz solis,2025-10-22,1,Bueno es la primera vez que voy a participar,negativo,com.whatsapp,,,0
56e88209-8b55-43ba-b7a5-f9d40424b7c5,Olman Rober Salinas,2025-10-22,1,Servidores corruptos filtradores de información,negativo,com.whatsapp,,,0
b8ece274-a6c0-4a3e-b589-027d4a0de6f0,MikelÓn 14,2025-10-22,3,"Esa forma de responder los mensajes directamente está interesante, pero a la hora de conversar rápido quita mucho tiempo",neutro,com.whatsapp,,,0
16ca6a80-9b96-4d24-b465-50ff95e1e2c3,alexander mejia,2025-10-22,2,"un solo contacto que silencio , y con solo salir y entrar de WhatsApp ya no está silenciado, se cambia solo 🙄🙄 al restringir un contacto ambien se deberían de restringir las llamadas",negativo,com.whatsapp,,,0
232a317c-7802-4669-aba1-fe2797f8ee76,Anthony Figueroa ,2025-10-22,2,"Arruinaron a las nuevas info o descripciones, el espacio para enviar mensajes es diminuto a comparación de antes y más encima uno no lo puede poner por el tiempo que uno quiera como antes, es horrible, por favor vuelvan a hacer que la info pueda ser igual de larga que antes y que uno pueda ponerlo durante el tiempo que uno quiera.",negativo,com.whatsapp,,,1002
e15ff009-24db-4426-91c7-c95fbf96ace9,Orlando Bravo,2025-10-22,1,muy bien gracias a Dios,negativo,com.whatsapp,,,0
e5a9f154-19c9-4b73-9440-034eea20328d,Amy Aranda,2025-10-22,1,Hola la verdad me tiene cansada esta versión a casa rato se me cierra ya tuve tres emergencias y en ese momento se cierra fatal,negativo,com.whatsapp,,,0
807bd06f-aa58-45b5-a1b9-ad4fa1ce8519,MTZSM LUCY,2025-10-22,1,"La aplicación presenta errores cuando envías imágenes, además de que los mensajes nuevos, tienes que buscarlos ya que te manda al inicio de la conversación. Presenta varias fallas.",negativo,com.whatsapp,,,0
aeea629c-a4ce-473f-aca4-52b6ef9a3acc,Saturnino Sánchez martin,2025-10-22,1,no me gusta el presente mesinger,negativo,com.whatsapp,,,0
77fe3280-28da-4761-9ca9-180e2ca9c463,Darwin Alex Peña pascue,2025-10-22,1,buena,negativo,com.whatsapp,,,0
e22975fa-7362-4ae5-965e-1ae09f9636fd,Maia Andino,2025-10-22,2,WhatsApp es una buena app pero me molesta que cuando te está mandando suene a cada rato pero es una buena app le doy un 2/10,negativo,com.whatsapp,,,0
18d5ec03-bbdd-41b4-9430-4d909fe2cee9,Gustavo Javier Peralta,2025-10-22,1,cambié de celu y no me traspasaron los chats perdí todos. piden cosas innecesarios,negativo,com.whatsapp,,,0
400798be-d311-4f04-8fe6-b0f80f63fe85,Eric Nieves D,2025-10-22,1,nose que decir,negativo,com.whatsapp,,,1
17c4ad15-3354-4a52-ad82-d131c9b99057,Flor Vázquez,2025-10-22,2,no me deja reproducir videos de estados ni subir videos que puedo hacer,negativo,com.whatsapp,,,1
86250a50-2d34-4b93-a862-85b0163ba3d9,Rogelio Pérez,2025-10-22,1,No quiero anuncios entre mis estados de WhatsApp,negativo,com.whatsapp,,,6
a7c72088-46a6-40e3-a2ca-b2cd01e81704,Antonio Delgado Cordova,2025-10-22,1,"ya hace un par de semanas dejo de funcionar de forma correcta la aplicación, si no abro la aplicación no entran los mensajes, ya hice todas las recomendaciones que la misma META me sugirió, no pueden decir de mi conexión a internet ya que es la única aplicación que no funciona correctamente, todas las demas aplicaciónes funcionan sin problemas, al momento para mí la aplicación buena, su servicio perdimos",negativo,com.whatsapp,,,0
354e19dd-3a85-481e-be29-d2ecc6639e98,luis alberto ramirez sandoval,2025-10-22,2,Desde la última actualización ya no puedo usar mis stickers Únicamente los recientemente utilizados Fatal!,negativo,com.whatsapp,,,83
be4dc976-23b7-4128-857d-5412ca607787,Daniela Reyes Ablanedo,2025-10-22,1,no se para q funciona,negativo,com.whatsapp,,,0
f33344a3-b410-46c5-8f45-837eaa6dfc15,Erick Beltrán,2025-10-22,1,no llegan los mensajes,negativo,com.whatsapp,,,0
b91abf3f-9ebc-449a-a1de-f277c3d21d0d,Heriberto Mendiola,2025-10-22,1,"hola amigos desarrolladores de la aplicación WhatsApp, necesitan agregar un traductor automático porfavor, es muy importante y también nesesitan corregir lo de editar, para que se editen las veses que uno quiere y no que tengas que estar limitado eso, eso es muy molesto y nesesitan arreglarlo, porfavor y también que se pueda ver siempre el horario de conexión de todos es muy molesto no poder ver eso",negativo,com.whatsapp,,,8
7d44ff71-f8f1-4d8d-ba14-7ace73416f11,yusleidis Ramirez,2025-10-22,1,Me gusta mucho,negativo,com.whatsapp,,,0
cdc123df-4f77-4838-b131-26dc4f601632,Dimas Taipe,2025-10-22,1,se va el volumen y no escucho llamdas,negativo,com.whatsapp,,,0
52eaf48b-3dcc-4afc-822d-0143aaa2add6,Aleida Martínez,2025-10-22,1,mala,negativo,com.whatsapp,,,0
c6e45c9c-792e-4d5b-933e-587213e4846f,Walter Ocampo,2025-10-22,1,"muy mala señal. . ,,,,",negativo,com.whatsapp,,,0
dd7474d2-6715-4050-a4ce-7a1d149a82ec,Sarai Solis Rivera,2025-10-22,1,"actualice mi whatsapp, pero Cuando entró me vota luego entro de nuevo y se queda paralizado, no me llegan los mensajes, estoy así desde la mañana no me deja entrar, estaba normal antes que lo actualice, no sé cómo hacerlo necesito el whatsapp, no actualicen sus whatsapp, para evitar estar como yo, les agradezco.",negativo,com.whatsapp,,,2
7c8f79ea-566f-420f-83cf-bf7aeadf7c59,Elianne Bonalde,2025-10-22,1,quiero la nueva versando WhatsApp la que sale con música y np he podido obteve,negativo,com.whatsapp,,,0
9466e2c5-189a-43fd-a0a2-6520a6d7f7da,Claudia Ramírez,2025-10-22,1,mal,negativo,com.whatsapp,,,0
27334079-67ee-4e08-8082-04006528b894,Recio Francisco Tapia,2025-10-22,1,WhatsApp no debería permitir qué otra persona utilice el número para hackearlo y lo está permitiendo tengo la prueba de que alguien está hackeando mi número telefónico de WhatsApp,negativo,com.whatsapp,,,0
ba4aac9e-9987-473e-a6a3-b4bd6d6ebcd0,Jacob Jacob,2025-10-22,1,No me solicitan,negativo,com.whatsapp,,,0
5fd2474a-e5d7-4ffa-a19d-056b09c32db9,Juan Sebastián Moros Vergel,2025-10-22,3,"Están pasando problemas y es a la hora de fijar los chats, trato de fijar más de 1 pero al fijarlos pasa un tiempo y se desfijan solos, ya lo probé con el cel de mi pareja pero en el de ella al fijar el mío, cerrar y volver a abrir la aplicación de desfija de una, no permanece el cambio.",neutro,com.whatsapp,,,0
4f6f7f8e-ecd1-4864-a171-c612d604f4dc,Nancy Romina Calderón,2025-10-22,1,cada día peor,negativo,com.whatsapp,,,1
0ef8a0d9-4f7c-4139-acf4-2abc5e8cb995,geraldine ibañez marcelo,2025-10-22,2,no tiene foto en moniento,negativo,com.whatsapp,,,0
23d13ce0-746e-4e59-83bd-14d60830e66e,Johannis Gonzalez,2025-10-22,1,no se me actualiza el whatsapp y ya lo he actualizado y no le pasa nada ya estoy cansada díganme,negativo,com.whatsapp,,,0
4783e69e-8351-46f0-9417-d1923d361c37,Sant ram,2025-10-22,1,no sirve,negativo,com.whatsapp,,,0
5d3cb1ae-dbe4-4d40-8312-257f0a260f28,Angel Morales Balderas,2025-10-22,1,mo funciona,negativo,com.whatsapp,,,0
8b3a627f-20af-484a-934e-644643822342,Ximenalujan Espejo,2025-10-22,1,no me deja iniciar seción,negativo,com.whatsapp,,,0
c8b5de08-583b-428c-b2f7-00cd2c97e284,Noel Oroya Canchuricra,2025-10-22,1,"Toda la esencia de WhatsApp se fue por una simple falla de los desarrolladores, no pensaron. WhatsApp estaba muy bien cuando podías poner una descripción hasta después que una misma decida eliminar o cambiarlo, ahorita solo se puede poner por 24 horas, le quitan la esencia 👎🏻 por eso le doy una calificación de una estrella y eso es mucho la mitad debería ser.",negativo,com.whatsapp,,,0
8bda93a5-fd83-494a-bc9c-511bbdb1ffd0,Diego Mendoza,2025-10-22,2,"ahora luego de la última actualización subo una foto en el estado y sale borrosa y la envío a mi yo de ws y la reenvío al estado porque era la unica forma de subirla en HD y aun asi sale borrosa,Mal",negativo,com.whatsapp,,,0
834767b8-a3db-4608-8c34-8c2c13b6212c,Rosniel Millán saez,2025-10-22,2,Está buena,negativo,com.whatsapp,,,0
1786f4cf-db57-4122-bd77-094d54dddbee,Timoteo Rojas,2025-10-22,1,no toma los los links,negativo,com.whatsapp,,,0
19446555-5e6c-4a16-9282-c696054be0bf,Lina Maria Duarte,2025-10-22,2,por que es inseguro y no guarda la información privada,negativo,com.whatsapp,,,0
6cc3ff36-a20d-4aa9-8101-fb80c1934833,Lüzbel4m3 awm,2025-10-22,3,"Hace unos días mi whatsapp cambio ya no encuentro ajustes, podrían darme solución?",neutro,com.whatsapp,,,0
e9b95615-bddd-4886-8cca-05abae21589b,Stella Maris Schipelhut,2025-10-22,1,"no puedo descargar WhatsApp en móvil Xiaomi,que tengo que hacer",negativo,com.whatsapp,,,0
69c931d0-ec83-407d-b1fc-99dd9548ee42,Giselle Guillén,2025-10-22,1,Hagan el favor y vuelvan a actualizar la aplicación; ahora tiene muchos errores en los chats fijados; tiene errores eliminando el historial y viendo videos en los estados. Mal! mejoren eso!,negativo,com.whatsapp,,,1
f66bf692-4ee5-46f9-bfef-d41d8fc40aaa,Jessy Montenegro,2025-10-22,1,horrible,negativo,com.whatsapp,,,0
6b7c7515-3470-407b-a949-614e199023c4,Cuenta iPad,2025-10-22,1,la verdad WhatsApp no me funciona no me deja entrar ya hice de todo reinicie el teléfono forse detención de WhatsApp me asegure de tener buena conexión me asegure que mi teléfono esté actualizado me asegure que WhatsApp esté asegurado me comunique con soporte desde otro teléfono y hice todo los paso que me dijeron y nada no se que paso yo si podía usar el WhatsApp normal hasta ayer por qué ayer por la noche lo usé normal y m fui a dormir al despertar voy a entrar y no me deja se queda paralizad,negativo,com.whatsapp,,,0
0ebc0bb7-7a67-47a3-9d0b-6ced700f39b5,AnnyVal,2025-10-22,1,no deja actualizar,negativo,com.whatsapp,,,0
93845d46-c770-43e4-a027-38900262f5ff,Juan Carlos,2025-10-22,1,no me aparece mí WhatsApp,negativo,com.whatsapp,,,0
780d4a23-d533-476a-8fda-6cb062c2a30c,Genesis Garcia,2025-10-22,1,es rara por eso lo quiero actualizar,negativo,com.whatsapp,,,0
73ab4f68-e05d-4fe5-87c8-3e5f53fdda06,Bryan Huerta,2025-10-22,3,"no sé por qué no me permite subir videos descargados, y eso que el tamaño es el indicado al igual que el formato, deberían solucionar ese problema",neutro,com.whatsapp,,,0
da3534b8-cf0b-4400-9dfe-84d7b9164a62,Estefania Herrera,2025-10-22,2,se me cambian los ringtones personalizados.,negativo,com.whatsapp,,,0
59b065b8-9a55-427f-a3fb-ec428acd61e5,Carlos Manuel Ysabel Puello,2025-10-22,1,"muy mala atención están bloqueado y desabilitando cuentas sin ninguna razón, deberían mejor o de lo contrario me iré a telegram",negativo,com.whatsapp,,,0
67dc42f8-3743-4ee3-be60-9f8d07287a51,Blue Lig,2025-10-22,1,Desde la última actualización está súper lento. 🤨,negativo,com.whatsapp,,,1
0c5bfa51-2c95-4fc2-bf04-8f2785fd8368,Daniel Torres,2025-10-22,3,La aplicación es muy excelente... lo único malo es los estados... no hay estado ni video que se envíe que se vean ecxelente.. son muy borroso nada parecido al original... y lo otro es la burbuja oscura que tapa parte de lo que se envía por estado... es posible que lo solucionen... o solo a mi me afecta... 🤷,neutro,com.whatsapp,,,1
db747ee7-01ff-47f9-9101-010d0b0ac966,Kevin LLancafil,2025-10-22,2,En la última actualización no me permite enviar el primer mensaje cuando creo un grupo,negativo,com.whatsapp,,,0
5791a680-ad34-4062-8c4b-3ecd8bcab3bb,Jose Sosa,2025-10-22,3,bien,neutro,com.whatsapp,,,0
30b8a1e5-1f94-48c5-99d6-d58c61ef07f9,Antony Rodrigo,2025-10-22,1,"Porque a la empresa no se le ocurre silenciar por completo las llamadas, no quiero que entren y no hay manera de pararlo, me arruinan la música que escucho y por más que silencio los grupos siguen entrando llamadas, para ser una app muy conocida no cumple necesidades básicas. Quiero una app qué me dé el control de todo",negativo,com.whatsapp,,,1
585ad12c-9212-4962-b4a2-6d5a18cb9855,moises garcia,2025-10-22,2,el limite en el numero de difusión ha ocasionado molestia,negativo,com.whatsapp,,,0
b68003a4-e050-4b7c-8bc0-e5a87c082d3c,edison bautista,2025-10-22,2,"Problema con grabación de notas de voz - Solo graba ruido estático Sistema: Windows 11 Problema: El micrófono funciona correctamente en todas las aplicaciones y en la prueba de audio de WhatsApp, pero al grabar notas de voz solo se escucha ruido estático. Detalles: - Micrófono funciona en prueba interna de WhatsApp ✓ - Funciona en Grabadora de Windows ✓ - Funciona en navegadores ✓ - Funciona en otras aplicaciones ✓ - PERO en notas de voz solo graba ruido blanco ❌ - El nivel de micrófono está",negativo,com.whatsapp,,,0
3c697598-a433-413f-8698-bf6cdb7b1e84,Liam Kaissi,2025-10-22,1,con la última actualización ahora que alguien manda un mensaje de audio dice que el mensaje no está disponible o algo fallo por favor arreglen eso ya que canse de estar pidiendo que me manden el audio dos veces,negativo,com.whatsapp,,,0
242f9dd1-4067-4d7c-83b9-d688f4b458a2,Thania Hima,2025-10-22,1,con la última actualización la cámara saca foto borrosa la cámara es pésima 🤷,negativo,com.whatsapp,,,0
e83426ec-1614-4929-8c03-3119fc7f98c2,Yhoa Lopez,2025-10-22,1,Feo no deja Actualizar el WhatsApp,negativo,com.whatsapp,,,1
2cd95944-761a-4ea7-94a6-43efffd8feaa,Lucas Orieta,2025-10-22,2,"por más veces que actualize, instale o desinstale la aplicación cuando contesto un estado con una nota de voz, el mensaje jamás se envía pesimas actualizaciones al pedo",negativo,com.whatsapp,,,0
fdfd37a0-4715-44b5-9bdd-9f57ced08c78,Pequeñin123,2025-10-22,3,me gusto mucho la aplicación pero no me aparecen todas la opciónes,neutro,com.whatsapp,,,0
fde2754f-0c50-47c0-b44c-27abbf79fcab,Ivan Rosado,2025-10-22,1,Hola buenas noches como estás,negativo,com.whatsapp,,,0
79046ade-fb8e-4049-871d-19c8747cc5f3,Julian Contreras,2025-10-22,2,"pienso que no debo opinar a la ligera, apenas voy a comenzar y lo más conveniente es observar y aprender, luego opinaré mediante Dios",negativo,com.whatsapp,,,0
1a48a8b6-5681-43e9-b598-4a8313486bca,Milena Rodríguez,2025-10-22,3,No puedo contestar / responder un comentario en ningún grupo o conversación.,neutro,com.whatsapp,,,1
cb5e9417-26b1-4f3c-94a0-c2c62d3e504d,Carlos Alvarez,2025-10-22,1,la hora de publicar un video en las historias baja la calidad y llamadas se cortan,negativo,com.whatsapp,,,0
51f090f8-aec1-42a4-bd7f-8cc5dc1f499b,Adorar es mi pasión,2025-10-22,3,"Exelente me gusta mucho pero se me daño el otro tel ahora quise instalar la aplicacion en otro cel y disque que no tengo copia de seguridad ,y por eso se me borro todo lo que tenia en el anterior cel .😩",neutro,com.whatsapp,,,0
be66cfce-2bf8-4d63-891b-eecaf42b32d0,Santiago,2025-10-22,3,La verdad como cambie mi celular quise iniciar seción en mi celular y no me deja entrar me tiene que llegar un código y no me llega,neutro,com.whatsapp,,,0
0499bcde-9e46-4bc9-9d00-f907e20babfa,Joel Marroquin,2025-10-22,3,muy buena,neutro,com.whatsapp,,,0
110484e0-4b0b-4f69-b41f-9f9029320bd8,Dayanara Concepción Pérez,2025-10-22,1,"con esta última actualización, cuando voy a responder un estado con un audio, pone como de costumbre "" enviando respuesta..."" pero nunca llega, el audio simplemente desaparece. Probé a decirle a demás amigos por si el error me pasara solo a mi ,pero resuelta que le pasa a los demás también.",negativo,com.whatsapp,,,0
9302c931-c7a0-46cd-80f9-d4874d01a72a,Xara Montes,2025-10-22,1,bien,negativo,com.whatsapp,,,0
d040f384-8e37-41f6-9b24-b65dd64408a0,Mercedes Gonzalez,2025-10-22,1,tengo problemas para ver los vídeos de los estados se queda dando vueltas y no carga el vídeo,negativo,com.whatsapp,,,0
075410d9-c12c-4b89-9e59-9fb1c40b9e0b,David A. Zúñiga Vera,2025-10-22,1,"Desde hace varias versiones de WhatsApp (a partir de la 2.25.28.x) los chats se duplican con los mismos contactos. Cada medianoche, la aplicación crea un nuevo hilo y el anterior queda inactivo con el mensaje: “Este número ahora está en otra cuenta”. No he cambiado de número, dispositivo ni SIM. Ocurre incluso después de reinstalar, limpiar caché y restaurar desde copia de seguridad. El respaldo en Google Drive mantiene la fragmentación (dos identidades por contacto).",negativo,com.whatsapp,,,0
4512e669-9c19-4fca-8c11-4332984d0f72,Johana Velásquez,2025-10-22,2,No la he podido descargar más,negativo,com.whatsapp,,,0
f55caeb4-d42c-47ce-91e5-f46f8831676c,Daniel Altamirano,2025-10-22,2,"mi WhatsApp se cerró , por un tema de spam y no entiendo porque? alguien podría explicarme y como podría solucionarlo, tengo todo la info de mi trabajo",negativo,com.whatsapp,,,0
03794235-ec46-419e-8578-b6fd2171f2d0,Mini,2025-10-22,1,se la pasan bloqueandome,negativo,com.whatsapp,,,0
c9291f73-d8fe-4765-a2e7-76bd0c015435,Boesner Lokito,2025-10-22,3,Una experiencia fuera de este mundo lo recomiendo,neutro,com.whatsapp,,,0
b70232b0-6f8e-446d-9a88-4310aa10d345,Rafael Lamela,2025-10-22,1,está presentando inconvenientes en las video llamadas.,negativo,com.whatsapp,,,0
cb321664-753d-46c2-9669-d90ee7fcd06c,Claudio Nieto,2025-10-22,1,es feo,negativo,com.whatsapp,,,0
f3a163a2-2efe-49d6-a529-d3460daa1745,María Angélica García Cabello,2025-10-22,2,defectuosa y desaparece de mi teléfono,negativo,com.whatsapp,,,0
9325a392-65ad-4359-9ea4-d7a60f1c6882,Norma Gonzalez,2025-10-22,1,no funciona,negativo,com.whatsapp,,,0
f70b2dcd-582a-4e84-86c0-cc4660f4ebb1,Diego Espitia,2025-10-22,1,porque ponen lo de span,negativo,com.whatsapp,,,0
ca8aae89-199b-42c2-8e73-a27e912301f9,Monica Gonzales,2025-10-22,1,deben mejorar esta aplicación gasta mucho al instalarlo cada mes,negativo,com.whatsapp,,,0
b947449e-2046-4801-ade2-e0b473a4924e,Mateo Salguero,2025-10-22,1,"descargue la app y no me deja ingresar, me pone el cartel de que la app no es la oficial. que descargue la app desde play store. La verdad no sé por qué si la descargue desde acá y me contacte con ellos y me mandaron un mail diciendo lo mismo. q descargue la app desde play store, pésimo",negativo,com.whatsapp,,,0
591613cb-def6-4d5b-9ff6-a870f369b066,Linda Morales,2025-10-22,1,cuando reciba mi pedido diré mi experiencia,negativo,com.whatsapp,,,0
e910ac7f-24b8-4eb0-88f9-539a088b9363,Enrique Lafarga,2025-10-22,1,no puedo agregar números a mi celular por qué?,negativo,com.whatsapp,,,0
5a0aee67-411d-41c0-b3b6-6db8faac03b5,NEBU UTSUROI,2025-10-22,2,desde esta actualización no me sale la notificación de llamadas y eso molesta mucho ya que aveces no tengo tiempo para desbloquear el teléfono y buscar en el WhatsApp,negativo,com.whatsapp,,,0
31609879-f98a-4e13-993c-1a260c76b005,yolver Sanchez Cabrera,2025-10-22,1,No sé envían los mensajes cuando apagó y enciendo el internet 🛜¿ que está pasando?,negativo,com.whatsapp,,,0
60b15268-e7bb-4bd7-8ff3-0a8e660c7982,Valeska A.V,2025-10-22,1,no me deja abrir mi WhatsApp después de haberlo instalado,negativo,com.whatsapp,,,0
aca0b9e8-ec61-406f-b7ba-69c7d2c94af6,Gerardo J Rami,2025-10-22,3,"arreglen el problema de los estados uno responde un estado y no envía el mensaje, dice que lo envió pero no lo hace",neutro,com.whatsapp,,,0
6791d601-fa8c-45fb-bd9a-d491c98990ee,Nery Rivera,2025-10-22,2,ɴᴏ ᴍᴇ ғᴜɴᴄɪᴏɴᴀ,negativo,com.whatsapp,,,0
09c81b65-c48b-4680-8f82-91d7d50e16b8,Alfa Fox Sierra Sierra,2025-10-22,1,"Pesima applicacion manipulada ÷mas seguiradad le pones mas rapido te la anulan. Robo de datos, toma de informacion sin autorizacion, Seguridad pero para el control absoluto de ellos, y nó nomas esta apl. sino todas sus conecciones de permisos y aplicaciones complices administradas X sus fabricantes ""DESARROLLADORES"" para robar idntidades, documentos, informacion etcz y sobre todo hacer daño, yo no entiendo como es k Google pueda permitir k estos tipos dañen así ala jente con sus softwares.",negativo,com.whatsapp,,,0
179891b0-4846-497c-a14c-b489489bfb6c,Pablo Juan Ramdom,2025-10-22,1,no está silenciando los chats,negativo,com.whatsapp,,,0
795986e1-1282-4532-ba0d-9a2db22a5a20,Felipe V.P.,2025-10-22,3,"Hace un tiempo que los tonos de llamada personalizados no funcionan bien, tengo puesto un sonido para mi mujer y suena otra canción que no está ni en la predeterminada. 😔.",neutro,com.whatsapp,,,0
f835384f-3180-48cc-a386-a28afdb57783,Karla Perez,2025-10-22,1,La verdad me bloquearon y no se porque,negativo,com.whatsapp,,,0
398af0b7-0789-4df2-b7f8-b90b4d8e29c7,Carlos Rivero,2025-10-22,1,no lo puedo actualizar,negativo,com.whatsapp,,,0
790c4734-cadf-4332-ab91-cae698c220df,Dafne Rodíguez,2025-10-22,3,Deberían poder seleccionar varias fotos y compartirlas por correo porque solo se puede compartir una por una y en empresas donde no puedes abrir WhatsApp web no hay forma de compartir varias en un solo mensaje.,neutro,com.whatsapp,,,0
e9c7886c-cbca-40d6-838c-0f215d12f5c9,Citally Morales,2025-10-22,3,tres estrellas,neutro,com.whatsapp,,,0
1e16bf47-1bce-40f4-906f-1cd97c671a88,Yuliani Yedra,2025-10-22,2,buenas tardes trato de intentar entrar en el WhatsApp con mi número en este móvil. que regalaron y me dice error sesión cerrada porfavor arreglen eso que muchos teléfonos tienen falla,negativo,com.whatsapp,,,0
199e507a-2488-421d-a6cf-9e887ab936a8,Ricky Toro,2025-10-22,2,malo,negativo,com.whatsapp,,,0
4ad7a969-4831-44fb-ab6d-8c3db3a11415,Maidirl Uuu,2025-10-22,1,buena,negativo,com.whatsapp,,,0
a8c78b96-700c-422e-8acb-3d62218756b1,Jazmin Estigarribia,2025-10-22,1,cada rato me bloquean la cuenta y no quiero cambiar de número,negativo,com.whatsapp,,,0
94771b42-5a89-443c-867b-8544a0eb6d75,iara Stoffel,2025-10-22,1,malísima la última actualización porque te borra la info de WhatsApp 👎,negativo,com.whatsapp,,,0
755c15ab-dbd7-4967-b4d5-709f58b090e3,Alex Ariel Soto,2025-10-22,1,una porque no se me actualiza,negativo,com.whatsapp,,,0
553a0e52-b2b2-48f2-a706-1c64edf7b9de,Arely Andrade,2025-10-22,1,basura,negativo,com.whatsapp,,,0
b7237176-3be5-40bb-890a-bf0f4a019f68,Diego. Marcial Ochoa. Pardo,2025-10-22,3,Muy buena,neutro,com.whatsapp,,,0
ac2f25c4-604c-441c-8e93-e6bc581748fa,Jl ADXON,2025-10-22,1,no me gusta que que está app tenga IA o no se pueda desactivar,negativo,com.whatsapp,,,0
9ab45466-fc04-485b-b368-a37d08325c41,Jdaniel Vp,2025-10-22,3,se eliminan mis contactos sin yo querer,neutro,com.whatsapp,,,0
2ad5b13e-35fc-4dbd-8e4d-2622007a1779,Dianna Montero,2025-10-22,1,"Querido equipo de WhatsApp, primero, ¡gracias por la opción de anclar mensajes! Pero, seamos sinceros, limitarse a solo tres mensajes anclados es como tener un vestidor con espacio para tres prendas y nada más. ¡Yo quiero anclar mucho más que eso! Además, el hecho de que solo dure 30 días es como ponerle un reloj de arena a la organización. ¿Qué pasa si necesito algo anclado por un año o más? Sería ideal contar con una opción de anclaje permanente. ¡Vamos,",negativo,com.whatsapp,,,0
e6a87365-e495-4a4d-945c-f1ced8f12771,Mirian Poma,2025-10-22,1,exelente,negativo,com.whatsapp,,,0
5d8cb473-27dc-427e-9a3d-81d2c8bd236b,Rose mida Saninte,2025-10-22,2,bien,negativo,com.whatsapp,,,0
ef1185ec-4bda-4cb2-8c5d-8f6de879f529,Anselmo Jiménez Cruz,2025-10-22,1,Mala muy me cierra la app,negativo,com.whatsapp,,,0
09e4a296-8ddc-4b14-94b3-b44edff64e9b,Sol Samsung,2025-10-22,1,no sé por qué se me blokea wasap,negativo,com.whatsapp,,,0
c499a886-c8fd-4f7f-b64b-dda36b1df553,Cristian david Reynel salinas,2025-10-22,2,lo malo de WhatsApp es que esta con meta y te bloquean la cuenta por publicar cosas de adultos y no se sabe cuando te devuelven la cuenta 😔😔,negativo,com.whatsapp,,,0
ae731bf4-ff56-41d6-b0a0-7dc5dd8df8cb,Dora Murillo,2025-10-22,3,Muy buena atención y servicio.,neutro,com.whatsapp,,,0
8f6449e8-6d8a-43d1-ac6a-768671e38898,Maria De La Luz Sotelo,2025-10-22,3,Un 6,neutro,com.whatsapp,,,0
04a8be4e-f53a-45b9-bc84-7b68ddc31c1f,Andres Marin gamb,2025-10-22,1,la aplicación ha desmejorado mucho no se puede eliminar contactos no deseados no se puede actualizar lista de contacto está cuenta no es confiable,negativo,com.whatsapp,,,2
e777c530-7840-4d44-aba5-4b25ad52b935,Gael Zamora beltran,2025-10-22,1,perfecto,negativo,com.whatsapp,,,0
656aaefc-6858-40b8-ba04-946cb39821ec,Rosii Santana,2025-10-22,1,men han suspendido el WhatsApp cuatros veces y no entiendo por qué motivo,negativo,com.whatsapp,,,0
5bb2badd-8079-4cc5-a601-87bd5fa6a12d,Gato Miegiem,2025-10-22,1,no sé por qué asen tan complicado iniciar sección nii me carga x,negativo,com.whatsapp,,,0
7b949bb2-9ad1-4475-b50a-b762da619b43,Un usuario de Google,2025-10-22,1,"pésima aplicación ya va en 3 dispositivos que dice que instale la app original, cuando es descargada de la PlayStore. con Telegram no pasa esto y se puede en muchos más dispositivos.",negativo,com.whatsapp,,,0
00dfafcd-32ff-4650-96f8-6c3f4ede71b4,Rotceh Ibeth Cordova,2025-10-22,3,dice puro instalar y no me deja entrar,neutro,com.whatsapp,,,0
35006356-a3f2-4395-8664-45d9cc4a25d9,Iván Martínez,2025-10-22,1,se ven las fotos mezcladas de conversaciones que nada tienen que ver en la foto de perfil en las notificaciones,negativo,com.whatsapp,,,0
1f973239-eb37-4e75-aa31-02838445d191,Edgar Cadena,2025-10-22,1,Acaba rato se desconecta y ya ni recibo las notificaciones y tengo que desinstalarlo y volverlo a instalar para que funcione de nuevo pésima app,negativo,com.whatsapp,,,0
3afc65ff-2e17-4684-a2b0-319455ba0d7c,Mauro olivares olivares,2025-10-22,1,no me deja entrar,negativo,com.whatsapp,,,0
3276cc70-7f78-4d00-8179-22e6f3386e0f,Luis alberto Díaz condori,2025-10-22,3,hasta las wewas,neutro,com.whatsapp,,,0
e88433ae-bb89-4e89-8199-f047262902bd,Lupe Rodriguez,2025-10-22,1,aplicación no se puede descargar,negativo,com.whatsapp,,,0
18ff7554-a4e9-44c1-8add-5870cf04fe28,Francisco Us chivalan,2025-10-22,1,No me dejan entrar en mi cuenta de WhatsApp y necesito mucho el WhatsApp,negativo,com.whatsapp,,,0
81dbe3a2-ca88-4954-9af7-666dae31c6bd,Andrea Guimil,2025-10-22,2,No me deja actualizar la app aunque tenga espacio,negativo,com.whatsapp,,,1
4e0fe7b8-9469-4541-8bc0-5da84c873fc7,David Fernández García,2025-10-22,1,A veces no notifica de que hay mensajes. Tengo un Xiaomi 13 con HyperOS 2.2 y Android 15. Solucionen esto por favor,negativo,com.whatsapp,,,10
f9e9ac7c-0ea0-4c05-af45-54ec1ec45d9b,Andres Gomez,2025-10-22,1,no me deja entrar por beta,negativo,com.whatsapp,,,0
c978759e-80c1-4a99-bd82-7b77be551f14,Gabriel-YT,2025-10-22,1,"todo estaba bien, ahora ya no puedo subir mis fotos ni mis videos en HD a mi estado salen todos feos pixeleados de mala calidad, y tengo un S25 plus no debería pasar eso",negativo,com.whatsapp,,,2
c287a753-053a-491b-8f82-4c505c191ff0,Andres Valencia bovis,2025-10-22,1,no sirve me bloquearon por gusto solo estaba escribiendo Ami amigo para que me ayude en una tarea y me bloqueó supuestamente por Spam y eso que yo no Ise nada malo,negativo,com.whatsapp,,,0
ac0e208b-9b90-4791-99c7-05d865cb9942,Tania Jiron,2025-10-22,2,"Me parese muy buena esta app,,xq no se me desactualiza",negativo,com.whatsapp,,,0
8b748c05-8548-40e5-a1b7-19908f9eefb1,Javier Luis Aguirre Oroza,2025-10-22,1,no puedo donfigurar mi estafo todo lp que me indican lo hago y no se puede,negativo,com.whatsapp,,,0
c6e89a22-0e80-4f22-916b-786b107e7741,Miguel martinajquejay,2025-10-22,2,"Esta aplicación me está fallando mucho, a mi ex ya no le entran mis mensajes y no entiendo porque",negativo,com.whatsapp,,,0
2f248bf6-3352-4a0d-997f-90bd45c21548,Amanda Diaz Hernandez,2025-10-22,3,"lo desinstale por qué dejó de sonar mis msj de wap , no era ningún problema por los ajustes dejo de sonar todos los wap aver si volviendo a instalar queda",neutro,com.whatsapp,,,0
93d41a97-7a97-454e-9af7-4f86d1ba9976,Oscar Riverol,2025-10-22,1,"cuando reaccionas a un estado con un audio no se envía , deberían corregir esa falla",negativo,com.whatsapp,,,0
13ee3a95-9353-4cec-9596-28b1a794af52,Rolando Borges,2025-10-22,1,me retirando la cuenta y no se porque,negativo,com.whatsapp,,,0
b953c8c2-9d54-4cfb-b11a-28feb07ccd54,Erick Barron,2025-10-22,3,gracias por dejarme usar está aplicacion,neutro,com.whatsapp,,,0
3d7771e7-7dd9-4d6b-b81b-a9ed6480dc70,Cristina Castañeda,2025-10-22,1,WhatsApp,negativo,com.whatsapp,,,0
875ed627-f34e-4567-8c6c-51f3a3a39aa4,Remigio Astochado,2025-10-22,1,hola briye,negativo,com.whatsapp,,,0
87470906-a5ef-4102-8763-c5faa8ae9067,Consuelo Ramirez,2025-10-22,1,Excelente,negativo,com.whatsapp,,,0
8af13c00-243b-40fe-99c2-e2b8208d11c7,Julio Juare,2025-10-22,1,"me esta fallando un montón, es lento para mandar videos cortos y aparte me tira que el archivo no existe. recién lo instalo y ya me da problemas.",negativo,com.whatsapp,,,0
a8a3343d-e628-4cea-9a5b-26bfb325904f,Benjamín Quilimar,2025-10-22,1,"malo, actualice y ahora no anda",negativo,com.whatsapp,,,0
8b9459d6-68a2-43b6-93a9-406b2ce870fd,Ruedon12 Ruedo,2025-10-22,1,se anda trabando mucho despues de la nueva actualizacion,negativo,com.whatsapp,,,0
24ed71c2-48c7-4165-8cb7-15217b07ab2d,Wilian Pinto,2025-10-22,1,No muestra nada en especial despues de la actualización,negativo,com.whatsapp,,,0
78876ee4-1717-4c2e-84c4-052c82eab03f,Elizabeth F,2025-10-22,1,"Hola sugiero que se agregue una configuración para que ciertas personas no puedan enviar mensajes de audio. Importantísimo. Otra cosa, que se puedan denunciar mensajes fake news tanto en grupos como en mensajes privados para que esos mensajes no se puedan reenviar y sean borrados. Asimismo, se de una advertencia a la personas que envían estos mensajes ya que muchas son cuentas troll o falsas que son pagadas con fines políticos, etc.",negativo,com.whatsapp,,,0
fc69c87a-e9ca-4cc6-86a9-101d72e8b54f,Cindia Reyes,2025-10-22,1,no sirve mal servicio,negativo,com.whatsapp,,,0
ac5ca826-baed-483f-b33f-ff486fe96745,Lorenzo Miñope,2025-10-22,1,MOLESTA ESTAR ACTUALIZANDO A CADA RATO YA ES UN FASTIDIO PORQ TENGO Q BORRAR APLICACIONES SEAN SERIOS POR FAVOR,negativo,com.whatsapp,,,0
c6444c4e-1e0e-4797-b86e-18dc06639e2e,Maria Fernanda Luque Illescas,2025-10-22,2,se presionq solo la pantalla,negativo,com.whatsapp,,,0
47fecb6e-b73c-4a61-a0ca-d281802db439,Eze De Barrio,2025-10-22,1,"La cámara de la aplicacion es muy mala en comparación a la de mi teléfono, desde un Samsung s22, no se como se me ocurrió cambiarme a Android de nuevo, vuelvo a IOs lo antes posible, 2025 y siguen los eternos problemas",negativo,com.whatsapp,,,0
5ab0b7dc-a412-4968-a985-b35595610b2a,Victor Hugo,2025-10-22,1,no puedo iniciar sesión,negativo,com.whatsapp,,,0
413cef78-245a-4367-a7c7-4256e2ad17eb,José Luis Soto Marca,2025-10-22,3,no rescato mis anteriores contactos en sincronizar,neutro,com.whatsapp,,,0
282146af-bed1-447a-a514-af5fa2a1414e,Araceli Suarez,2025-10-22,1,no entra,negativo,com.whatsapp,,,0
652d3147-ec98-4e1e-89f2-dc3fffbbae3e,Carmen Rodriguez,2025-10-22,1,hola soy tímida,negativo,com.whatsapp,,,0
901ff3b3-cd28-49c4-930b-e935dfa4c637,Erendira Montoya,2025-10-22,1,es que me quiero que se salga de privacidad me puedes ayuda,negativo,com.whatsapp,,,0
3a49d5b1-29ab-44a1-a515-3437d01f7064,Petronila Vasquez (Jenny),2025-10-22,1,En la aplicación el teclado no me presenta la tecla espacio hacia abajo.,negativo,com.whatsapp,,,0
0da7e2a0-07f6-414b-9bf8-79042f6f1706,Santos Emiliano Ruiz Ramirez,2025-10-22,3,lta bueno,neutro,com.whatsapp,,,0
e21d38a7-afd0-4881-b941-472f81f58457,Henrymarquez30 Marquez,2025-10-22,1,no me actualiza,negativo,com.whatsapp,,,0
459c1569-d16c-4827-a3c2-b71307e92333,Luján Ramírez,2025-10-22,2,Nadie me escribe,negativo,com.whatsapp,,,0
9e1d69a7-90fc-461e-a085-837350c60608,Jon,2025-10-22,1,Meta ia falla mucho y es muy lento,negativo,com.whatsapp,,,0
de5e26cd-22fa-4e75-8c52-cf82a1f27ba6,Andrés De La Rosa Hidalgo.,2025-10-22,1,En los últimos días llegan tarde los mensajes incluso un día después.,negativo,com.whatsapp,,,0
108763a2-5407-4a56-82f4-6df5ec1248ae,Demetrio Reyes,2025-10-22,1,gracias princesa soy algen que cree,negativo,com.whatsapp,,,0
254e529a-1a51-4bf2-be7f-1afd5a54afa4,cesar obando aldana,2025-10-22,1,"nada que ver , no me deja entrar a mi cuenta ya lo actualiza mil veces y me pide whatsapp oficial lo instalo y desinstalo y nada",negativo,com.whatsapp,,,0
dde8ce1d-7ad9-491a-badd-b477c202822f,Richard Rios,2025-10-22,1,no anda el WhatsApp pensimo,negativo,com.whatsapp,,,0
aa99cafb-5610-433e-8551-ed8f1670bb28,Angelica Olivares,2025-10-22,3,"la cámara de WhatsApp está fallando, cuando intento tomar una foto no me deja, por qué 😢",neutro,com.whatsapp,,,0
c28a01f4-41ae-4544-98cf-a5645df80c74,Sebastián Adame,2025-10-22,1,no se vale que por ser un CEL. antigua quieran sacarlo d la red.,negativo,com.whatsapp,,,0
2e6d0820-af20-4c9a-b6a7-da2720547153,Yuseidy Martinez,2025-10-22,2,"La nueva actualización en la que la descripción es temporal esta horrible, q tedioso es tener q estar poniendo una descripción cada cierto tiempo, por qué no simplemente puedo cambiarla cada 2 años y ya😭",negativo,com.whatsapp,,,1
c2e20fdf-f6c8-484d-9a9b-17f7569d9a6f,Javier Merino,2025-10-22,3,buena.,positivo,com.whatsapp,,,0
6be75da1-48c3-4b18-a61e-f08f186c2692,Pol,2025-10-22,3,"Se debería de poder usar solo con nombre de usuario, SIN NÚMERO DE TL.",neutro,com.whatsapp,,,0
1591a3ee-3d29-4ab8-b2f0-26985f9f5b88,MARÍA SASHITA MÉNDEZ,2025-10-22,1,Hola por favor necesito q arreglen esta app xq me apareció algo de whatsapp y decía algo como actualizar y cuándo lo hice muchos de mi gente quedó todo vacío y a su vez no puedo abrir ninguna app. Y saquen a su vez esa APP q es de IA o AI xq es un gran pecado de Dios y del Sr Jesucristo xq la inteligencia artificial o absurda no es aceptada por DIOS Y POR SEÑOR JESUCRISTO.,negativo,com.whatsapp,,,2
1c4a2e70-5ec3-42ea-8c3f-3e2e95adeadf,Nicolas Gallego Salazar,2025-10-22,2,"Estoy teniendo un inconveniente. mis contactos están apareciendo dos veces en WhatsApp. Tengo guardados mis contactos solo en una cuenta de google, no están duplicados y aun así ahora tengo el doble de contactos repetidos. Un poco molesto para ser sincero.",negativo,com.whatsapp,,,0
fd878ca6-374c-4a61-9bee-ff365d431610,Leiza Alegre,2025-10-22,1,"Me parece que están bloqueando cuántas a cualquiera ya es la segunda vez que estoy en revisión no se cuál sería el motivo, necesito que me habiliten mi número nuevamente tengo muchos contactos de trabajo no lo puedo perder",negativo,com.whatsapp,,,0
41dc5b66-cf91-4d06-8337-1cd1e634cde5,Cristian espada Espada,2025-10-22,2,"hola la última actualización nose si solo es conmigo pero no puedo silenciar a los contactos, o mejor dicho los silencio para siempre y en cuestión de minutos o segundos se desilencia de nuevo y queda sin silencio nose por qué, tengo un moto edge 60. necesito una respuesta",negativo,com.whatsapp,,,1
20304628-6c42-49ad-8257-456dc67ecea5,Martha Lorena Arias Sandoval,2025-10-22,1,No me puedo comunicar,negativo,com.whatsapp,,,0
da93cc72-cde9-45f8-89c3-3886020a3205,Beatriz Gómez juarez,2025-10-22,1,no me deja meterme es como si me lo viesen quitado necesito ayuda,negativo,com.whatsapp,,,0
53ed8a51-3e0e-4eaf-84e8-45392ba242cb,Amanda Batlle,2025-10-22,3,se bloquea constantemente y si compartes muchas veces seguido se bloquea aún más,neutro,com.whatsapp,,,0
322fd23f-5fb7-439f-b2d8-a76e9642cd46,Camila Esther Rodríguez Millan,2025-10-22,1,siempre me pone spam y eso no me gusta siempre que hago algo por me pone spam por 24 horas y la verdad es fastidioso me a pasado demasiadas y es molesto es pero que mejoren eso,negativo,com.whatsapp,,,0
2aeb48b9-bd63-42fb-84e5-f302abf9f6eb,Oscar Ruben Colon,2025-10-22,2,desbloquear whassap,negativo,com.whatsapp,,,0
4f356e99-51a6-4735-aa85-17bbeeb04209,Maria jose Hernández García,2025-10-22,2,gracias por sus saludos a los que me han dado los buenos días un cariñoso abrazo.,negativo,com.whatsapp,,,0
3e576fa4-f881-4c00-9ab0-108047bbdf81,Román Sana,2025-10-22,1,Este WhatsApp está medio raro,negativo,com.whatsapp,,,0
579fc107-fa4b-49eb-bc72-834f84b5b139,Mildred De Peralta,2025-10-22,1,mala tengo tiempo que no puedo subir un estado con música Dios mioooo lo he desinstalado y nada,negativo,com.whatsapp,,,0
0900ce27-b1d4-4f91-b73a-5c369119c052,Pole Hernández,2025-10-22,1,no tengo,negativo,com.whatsapp,,,0
f624993c-3941-466c-92a5-05805c645b2a,Ramon Martínez Márquez,2025-10-22,1,me bloquean a diario el WhatsApp no entiendo el porque,negativo,com.whatsapp,,,0
3f06cc1f-60aa-4250-ac86-41d650d2e991,Rosana Mercado,2025-10-22,1,"hacen lo que quieren y no dan explicaciones ayer y hoy me bloquearon mi cuenta de wasap ,sin ninguna explicación ni precio aviso.es mi herramienta de trabajo la app de whasap",negativo,com.whatsapp,,,0
99027b4b-00e3-4232-b9ff-fcef491d76d6,derbys valles,2025-10-22,1,se desactiva la función de flash durante las vídeo llamadas,negativo,com.whatsapp,,,0
1c7cf065-9a9b-4500-a888-bcabd0601a47,Freefire Hooa,2025-10-22,2,no puedo por gue no tengo chip,negativo,com.whatsapp,,,0
101c8bb1-6ab6-408a-a5b8-da826a500b3d,Cristian Acosta,2025-10-22,1,el desbloqueo con huella no está funcionando,negativo,com.whatsapp,,,0
98b97d72-a8fb-4d33-93fd-47f746e66365,John Ortega,2025-10-22,2,no deja escuchar los audios que me envía,negativo,com.whatsapp,,,0
24d978bc-0984-463a-a698-04e17c189556,Yohana Meza,2025-10-22,1,esta aplicación dice no ser oficial no completa la descarga,negativo,com.whatsapp,,,0
1f9447cf-5c69-4da3-8608-d9e7ce0bfdc4,Darlin C,2025-10-22,1,"Está muy mal que al tocar el ícono de grabación empieza a grabar, anteriormente esta opción estaba bien cuando se dejaba presionado y empezaba a grabar.",negativo,com.whatsapp,,,0
6f660879-62c2-461b-81bc-5f5ca88b25bc,Un usuario de Google,2025-10-22,3,como me comunicó por guasaad con el iess .,neutro,com.whatsapp,,,0
f6b2faeb-5912-4736-89b0-54a4e40dd14b,Gonzalo Jimenez,2025-10-22,3,está buena,neutro,com.whatsapp,,,0
f1db7079-fb2b-4d2a-96fe-472bd79ed0d3,Mirian Cabrera,2025-10-22,1,es muy mala no me deja ver los vídeos que envío o me envuan,negativo,com.whatsapp,,,0
d4b41160-7421-48a8-99da-ddb6617f57d9,Claudia Reyes,2025-10-22,1,Últimamente me están CERRANDO LA APLICACION PO 24 HORAS Y NO SE POR QUÉ???? NO VIVO NI EN CANADÁ NI ESTAFOS UNIDOD..CUAL ES EL PROBLEMA REAL....??????,negativo,com.whatsapp,,,0
6e72da52-7c23-41e6-ac5d-605d26afa682,Mathias Molina,2025-10-22,1,por una extraña razón... cuando entro a la aplicación está hace que la música se pone en pausa como si estuviera entrando en un juego... las dos últimas actualizaciones han sido un caos,negativo,com.whatsapp,,,0
75b87b19-bcb2-49c8-ba3d-5f91694ad37c,maria romina acosta gimenez,2025-10-22,2,excelente pero seria bueno que dejaran de poder enviar mensajes ilimitados porque se bloquea y es molesto.,negativo,com.whatsapp,,,0
1b7f6a02-c10b-4dab-b363-672330cb02a1,Sonia Diaz,2025-10-22,3,anda mal la actualización de WhatsApp no me deja borrar los mjs y no puedo entrar a los canales,neutro,com.whatsapp,,,1
4b1a3577-791f-41b9-9ce8-a64c490b5a40,Florencia Pelegrinelli Abudi,2025-10-22,1,no funciona,negativo,com.whatsapp,,,0
182fd428-b6b1-45d5-913b-a70e2ba033f0,Pawistle Rmz,2025-10-22,1,"Me esta fallando DEMASIADO. A diario me marca de ""restablecer los mensajes"" y cuando lo hago no avanza. estuve esperando hasya 6 horas y nada. tampoco me deja guardas copias de seguridad.. todo mal",negativo,com.whatsapp,,,0
7f319d83-0cab-42a3-9eba-9b151877c9d5,Ana Lilia Hernandez Gonzalez,2025-10-22,1,no se puede mandar audios,negativo,com.whatsapp,,,0
80823c07-cbfb-4e8f-aedd-b700ac4953a9,Fernando Fernandez,2025-10-22,1,porque todo el tiempo se me sierra seción en mi cuenta de WhatsApp,negativo,com.whatsapp,,,0
5971d755-6c9d-4ed3-a1ce-b1b5ceeb8bcc,Humberto Arteaga,2025-10-22,3,y el desayunó que n está,neutro,com.whatsapp,,,0
6c44ad10-738e-42b0-985b-1df9c8d800a7,Azacza d:v,2025-10-22,3,no me deja vincular mi WhatsApp,neutro,com.whatsapp,,,0
b81278b4-43a4-4ccd-b37f-ea87205a3f80,Ruth esther Acuña cespedes,2025-10-22,2,No me carga,negativo,com.whatsapp,,,0
12384c30-87e8-44bc-818b-2ac322ef13c5,Oskr Mejia,2025-10-22,1,noe deja descargar un vídeo,negativo,com.whatsapp,,,0
6c25b9cb-c3f3-4371-a69e-5935be6bd130,Pamela Pérez,2025-10-22,2,le quitó una estrella porque para agregar otra cuenta tarda demaciado cargando,negativo,com.whatsapp,,,0
ce315459-bcaf-4fdc-9cb6-68fe6d78140e,sergio fabian falcon,2025-10-22,1,no me deja entrar,negativo,com.whatsapp,,,0
c292df21-0b48-4648-9f66-1cf91349c2f3,Elena AJ,2025-10-22,1,"Lo mismo con cada actualización no deja enviar mensajes o no deja entrar a los grupos de whats, no me salen los archivos ni fotos ni nada y yo no he borrado nada!!!",negativo,com.whatsapp,,,2
959b8f36-1367-4831-bf99-57f3f7df16d1,ch.333,2025-10-22,1,"un completa basura, perdí toda mi información",negativo,com.whatsapp,,,0
69b7038f-d7c8-44c8-812d-e2d00b6c07b2,Eliecer Valencia,2025-10-22,3,exacto,neutro,com.whatsapp,,,0
776838fe-8d03-4ee0-bf45-4b0af70b763e,Samuel Duarte cotes,2025-10-22,3,No me a gustado resientemete,neutro,com.whatsapp,,,0
70675861-48a6-47c5-94f6-ec5dec935173,Sorc Lid,2025-10-22,3,"Me saca a casi Mitad de tiempo, lo de los canales casi poco sirve y pero me enacanta. horita me acaba de sacar de whatsapp y no me deja entrar. Al momento de pasar los datos, tarda mucho en cargar, he pasado 11 horas esperando a que se ponga el whatsapp bien y incluso en ocasiones tarda para la copia de seguridad.",neutro,com.whatsapp,,,0
c18ed456-f58f-490b-891a-a4818ff8e0c2,Verónica Vivas,2025-10-22,3,hace 10 días se actualizo la app. desde entonces no puedo desanclar chats ni silenciar conversaciones.,neutro,com.whatsapp,,,0
03e115b7-36c0-424a-8a8c-83b4d567b5af,Beatriz Sosa,2025-10-22,3,"Cuando envío videos a través de la galería me aparece ""reenviado"" y cuando quiero usar emojis en la sección de subir estados queda en negro. La foto de perfil tarda en actualizar",neutro,com.whatsapp,,,0
e187a917-cd3f-4f28-bff1-e4d7e81e4d26,Misterio y Terror Paranormal,2025-10-22,3,Dejo 3 estrellas porque aún no ponen el emoji de la mantis religiosa. Espero ese emoji desde hace años.,neutro,com.whatsapp,,,0
ac670e9e-260a-435d-88a5-a3f2c347ccf8,J- Martin,2025-10-22,3,"no puedo personalizar la notificación por contacto, intento cambiar pero vuelve al sonido predeterminado del teléfono",neutro,com.whatsapp,,,0
8a68b76c-d236-40b3-9e2f-f6aeb923b9fa,Jose Augusto Lefebvre,2025-10-22,3,"demasiado update seguidos, y estaría bueno que no sea tan pesado.",neutro,com.whatsapp,,,0
2899f740-7572-4b96-a72e-c42e582d2e59,Luis Montelongo,2025-10-22,3,es muy buena,neutro,com.whatsapp,,,0
d9f4d05a-ea1d-4888-971d-25593e30610d,Paco Cuevas,2025-10-22,3,difícil,neutro,com.whatsapp,,,1
f3ce7299-808d-4df0-a0e9-dc094d56df9c,Valeria Zuñiga,2025-10-22,3,"no me descarga las fotos en la galería no las guarda, que hago y la tengo activado la visibilidad de archivo en multimedia mi celular es un samsung A 35",neutro,com.whatsapp,,,0
b92bd364-0c79-400c-8d7d-3c6529d240f7,Lucila Torrejón,2025-10-21,3,"no me deja cambiar de tema, cuando lo hago vuelve al WhatsApp original",neutro,com.whatsapp,,,0
c2681e7e-54b9-40eb-81e4-a6a814e33885,Chano Perez,2025-10-21,3,en mi opinión este es bueno pero debería tener idiomas,neutro,com.whatsapp,,,0
aff4dd82-e549-4648-bc1d-1cf0ea657edf,Patria Reyes,2025-10-21,3,Después de la última actualización las fotos que me habían enviado antes tengo volver a descargarlas y las que yo envié directo en el chat pues se ven borrosas y me dice que esa foto no existe...¿qué pasó?,neutro,com.whatsapp,,,1
ecfd0c66-edf0-4867-b33a-d8ec482e1edd,Joanna Peña,2025-10-21,3,"Deberían habilitar las reacciones a los estados de whatsapp, asi como en facebook ",neutro,com.whatsapp,,,0
835de926-4ddd-468e-b7ac-8ba4720340cf,WILMER ANDRES ORTIZ BARBOSA,2025-10-21,3,"últimamente cuando voy a grabar una nota de voz, se demora el micrófono en activarse y las notas quedan a medias...",neutro,com.whatsapp,,,0
78214f1b-64da-4d88-b8b2-14396c8ce582,Alfredo Valles,2025-10-21,3,agradable,neutro,com.whatsapp,,,0
1a167881-72ac-4b60-99c9-c6f94fff23b1,Blanca Salgado,2025-10-21,3,no Recibo mi codigo de verificasion,neutro,com.whatsapp,,,0
5fd8d0af-68f7-450a-8087-15d022dc5b70,Ruthotilia Hernandez infante,2025-10-21,3,quiero actualizarla y no me deja,neutro,com.whatsapp,,,0
52422703-2e34-470c-9986-c8a051f24630,Oscar Rios,2025-10-21,3,buena,neutro,com.whatsapp,,,0
32af895d-7e69-47cb-a606-93e600f38c7b,SANDRA YOLANDA RAMIREZ,2025-10-21,3,está presentando problemas al visualizar estados sobretodo si son videos,neutro,com.whatsapp,,,0
51505f76-b717-42fb-b0cf-d57833813f22,Alexánder Jose Garcés Segovia,2025-10-21,3,WhatsApp es una buena opción para comunicarnos con familiares y amigos,neutro,com.whatsapp,,,0
3d13bd66-fd8f-4443-b6ab-08be3a026f18,Pug 55,2025-10-21,3,bueno en lo q cabe pero ya no estoy con un problema que me bloquearon la cuenta sin razón y la nesecito para mis estudios y me estoy atrasando y lo nesecito en fa pero me sale q lo descargué pirata,neutro,com.whatsapp,,,0
826c72a8-9503-4ae1-af15-bce74d970ff7,Miguel Yonson Tosube Surubi,2025-10-21,3,es muy buena aplicacion,neutro,com.whatsapp,,,0
aeb2c58f-beb1-460f-bf8a-7b2dab854deb,Maribel Sucasaca de la cruz,2025-10-21,3,"me dice que mi almacenamiento está lleno y me pide borrar 11 MB y lo hizo pero me dice que tengo que borrar otra vez, pero está pide más de lo pedido y algunas fotos son importantes.",neutro,com.whatsapp,,,0
3bc61825-126b-4a75-bf01-bc38b572cb3f,Cristian Graz,2025-10-21,3,Cristian quiere guasap mesejer español,neutro,com.whatsapp,,,0
9f4cd053-2988-47a2-b1af-339bf1219b95,Petrona Nuñez,2025-10-21,3,abrir Whatsapp,neutro,com.whatsapp,,,0
a4e45b79-0f7a-4886-acf0-a3fb05290ea8,Francesca Ana,2025-10-21,3,"la nueva actualización de las descripciones es una kk, cambiarla a como estaba antes xq es una tontería lo q habéis hecho x Dios. Cual era la necesidad de acortar las descripciones a la mitad y encima ponerles un tiempo límite, no lo entiendo.",neutro,com.whatsapp,,,0
c4f6c371-9abd-442b-8ba1-359f03cb987e,Emanuel Martínez,2025-10-21,3,"Vuelvan a poner la cantidad de contactos,los sacaron por una interfaz que no ayuda para nada.He notado también que cuando se borra un contacto desde la agenda lo mismo sigue apareciendo en WhatsApp",neutro,com.whatsapp,,,1
32f3d4ee-a32b-4485-8dc8-23d65d5c296b,Alejandro T,2025-10-21,3,"Con las últimas actualizaciones; en las videollamadas con fondo virtual; ya no toma mí imagen con la cámara (aparece solo el fondo!) Al quitar el fondo, mí imagen aparece correctamente",neutro,com.whatsapp,,,0
4383f3af-760a-479d-ac83-314bbf3db426,Call Hosting,2025-10-21,3,yo quiero recuperar mi wasapp,neutro,com.whatsapp,,,0
2bd6aeac-e638-4f5f-b024-b819b586a149,Adi Rivas,2025-10-21,3,falla en las notificaciones aunque ya te metas a ver tus mensajes siguen notificando,neutro,com.whatsapp,,,0
dc04a3a6-1622-4747-8b63-a1822f3d6728,Pepe Perez,2025-10-21,3,hay Dios mío muchos años usando WhatsApp por no mejoran los bendito audios de vos enserio con eso siempre andamos vatayando por no mejoran eso enserio yo uso tu plataforma deberías mejor esos los audios enserio 3 de calificación 🤔,neutro,com.whatsapp,,,0
ab504941-58ba-442d-8579-972e54c6bd64,Claudia Crossa,2025-10-21,3,me funciona con fallas.,neutro,com.whatsapp,,,0
90272461-d2fb-47fb-99db-31064d46c7fd,Eugenia Ospina Cifuentes,2025-10-21,3,me bloqueo los emojis y stickers que puedo hacer,neutro,com.whatsapp,,,0
402bfb9c-d0c5-40b7-be67-1aefcd296e35,Mirtha,2025-10-21,3,mi whatsapp sqle qué esta bloqueado,neutro,com.whatsapp,,,0
b05a514c-e59b-4621-8efe-f2683f843888,Briana Alarcón,2025-10-21,3,no puedo restringir chat,neutro,com.whatsapp,,,0
376ce981-1f44-4762-9e6d-2474b793b776,PETRA NAYELI Santos picazo,2025-10-21,3,me guta el wapp ami se muy ultil,neutro,com.whatsapp,,,0
4f9be461-dbdd-4856-ade5-16885c7844d2,Olguideth Gonzalez,2025-10-21,3,"Todo bien hasta la última actualización reciente, que no me deja compartir los estados donde me mencionan eso me tiene muy decepcionada 🫤",neutro,com.whatsapp,,,0
ef901b17-2b37-4ab9-8218-7729de8c29a7,Mariano Cervantes,2025-10-21,3,"Mueven de lugar los contactos y al buscarlos aparecen pero sin nombre, sólo los íconos a la izquierda, los mensajes llegan todos a la vez hasta que abro la aplicación para ver si hay o no, las llamadas suenan muy poco aun teniendo al máximo volumen y al contestar se apaga la pantalla y hay que ingresar contraseña para desbloquear y por último, los mensajes de audio están ligados al sensor de luz de la pantalla, se callan si no hay luz y es muy molesto.",neutro,com.whatsapp,,,0
ba863aff-4fad-4358-9b82-85865ee139f0,Carlitos Vega,2025-10-21,3,"holaaa BUENAS ESPERO ME COSTENTES. LA APP ESTA CON UN PROBLEMA PERO QUIERO SABER SI ES SOLO MI CELULAR O EL.DE TODOS. QUIERO COMENTAR UN ESTADO DE ALGUNA PERSONA, CON UN AUDIO Y NO LE MANDA ME EXPLICO MANDO AUDIO COMENETANDO DICIENDO ALGO. Y NO LE LLEGA. SI LE ESCRIBO SI?????",neutro,com.whatsapp,,,0
137597e6-0595-4d2e-9656-7232dc042f76,Pedro salcedo flores,2025-10-21,3,Aceptable,neutro,com.whatsapp,,,1
5b5fbcaa-3b01-442c-a972-a9f4280aafe9,Juan José Harry,2025-10-21,3,"Desde la última actualización , algunas veces voy a grabar una nota de Voz y me dice que la grabadora no se puede configurar. No he podido arreglarlo",neutro,com.whatsapp,,,0
174e692c-c186-4687-878a-010fbae08e54,Hyoga Cygnus,2025-10-21,3,Para los que no nos interesa o usamos meta ai tendría que haber una posibilidad de quitarlo u ocultarlo,neutro,com.whatsapp,,,1
afbd49b7-ec0b-42e7-bc5d-6b9d8b818bc3,Abel Alarco,2025-10-21,3,buena,neutro,com.whatsapp,,,0
6a29b0ec-e188-4108-95a8-fa8974df302f,Edgar Avendaño,2025-10-21,3,excelente gracias,neutro,com.whatsapp,,,0
fa00505b-1d49-493d-b7f3-ac70ccc9db50,Jaime Puerto,2025-10-21,3,esta un poco mejor,neutro,com.whatsapp,,,0
eea4ce71-d36e-4e3c-934e-aa1cea092445,Yami Pz,2025-10-21,3,"Hola buenas, yo le pongo solo 3 estrellas porque anda mal y tarda en enviar las fotos o imágenes como también videos",neutro,com.whatsapp,,,0
7d19478f-ffe2-4ce0-96f1-2996c51cfea2,Fredi Diyo,2025-10-21,3,muy buena,neutro,com.whatsapp,,,0
11fc68b5-0821-46e3-8584-afa77cff703a,Estitxu Guerrero,2025-10-21,3,pues llevo un tiempo que quiero actualizar la lista de contactos del whatssap y no me deja no me salen los 3 puntitos como antes me sale como un teclado todo lo tengo como al principio de descargarme la app y a cambiado eso arreglenlo xfavor,neutro,com.whatsapp,,,0
fe59eba0-dd04-436c-8994-7335e9009843,Maxi De lauro,2025-10-21,3,Se deberia poder enviar fotos y videos con la misma calidad nativa del dispositivo. Tengo activado carga en hd. pero las fotos q mando decaen mucho su calidad. me arruina la.foto q saco con el.S25U. El.envio es por wifi y datos 5g. no hay problema con eso. Agregar efectos p los estados.,neutro,com.whatsapp,,,578
2abb902f-9f01-4989-a2ca-7c34e3d60099,Maria Luisa González Téllez,2025-10-21,3,"es una herramienta muy necesaria la e usado durante años , hoy no puedo acceder",neutro,com.whatsapp,,,0
c55ad7f4-f931-4ea2-ac7e-bc89e57ead50,Mane,2025-10-21,3,¿Por qué ya no se puede actualizar el chat desde la misma app?...,neutro,com.whatsapp,,,2
40730d6b-351f-46cf-ac41-d3a8eb8732bf,Matza Laut,2025-10-21,3,Yess Tes,neutro,com.whatsapp,,,0
ecc5cac4-38a7-4d74-9041-e63c90959dba,Victor Manuel Molina,2025-10-21,3,nomedeja abrir,neutro,com.whatsapp,,,0
850ef734-cdc3-486e-bc57-de445e21c661,Alfredo semion Quintana capcha,2025-10-21,3,Hola es una red muy interesante para trabajar o también transferir algún producto,neutro,com.whatsapp,,,0
ef51883e-d322-4ecb-bc2e-43e95d18176f,Roger Rodríguez,2025-10-21,3,Está fatal se ve una foto d perfil y en llamadas se ve otra foto no puedo ver la info sin actualizar contactos xfa arreglar está situación,neutro,com.whatsapp,,,0
09577685-6d1d-4811-b8b6-a1e28e806f6e,Matías G. Ventura,2025-10-21,3,"Desde hace ya mucho tiempo que el proceso de copias de respaldo es deficiente; o no termina o no se dispara cuando debiera, además que no se puede elegir otro almacenamiento que no sea el de Google. Sumado a todas las características superfluas que están agregando actualmente, personalmente preferiría usar otro mensajero, como Signal. Lamentablemente todo el mundo lo usa, entonces es casi imposible apartarse de esta aplicación...",neutro,com.whatsapp,,,0
8666be1f-9ec3-4e51-8720-a2f887c66b4a,Sonia,2025-10-21,3,buena,neutro,com.whatsapp,,,0
a024e848-baba-4ccd-b3b4-83ec7e75c5a2,Gustavo Yedra,2025-10-21,3,bueno,neutro,com.whatsapp,,,0
f36652d1-6597-43af-a50b-681c487cf2fa,misael vazquez valencia,2025-10-21,3,"Ahora cada vez que envío una foto aparece como ""reenviado"" a pesar de tomar la foto en el mismo chat destino. Ayuda!",neutro,com.whatsapp,,,0
5ac6ff1a-65b5-408a-a5c5-15fb44d838eb,AJMP AJMP,2025-10-21,3,realmente WhatsApp es una empresa que ya se está pasando demasiado deseo crearme una cuenta de. WhatsApp y me sale con que la aplicación oficial de WhatsApp que si esto que si lo otro ya estoy alterado por su culpa eso es tremenda falta de respeto si van a sacar una aplicación hagan las cosas bien,neutro,com.whatsapp,,,0
ba4653bc-bb54-4e1b-9369-6af30187dd4c,Veronica MBustamante,2025-10-21,3,"no puedo vincular dispositivos. aparece la opción pero no aparece el lector de QR, ni tampoco me deja introducir el código. antes si me dejaba conectar a mi laptop",neutro,com.whatsapp,,,0
5d81d028-2f07-4cc4-8b8d-e91289c0eca4,sofia david,2025-10-20,3,no medio para yamar,neutro,com.whatsapp,,,0
23e82dc0-1fb3-45fa-a570-a32a66baf93a,yago Jara Neyra,2025-10-20,3,ok,neutro,com.whatsapp,,,0
e6b3d69c-a133-4009-83ae-abbb2ceb7511,Emilio Diaz,2025-10-20,3,pornoxxx .Princess,neutro,com.whatsapp,,,0
0bb186a0-9812-4cdf-b094-74deca57b830,Ale M.,2025-10-20,3,"Es excelente, pero cuando modifico la opcion de transcripciones de msj de voz no me lo toma SIEMPRE queda en nunca",neutro,com.whatsapp,,,0
03944f4d-b122-42ff-af40-3248fe813298,Alejandra Garcia,2025-10-20,3,bien,neutro,com.whatsapp,,,0
5207e275-46a3-4a0d-949f-4a9141b1d0f1,JOSE MARIA CARVAJAL GARCIA,2025-10-20,3,No se quiere actualizar ahora tengo problemas en las descripción de mis contactos,neutro,com.whatsapp,,,0
c572fd07-ea54-4e46-930a-dafc80d80d2a,ESTEBAN BENITEZ,2025-10-20,3,"estoy reinstalando la app, pero no me deja entrar me dice que necesito la app original se supone que es esta la app original no entiendo",neutro,com.whatsapp,,,0
8bccdf21-c40e-4496-beb8-82ab48aed594,Rafael Nuñez,2025-10-20,3,ojala tuviera mas funciones ajaja,neutro,com.whatsapp,,,0
3c0088fa-f906-415a-9c90-2cba8a436ad3,Miguel angel Bosca perez,2025-10-20,3,Un poco artemas tarde,neutro,com.whatsapp,,,0
00cea4c2-1c9c-4e6f-8c51-c67550938128,antonio sarmiento,2025-10-20,3,"tengo mala experiencia en este mes de octubre mi cuenta cada vez me la bloquean porque dice spam y ya me la han desbloqueado como 15 veces porque se los he pedido, pero ya cansa que cada vez me la bloqueen y quiero una solución y que ya no pase más comuníquese a mi correo para una solución o me digan cuál es el problema y este número es nuevo",neutro,com.whatsapp,,,0
55a780bd-eebf-4b4c-8fb0-d0e0385d7ffc,Ana Molina,2025-10-20,3,"Mi app está combinando las fotos de mis contactos. es decir me sale la foto de un contacto y esa no es su foto y viceversa. ya force cierre, ya reinicie teléfono y sigue sucediendo. fue desde la ultima actualización ¿alguna ayuda?",neutro,com.whatsapp,,,0
f7c9966d-4897-4cff-ad09-787ddbd0566a,Eduardo Cortes,2025-10-20,3,a alguien más le está fallando que al momento de entrar a tu cuenta de WhatsApp se queda cargando y no ahí se queda si alguien sabe cómo solucionarlo o me pedían ayudar se los agradecería bastante,neutro,com.whatsapp,,,0
7ea6eb95-f1f4-4338-87f8-e423cbb090b8,Nelida Lovey,2025-10-20,3,es super útil esta aplicación . pero queda muy distinta al de un iPhone su bandeja de entrada es muy absoleta cambien eso !!,neutro,com.whatsapp,,,0
1f39c03f-50fb-4696-8f07-7e8b0f1b7e8a,Dario gabriel Barrera,2025-10-20,3,bien,neutro,com.whatsapp,,,0
f6f3443f-450f-4ad5-8c6e-1d489712d102,Guillermo Delgado,2025-10-20,3,bien,neutro,com.whatsapp,,,0
1461e5bc-3f26-4462-87ae-f7ff591a37ed,Paula Alvarez (Pauchy),2025-10-20,3,funciona con errores,neutro,com.whatsapp,,,0
20c6202e-8cde-47c3-9aac-6cdac481d876,Alberto Contreras,2025-10-20,3,"la última actuación mala, cuando tengo mi móvil conectado a un dispositivo bluetooth, hay ocaciones en que los mensajes de audio o videos que recibo, no salen por el dispositivo, tengo que desconectar y volver a conectar.",neutro,com.whatsapp,,,1
966717ac-c872-4868-970a-d37e8a950907,Silvia Dascola,2025-10-20,3,donde esta la opción de pantalla liquid glass ? para los chat,neutro,com.whatsapp,,,0
ee3fe294-38bf-4c52-91ae-8092f8140fc2,marcos murillo ardiaca,2025-10-20,3,buena,neutro,com.whatsapp,,,0
fb02ac1b-9e7d-4890-99fd-13367f506ba6,Christopher Cruz Ramirez,2025-10-20,3," Por favor mejoren la calidad y resolución de los estados que subimos a WhatsApp por favor y que sean de la misma calidad que los videos que descarguemos y añadan la resolución 1080p , 1440p o 2K , 4k por favor 🙏",neutro,com.whatsapp,,,2
afdae15c-d7cb-4f2c-b631-1481f5211bed,el flaco Android,2025-10-20,3,fuera mejor poner mas temas soy muy pocos temas como de personajes fuera algo muy lindo gracias por eso 3 estrella,neutro,com.whatsapp,,,0
8040f1ac-437e-4aab-83eb-91e4eecfee30,Un usuario de Google,2025-10-20,3,hola porque no puedo mandar audios . me aparece un cartel de memoria interna y que desconecte usb almacenamiento y tengo un montón de almacenamiento todavía. sera algo de la actualización?,neutro,com.whatsapp,,,3
cd0d4ad4-bde9-4283-a220-ba4c338fc31f,Theo Gonzalez,2025-10-20,3,es muy buena pero no me deja entrar antes podía entrar y ahora no puedo entrar no sé qué qué puedo hacer,neutro,com.whatsapp,,,0
9b4a8870-3835-4076-a6ef-2f705b88caf9,Carlos Esparza,2025-10-20,3,regular,neutro,com.whatsapp,,,0
b123daf5-6c63-415b-9488-d2468eecdf62,Alexkarmora,2025-10-20,3,A alguien más le pasa que le siguen apareciendo los estados de contactos que han eliminado y que estos también siguen viendo los estados que ustedes suben?,neutro,com.whatsapp,,,1
1f1f76eb-8fcb-4d8f-884c-7c47498f355b,Eusebio Angel Céspedes Gomero,2025-10-20,3,ojalá solucione,neutro,com.whatsapp,,,0
37c60a39-8d17-4160-b25d-4e875a54302d,Gilverto Ibañez,2025-10-20,3,me gusta el julbol y correr cómo un campeón,neutro,com.whatsapp,,,0
9ed86091-9686-43bd-b41c-6bb53020c186,Solange Santis,2025-10-20,3,ok,neutro,com.whatsapp,,,0
cb1798ec-49ee-4635-ae78-43338dab3323,adalgisa Torres,2025-10-20,3,muy buenas,neutro,com.whatsapp,,,0
1d2a2d34-95e1-42eb-87a4-533e31ef9c35,Mariano Giuliano,2025-10-20,3,"Mala experiencia en mi smartwatch ,M99,el chat se cierra y pone enviar comentarios que no son respondidos",neutro,com.whatsapp,,,0
a9f4d0ba-d387-4a22-be2c-4e325346d1de,Blanca Acolt,2025-10-20,3,no me salen varios contactos,neutro,com.whatsapp,,,0
2466021b-f88a-4d47-9c83-ba7f8001067e,Gladys Vera Rodríguez,2025-10-20,3,"Le daré 5 estrellas cuando agreguen el emoji del tereré, bebida nacional que identifica a mi querido Paraguay 🇵🇾 y a tantos paraguayos que utilizamos la aplicación.",neutro,com.whatsapp,,,0
958f7a4b-2bc5-42a5-b844-6d08a1fc8700,Luis Alberto De la Ossa,2025-10-20,3,bacano,neutro,com.whatsapp,,,0
ee80c420-7ea1-4277-8100-2e639924b06f,JHéctor Acuña,2025-10-20,3,"Cuando me llaman no aparece el contacto, solo el número y no puedo responder si no se quién me llama.",neutro,com.whatsapp,,,0
afbd4ec7-9dfa-464b-95f2-94a0b307f0c7,Camila Riera,2025-10-20,3,Si pusiera los emojis iPhone fuera mejor,neutro,com.whatsapp,,,0
13f991b5-6f2e-4ab4-befc-7c3d7c077581,Irene Xochipa,2025-10-20,3,me gustan las manualidades,neutro,com.whatsapp,,,0
b2b045d1-f5d4-4dfd-a39c-0a636eb5e724,JUAN PABLO DIAZ,2025-10-20,3,"incompatibilidad con mi tab s10 ultra. Los audios no se graban, a cambio queda un ruido cuando grabo con auriculares de cable.",neutro,com.whatsapp,,,4
4d38a5b3-521c-4080-86ec-89ca421fd3c8,David Alvarez,2025-10-20,3,"ay un error, cuando subes estados a veces a el que los subió no le aparecen ni menos puede ver quien los vio, Pero aún así los que tienes agregados si lo pueden ver, chequen eso, gracias",neutro,com.whatsapp,,,0
288611b9-1eea-4bac-8b01-25c08cc30312,Angel Riveros,2025-10-20,3,"con cada actualización aparecen más errores, bloqueos, se desactiva en pleno uso, ahí veces que no te figuran las notificaciones si no abrís la app. cada vez peor, espero que lo mejoren. era muy buena aplicación, hace tiempo no funciona al 100",neutro,com.whatsapp,,,1
30789495-5c0b-4a71-811c-c1035769bc30,Manuel García Boza,2025-10-20,3,Buenaaaaa,neutro,com.whatsapp,,,0
95f405f3-c82b-4fce-9dec-af0f073963b8,miguel ruesta,2025-10-20,3,"es porque tienen diferencia, o mejor dichos mejor funciones para iPhone que Android. eso .",neutro,com.whatsapp,,,0
2ff4e2de-5801-4b3e-ba60-31e2845e005c,Alfons Almagro,2025-10-20,3,esta bien,neutro,com.whatsapp,,,0
3b57b26e-2815-42f9-8aca-7bcfafd79d18,E/teban,2025-10-19,3,bueno,neutro,com.whatsapp,,,0
a9e28530-4aa7-4b54-bbb2-25b3f97ce13c,Lizzeth Mendoza,2025-10-19,3,"Le doy 3 estrellas porque la AI, aun no le aparece a mi celular y a los demás si, intente actualizarlo y no cambia nada, lo desinstale y lo volvi a instalar y cambio nada. Y mi celular no es el de el problema.",neutro,com.whatsapp,,,1
2b3ef560-8d6e-42b9-ba6b-ef895bbdf4f3,antonia flores hdz,2025-10-19,3,muy complicado instalar whattsapp,neutro,com.whatsapp,,,0
24d7db95-1902-4ca7-b734-dc09b1148eef,Radio total 505,2025-10-19,3,no sirve para descargar los estados se tarda mucho,neutro,com.whatsapp,,,2
23cb333b-9442-4077-8655-0f613d6a0dc7,Monica Nirich,2025-10-19,3,no sé no la use,neutro,com.whatsapp,,,0
4e22d993-7732-4ceb-9334-f954666884c1,ARG 92,2025-10-19,3,Le falta vp8 en llamadas,neutro,com.whatsapp,,,1
de8be43f-1533-4c8e-b686-57814c523750,Sujey Porras,2025-10-19,3,por q está fallando,neutro,com.whatsapp,,,0
f658c039-77e2-4733-9494-bd0384b89e20,SERGIO P.,2025-10-19,3,buena aplicación,neutro,com.whatsapp,,,0
1950a5e7-7271-4ceb-97a7-84ea6398e6e5,Cristian Mendoza,2025-10-19,3,no me agrada para nada la actualización de como ver los estados de WhatsApp gracias,neutro,com.whatsapp,,,0
1aa27561-193d-4d4e-b839-5aab109b9106,Briana Antonio,2025-10-19,3,con WhatsApp muy buenas esperiecia,neutro,com.whatsapp,,,0
696b14f0-78ed-42ba-8365-ab334defabb2,Eva Guerrero,2025-10-19,3,Me parece un medio para comunicarme con las personas que me interesan y preocupan.,neutro,com.whatsapp,,,0
dbd9c541-adb3-48b7-be42-c213150a9a5c,rances,2025-10-19,3,Regular,neutro,com.whatsapp,,,0
cb36681e-8f7c-4898-9bef-9dcebdcef16b,Erika Carrillo,2025-10-19,3,buena pero hay un problema,neutro,com.whatsapp,,,0
3d5520e8-8ad7-4c25-8d9b-fa1378bb6291,Yohana Bernal florez,2025-10-19,3,bueno,neutro,com.whatsapp,,,0
9a10ede4-3ed5-4bd8-ad90-2739f7037aa4,isael gomez,2025-10-19,3,porque en varios celulares le an quitado la opción de efectos en las videollamadas.,neutro,com.whatsapp,,,0
ebcbee84-1ed8-45fd-9029-217b4b9a5c25,Jackson Basco,2025-10-19,3,el juego es muy bueno solo lo malo es que no sale nada bueno solo cosas un poco aburrida,neutro,com.whatsapp,,,0
e1717650-322a-441b-92a7-27d1c474e8cc,Brislanda Denis,2025-10-19,3,"es excelente en todos los ámbitos, pero tengo solo un problema, tengo una semana sin que me deje entrar siempre dice que tiene un problema de sistema espero que arreglen eso pronto.",neutro,com.whatsapp,,,1
d4243a92-c699-4ab4-bc5c-7e9b287d5d9a,Giuliana leiva,2025-10-19,3,"estaría bueno que le agreguen la opción de la eliminación de contactos más fácil, de poder seleccionar varios y poder eliminarlos en un segundo sin tener que hacer tanto quilombo",neutro,com.whatsapp,,,0
13fe6a93-2976-4731-adb1-1d39ee4c359b,Jesús Melendez,2025-10-19,3,"desde la última actualización, me saca constantemente de WhatsApp, no se si sea que tiene virus mi celular o sea error de la app 😭",neutro,com.whatsapp,,,0
15d4031a-2f9c-4e3c-a8d8-011232b2fc90,Silvina Gisela Cusien,2025-10-19,3,No uso gmail excepto para fotos y videos ya que no encuentro otra forma de guardarlos. No me gusta porque tiene poca capacidad y sino hay que pagar mucho pues cobran en dólares estando en Argentina. Mis correos de gmail ya no reciben ni envían mjes. Así que no puedo recibir el código para ser verificadora y no me contestan. Uso outlook. No me gusta Google.,neutro,com.whatsapp,,,0
23afda25-1f80-4db9-b966-99bc04dde7d4,Gustavo Rodriguez,2025-10-19,3,Estoy intentando poner una foto de fondo de chat y se me desaparece apenas cierro el chat.,neutro,com.whatsapp,,,1
62d68296-8da0-4593-8890-7482bd72e029,Joel Muñoz,2025-10-19,3,"cuando anclo a una persona, se borra sola",neutro,com.whatsapp,,,0
52c9b123-7761-44ae-99c4-8f4371cdd1bc,FÁTII GARAY,2025-10-19,3,"mi WhatsApp se queda trabado, se congela, no se porque esta pasando eso",neutro,com.whatsapp,,,4
7e639b98-34f9-4451-b59a-5474c68074fa,Genesis Jimenez,2025-10-19,3,No puedo mandar mensajez,neutro,com.whatsapp,,,0
7091f0e1-51e3-443e-b782-275c6c7cbf4c,Natalí Montes de Oca,2025-10-19,3,tendría que tener una opción de poder editar los estados de WhatsApp.,neutro,com.whatsapp,,,0
fe7daeaa-0d0a-44ee-b0a3-0df76755a154,Karen Reyes,2025-10-19,3,no me gusta que los archivados salgan de último,neutro,com.whatsapp,,,0
eac32390-084a-47b1-ab1e-2bfe5bfef6bf,Ania Solano,2025-10-19,3,pasó viendo vídeos todos los días,neutro,com.whatsapp,,,0
894191d8-d862-4057-948e-107a123aa8da,gustavo enrique,2025-10-19,3,no puedo entrar en mi WhatsApp melo bloquiaron desconozco los motivos,neutro,com.whatsapp,,,0
562a49ad-5003-4cf9-bfbb-6b285297bf00,Carlos Enrique Choy Euribe,2025-10-19,3,Esta bien,neutro,com.whatsapp,,,0
3f1e4ffb-e35a-4c12-bf74-a643667130bc,ENZO LUIS BUENA,2025-10-19,3,la función de la música no contiene tanta música por que quería poner una canción que le gusta a mi mamá hoy je es día de la madre y no esta tampoco en tiktok e instagram que es (Para ti Mamá) de los Leales,neutro,com.whatsapp,,,0
6dc75688-74a2-450d-a85e-08cb7722016d,Jade gabriela Pariaton ushiñahua,2025-10-19,3,Es una buena App,neutro,com.whatsapp,,,0
bec29259-619d-46d2-8f02-0c2416345d26,Javier David Juarez,2025-10-19,3,A mejorado muchisimo..l día de hoy tengo mis dudas ues al menos a mi me está fallando mucho pues después de nadar 15 o 20 y mensajes seguido el sistema se está bloqueando y hadta después de 24 horas me permite volver a activarlo.,neutro,com.whatsapp,,,0
575992d7-088c-4fc2-acd3-cd558429f6e4,Francisca Sánchez,2025-10-19,3,A veces muy lento,neutro,com.whatsapp,,,0
515f4989-c5f7-4d6e-962e-211403e676c5,Enrique Flores flores,2025-10-19,3,es una bueno aplicación pero no me permite descargar la aplicación la desinstalé porque no se quería actualizar y ahora que la quiero descargar no puedo,neutro,com.whatsapp,,,0
18a6d155-39dd-4522-94b4-680b058b7dc9,Mari Carmen Perales Biosca,2025-10-19,3,"no sé que decir,me parece bien probaré aver como va .",neutro,com.whatsapp,,,0
8f73a685-1450-4634-b560-43218027ed8a,alexa-oficial,2025-10-19,3,los mensajes anteriores cuándo vuelves a descargar WhatsApp no se cargan,neutro,com.whatsapp,,,0
9def9676-253d-4f6d-b15b-25a9aaecfdd3,Sidgri Gianella Collazos Bujaico,2025-10-18,3,"la app es muy buena pero, cada cierto tiempo se borra una de mis dos cuentas, yo tengo dos números así que tengo dos cuentas de WhatsApp, pero como dije cada cierto tiempo la cuenta secundaria se borra y eso me afecta.",neutro,com.whatsapp,,,0
c4feeacc-85b2-4aca-86bf-1e9764a96f41,Antonio Peña,2025-10-18,3,"en el oppo A58 me va bien lento comparado a otros teléfonos de gama baja que he tenido, chequen eso porfa ",neutro,com.whatsapp,,,0
d4fe9dc8-5b3a-4789-bcfb-5cdf17658d7e,Pablo Gomez,2025-10-18,3,genial,neutro,com.whatsapp,,,0
8e709171-7f14-45f9-8ed7-1695269a8c1f,gpe Rogelio melendez mercado,2025-10-18,3,límita la interacciones al monopolizar y fomenta el diálogo y evita la comunicación la sabotea,neutro,com.whatsapp,,,0
8988e59d-7760-4594-9916-e403c7bc9975,Miguel,2025-10-18,3,Como diablos se quita el icono de meta ia del whatsapp??? q molesto es ese ícono y mas importante xq diablos pusieron ese ícono sin pedir autorización??,neutro,com.whatsapp,,,0
6b900873-be85-4c69-a0e4-825d539d3536,Corneĺio Santiago palomo,2025-10-18,3,enamorado,neutro,com.whatsapp,,,0
6b6a1061-e905-4db4-9286-d1537d562428,jocabeth saez,2025-10-18,3,no sé actualiza,neutro,com.whatsapp,,,0
a6a3a7e6-1f9d-42c5-a3f9-70239a349fc4,Mark Cruz,2025-10-18,3,no me deja ver la información de la aplicación,neutro,com.whatsapp,,,1
eda6f244-1432-45f5-b579-7883078dc6ac,Alan Pérez,2025-10-18,3,No pude restaurar los chats de mi teléfono anterior,neutro,com.whatsapp,,,1
60b579b4-b92d-4bd1-89a9-fea132183837,Thaylin Padilla,2025-10-18,3,era mejor como estaba antes de actualizar contactos me era más fácil 😂,neutro,com.whatsapp,,,1
2dcf846a-8514-4e1d-aabd-455055f48651,Adolfo Balderas,2025-10-18,3,"Es buena, la recomiendo",neutro,com.whatsapp,,,1
1c9dda66-ad24-40a0-afcc-df938badeed1,Daniel Santiago,2025-10-18,3,más o menoS,neutro,com.whatsapp,,,0
361222c2-d7a3-48df-a93c-14355d1508ad,Neidys Velasquez,2025-10-18,3,bueno,neutro,com.whatsapp,,,0
3f389506-cf7d-4509-b2de-59541eac62d5,Alberto Andrade,2025-10-18,3,buena app pero en la función de canales ponen fotos para adultos y nose como esq permite eso WhatsApp aunq los reporte no ay siguen que arreglen eso,neutro,com.whatsapp,,,0
344cf78b-3e2a-4b53-a541-e3935ddf3325,Gretel ferreria,2025-10-18,3,No me gusta xq se hace el spam cuando las personas te denuncian pero igualmuybien,neutro,com.whatsapp,,,0
59b4edcf-8c78-4e96-a4cc-2a06768078b7,ThanRamdon2025 Ram,2025-10-18,3,"Le doy un 3, si esta bien todo chido, pero es que Meta Ia sea mejorara y que tenga una memoria mas que recuerde conversaciones y cuando intento preguntar o frescarle la memoria no resulta y es molesto, podria un poco mejorarla, posiblemente?",neutro,com.whatsapp,,,0
ab3e53bf-7047-43c9-87ed-452e03bd7430,Carmelo Canchi saravia,2025-10-18,3,quiero whatsapp para chatear y informativos,neutro,com.whatsapp,,,0
30df0c95-eb23-4a2e-8694-ab31b0693a44,Mario Ortiz,2025-10-18,3,"Vengo teniendo un problema con esta actualizacion que no me da la opcion de ajustes,he hecho de todo para intertar resolverlo y no me aparece !!",neutro,com.whatsapp,,,0
922e55c5-c722-49dc-a453-d095983b64fe,Paulina Concepción Jarquin Bermudez,2025-10-18,3,"Me gusta mucho pero me gustaría que en su nueva actualización pusieran la opción de guardar los videos de estados,una sección solo para solo canales no me gustan que estén juntos con la de los estados y también para los grupos que estén separados de lo chat... esa es mi opinión lo demás esta bien.Esta nueva actualización todo mal hay cosas por ejemplo cuando le doy a leer a más no se abre el mensaje y por otras cosas más que no puedo escribir porque no me deja le doy esa calificación.",neutro,com.whatsapp,,,13
1d726de0-3239-4358-809c-eba3d75f8691,Teresa Ortega,2025-10-18,3,"hace días no se q paso con la app, pero estaba texteando con un contacto y mande una foto tomada directa desde WhatsApp y a mi contacto le apareció como reenviado, 🙄😒 no se q paso hay xq no reenvíe nada solo tome la foto y directo la mande fue raro pero me causó problemas",neutro,com.whatsapp,,,0
d0de5b67-302f-45b0-8006-ba3f4a24de40,Erika Ramos,2025-10-18,3,Regular,neutro,com.whatsapp,,,0
ce6290a9-cc3e-4550-81a5-c32f5754f97b,Keylin Valenzuela,2025-10-18,3,es excelente,neutro,com.whatsapp,,,0
90da2cad-2fd6-4ae5-ba16-09b9cebf7413,Arcel Rodas,2025-10-18,3,aveces no me deja mandar mensajes como si no tuviera Inter cuando si tengo esa parte me parece fastidiosa y lo demás todo bien,neutro,com.whatsapp,,,1
5f2df9ab-b019-44f5-90af-99f74e1933d6,Erika Fernández Dávila,2025-10-18,3,"me suspendieron la cuenta por supuestamente mal uso, soy una persona muy común y normal no le hago daño a nadie me siento muy triste 🥺🙏🏻🙏🏻😭😭😭",neutro,com.whatsapp,,,1
b6a7d328-1421-4147-a552-0c48a28a1929,Natasha Cruz,2025-10-18,3,Solo pork si,neutro,com.whatsapp,,,0
ff2b6389-a33e-47ff-8706-e41e03016b32,Fabian Velgara,2025-10-18,3,me dice que la app no es oficial y no me verifica,neutro,com.whatsapp,,,0
eb3d2b94-bcf8-48f0-85c9-177058fe19f5,Darwin Jose Gallardo Ramos,2025-10-18,3,"Son más eficientes con el sistema IOS que para los de Android en cuanto a las actualizaciones, ejemplo ya tiene versión integrando los cambios en IOS, pero en Android ni luces de... Google ponte las pilas!",neutro,com.whatsapp,,,1
0b28737e-b305-4c33-a361-f532ca379ca6,Isbeth Isabella,2025-10-18,3,unas tres estrellas y media pooooooooooorque.tiene unos problemitas no los cuento por qué no se si es el mismo celular o sea la app.,neutro,com.whatsapp,,,0
603e4f20-af7a-4c30-a751-4d284eff06d0,QueBecelLop,2025-10-18,3,no puedo escuchar los audios muy bien ni las llamadas pero tiene buena calidad,neutro,com.whatsapp,,,1
14d4df24-d04f-412e-8551-19f62313386c,NUNO,2025-10-18,3,"Es bastante útil lo malo es que cuando se pone un video de estado pierde demasiada calidad, si pudieran corregir eso fuera exelente",neutro,com.whatsapp,,,0
69f5f91e-62e6-4e70-b4de-7545dc019983,Yolanda Fernández Martínez,2025-10-18,3,estoy descargándolo,neutro,com.whatsapp,,,0
4a30c8b7-d209-44c5-95a3-04d9b3189445,Thania Berenice Ma Bo,2025-10-18,3,porque aparecen unos círculos cuando quiero abrir un nuevo chat?,neutro,com.whatsapp,,,0
68b11d0b-6fcf-406a-a6ad-03ce0138fb5e,Luis Blandon,2025-10-18,3,lo ojmoxx,neutro,com.whatsapp,,,0
f5c7014c-2b72-4bae-83ea-398d56c9ee3c,Valentín Fiestas,2025-10-18,3,"Me parece que la última actualización dio como función que cada que respondas citando un mensaje se cree un listado aparte. Eso estaría bien si solo fuera señalando el mensaje como que lo han citado x veces. Sin embargo, cuando respondes a ese hilo te saca a una subpestaña con solo los mensajes de ese hilo lo que es sumamente molesto. ¿Se podría quitar? O al menos, desactivar para quienes se nos hace realmente molesto.",neutro,com.whatsapp,,,0
d404e946-936d-45b4-a411-037091a30b92,Marco Antonio Campos,2025-10-18,3,mala en otro aparato,neutro,com.whatsapp,,,0
6d68f0a9-5acf-4873-9cf7-d4858dca6bdc,Celida Rodrigues,2025-10-18,3,Bien gracias,neutro,com.whatsapp,,,0
2e880d4b-4d8c-4e76-8cf1-244d05aa3530,Anthony Pantoja,2025-10-18,3,"qué broma es esa que al grabar una nota de voz a los 30 segundos sale ""GRABANDO"" y en ese lapso de tiempo lo que uno habla no se graba. acomoden eso que es bien mal.",neutro,com.whatsapp,,,0
ca50f611-215b-4973-80ff-a2f4b6cce60a,Rubén Soto Rosario,2025-10-18,3,Está última actualización presenta errores.,neutro,com.whatsapp,,,0
8d02434f-be4e-45bd-ab22-6e5df83c7bfc,Oscar Daniel Portocarrero Aleman,2025-10-18,3,"No se pueden silenciar algunos chats, ya sea en el dispositivo principal o en un dispositivo vinculado. Los emojis aveces no salen al querer subir un estado.",neutro,com.whatsapp,,,1
f6acff08-0de7-4ca3-80e9-d9076bc0e8fb,Salvador Pimentel,2025-10-18,3,no puedo ver mis contactos,neutro,com.whatsapp,,,0
962c2545-dc75-490b-b6a0-028cdbb20cc1,Zharid Montoya,2025-10-18,3,desde la última actualización no me sale las fotos me sale error,neutro,com.whatsapp,,,0
448a9397-3de9-4f30-a38c-2b8b325c979e,marvin durán,2025-10-18,3,La verdad es que es una bonita aplicación pero es triste que no me salga lo de meta y hay cuando a todos le sale y eso es lo que no me gusta,neutro,com.whatsapp,,,0
42e10475-010d-44bf-8c0a-eeed6e27851f,Alexa Carballo,2025-10-18,3,para poner mis estados con música es fatal dilata mucho y no salen muchas opciones de música,neutro,com.whatsapp,,,0
8ca0810c-c0ef-4284-b01f-2cf92b44f712,Jocefina Santa,2025-10-18,3,muy bueno,neutro,com.whatsapp,,,0
e1e071f2-3e95-48df-a033-95a46a75a8bf,Yohan Martinez,2025-10-18,3,"hasta cuando van a integrar @Meta en los Samsung, soy de Nicaragua y no digan que todavía no está para esta región porque tengo un amigo que el ya lo tiene y nada que vienen para los Samsung, aparentemente nos quieren hacer a un lado.",neutro,com.whatsapp,,,0
36d95615-7392-4b9b-9c57-bba3303cb908,Yolibeth Romero,2025-10-18,3,"estoy viendo últimamente que la aplicación tiene fallas. los audios salen con errores, fotografía tomadas por la misma app y al subir algo al estado. creo que deberían de mejorar esa parte ya que muchas personas utilizamos estos medios para comunicarnos con nuestras familias y para laborar. requerimos un mejor servicio de parte de la aplicación WhatsApp",neutro,com.whatsapp,,,13
1b1175f2-5cde-4f2c-ad3b-d27efd19e900,Edward Angeles Roldan,2025-10-18,3,"Que se puedan almacenar los stickers en tu celular ordenado por carpetas, vamos mejorando pero igual no puedes guardar uno a uno es perdida de tiempo",neutro,com.whatsapp,,,0
ce396012-a8c8-4ae2-9755-351b47ad12ee,Ferlinando Herrera,2025-10-18,3,"cuando intento ingresar mi número, dice que no he descargado la aplicación oficial, lo descargue en el sitio web de WhatsApp, y me decía lo mismo, lo descargue desde la Playstore y lo mismo, por favor, arreglen eso",neutro,com.whatsapp,,,0
787fb3e4-f6de-49ff-8334-3b394ade0797,Zoila Hernandez Lezama,2025-10-18,3,buena experiencia,neutro,com.whatsapp,,,0
acaa1d7b-efe5-4eec-a3c7-ecb1b6cf0066,Alexander Tuesta,2025-10-18,3,m h.o.mj.om. n lmnk onomástico lo mo.mxdxnml.nnmlnmn.mmmmml ..,neutro,com.whatsapp,,,0
ef285416-9b1a-4614-88ac-3bbe403a912e,Alexa Ojeda,2025-10-18,3,la aplicación es muy buena y útil pero considero que le hace falta personalización en la pantalla cambiar el estilo del escritorio sobretodo el color principal por lo demás considero está bien le doy 3 estrellas gracias,neutro,com.whatsapp,,,0
bd60880c-6258-4491-845f-f20244c9090a,ROSALVIS brito,2025-10-18,3,es muy buena pero los mensajes de voz se escuchan muy poco,neutro,com.whatsapp,,,0