id,userName,date,score,text,sentimiento,appId,id_anotador,notas,thumbsUp
fdf84cea-b002-4492-b44f-582045d5f0aa,Lara Lalala,2025-10-23,2,"no me gusta nada de nada, la nueva actualización del diseño me parece incómodo y poco útil, no me deja cambiarlo al antiguo (original), quiero que me lo cambien por favor",negativo,com.instagram.android,,,0
fca354c2-2f0d-4179-a6cd-368a98a04cad,Nahiara Jazmin Lescano,2025-10-23,1,muy mal actualización de poner las destacas haci era mejor los circuitos horrible están las destacadas ahora,negativo,com.instagram.android,,,0
d53ef4ea-8dc2-4f6a-a6a0-0e6ff77c7731,Nataly Sanchez,2025-10-23,3,No puedo ver las instantáneas,neutro,com.instagram.android,,,0
c2f87c56-67d9-488a-b8c8-ff5ebbe685b0,jhonatan gutierrez,2025-10-23,5,excelente ,positivo,com.instagram.android,,,0
aa3ed7c5-aeef-41dc-a135-b1af3ee8f32c,Angel keleman Toro aguilar,2025-10-23,5,bien,positivo,com.instagram.android,,,0
fa305a69-96f9-4320-a9c5-b328639e5ad8,Gabriela Rosa Santos,2025-10-23,5,"Que es la mejor aplicación porque tiene los mejores filtros.También esta aplicacion tiene muchos videos utiles que te motiva a empezar tu rutina de mañana y tu rutina de noche.Además,puedes comunicarte con tus familiares y tus amigos en instagram todas las veces que tu quieres.Puedes llamar a tus amigos y a tus amigos las veces que quieras y en donde sea puedes comunicarte con la aplicacion. es una app muy util para trabajar como creadora de contenido o compartir otro tipo de trabajo de carrera.",positivo,com.instagram.android,,,3
09471c8f-71d9-4d06-8ded-181975ecd13e,Yelmiz Lopez bermudez,2025-10-23,5,exelente,positivo,com.instagram.android,,,0
68339a80-7892-4ba7-92cd-2488faf79da5,Tania Hernández,2025-10-23,3,ya no me está gustando mucho porq ahora que actualizaron no me gustó cómo pusieron las destacadas en cuadro,neutro,com.instagram.android,,,0
8161915a-4b98-497c-8620-c761eb805bd8,Yuraima Bastos Bustos,2025-10-23,5,maravillosa,positivo,com.instagram.android,,,0
4ea00d5b-4ba1-4adb-8c05-5011ff507730,Danai Trejo,2025-10-23,5,la verdad esta aplicación esta como me guffy es muy buena,positivo,com.instagram.android,,,0
c22edf2a-a6cd-457b-b443-74637db75035,Martha Rumardo,2025-10-23,5,gracias aDios,positivo,com.instagram.android,,,0
58e38e9b-fb7d-469a-b4a1-cac24c796ba0,Py Techeira,2025-10-23,5,Por el momento todo bien. Sigan así.,positivo,com.instagram.android,,,2
63968e34-6bfe-4d1c-8b73-6bea97e3ef93,Eliseo Folles,2025-10-23,5,,positivo,com.instagram.android,,,0
05c7f1d0-e2a0-4d8f-b03e-a7ad9edade03,naju2626,2025-10-23,1,no tiene opcion para que solo te salgan videos en español,negativo,com.instagram.android,,,0
363a1734-8802-4a24-967d-920d4c5c52aa,yuli falter,2025-10-23,1,"me uní al programa beta hace unos años, luego me quité del mismo y desinstale la app la volvi a instalar y me sigue diciendo que estoy en el programa beta, ayuda!!",negativo,com.instagram.android,,,0
1fd72c36-68fe-449c-ac06-f9c06f859e9e,Octavia Riquelme,2025-10-23,3,me gusta pero algunas actualizaciones son difíciles de tener,neutro,com.instagram.android,,,0
b9161aa6-b111-4781-8dd0-4a43cf20f054,Norma Alvarez,2025-10-23,5,muy buena,positivo,com.instagram.android,,,0
8e81627b-cf9a-46a4-91fd-0ca266814f4a,Jeferson Vargas,2025-10-23,5,es una red re legal donde podes hablar con amigos y con gentes de otros países,positivo,com.instagram.android,,,0
bc9575ce-dca5-4040-bda5-1ae960b2d3b5,Noemi Martinez,2025-10-23,5,bien,positivo,com.instagram.android,,,0
c1b8318d-916d-48f4-8428-71ddd2016263,Franklin Daniel,2025-10-23,5,"Es una excelente opción para hacer divulgación deportiva y periodismo social, de ócio y científico. lo agradezco mucho. 🫂",positivo,com.instagram.android,,,0
eb57eb6f-e430-4a07-86fe-4d31230c8b52,Ariel Franco,2025-10-23,5,genial,positivo,com.instagram.android,,,0
27035060-4d06-473f-82aa-f3da4c1c5c80,Emm Loana,2025-10-23,5,es muy bueno,positivo,com.instagram.android,,,0
2c6d8008-4668-4471-a6f4-ddd8474e867e,rochi alarcon,2025-10-23,1,no me deja subir las historias ni guardarlas en mi galería.,negativo,com.instagram.android,,,0
bb530cd7-ca07-44f5-923d-d6827bc56b0a,jorge quinteros,2025-10-23,5,entretenido,positivo,com.instagram.android,,,0
6f4740e6-3a9b-4853-acdb-60308e2fd6f3,Mateo Carvajal,2025-10-23,5,me gusta mucho esta app me ayuda a comunicarme,positivo,com.instagram.android,,,0
b58752da-f162-4ff8-9c11-739a402a2fb6,Inma Vivo romero,2025-10-23,5,es muy buena solo que da rabia que no te deje ver cuando alguien ve tu perfil no como tiktok que si lo hace,positivo,com.instagram.android,,,0
0801f8a5-8475-4862-a669-5a77e2f27be0,Sarah Leyva,2025-10-23,5,Amo.,positivo,com.instagram.android,,,0
e0ddb0a0-b3d4-40bf-9504-cd9cc391bcba,Eyleen Vega Reyes,2025-10-23,5,Me encanta,positivo,com.instagram.android,,,0
421b3515-9dfe-4ab9-ac7b-042ab2d2c80a,Jose Qiroga,2025-10-23,1,Gracias por banearme la cuenta 2 veces,negativo,com.instagram.android,,,0
66bc3ed1-0a8a-45d4-8c60-fa61036e38d8,Marcela Alejandrina Ambroa,2025-10-23,5,muy buena,positivo,com.instagram.android,,,0
f3d78580-e138-4f82-98d9-722222c61aaa,Esperanza Guadalupe Rojas Leal,2025-10-23,1,"no manches Instagram, me inhabilitaste la cuenta permanentemente y neta que lo único que hice fue existir  Esto me parece sumamente injusto puesto que nunca he hecho contenido indebido y comentado cosas inapropiadas o de mal gusto, ojalá algún día mi cuenta vuelva  Que bajón, llevaba ya tenía 3 años con ella y tenía todos mis recuerdos ahí ",negativo,com.instagram.android,,,0
765d84e7-9703-4932-b62d-6cf71eb6dd59,Antonio Martinez,2025-10-23,1,"yo se que ni los desarrolladores son responsables de los equipos que compramos, pero si ponen funciones que no conocemos la cagamos y hasta en pedos nos metemos por compartir algo que no. chsm por no avisar. pinche aplicación. a veces no se le entiende las nuevas funciones.",negativo,com.instagram.android,,,0
06809d51-b8ee-466d-b1e8-855cb33d4cee,Abraham Gabarre Claveria,2025-10-23,5,muy buena aplicación gracias a Instagram conozco gente nueva cada dia,positivo,com.instagram.android,,,0
3fd2d630-75e4-4c06-ae7f-b7eb3e9d40e9,GABRIELA CORONADO,2025-10-23,5,muy buena y exelente herramienta,positivo,com.instagram.android,,,0
19d3022e-06d6-46be-b19f-9b48439c4a55,Vilet Eliab Allard Guerra,2025-10-23,5,🏻,positivo,com.instagram.android,,,0
2d0a2a3c-cb17-4be3-8668-d77135403ab6,Bryan Pacheco,2025-10-23,5,una buenas experiencia,positivo,com.instagram.android,,,0
cba2b87f-24a1-4c47-b7f0-67ec5e76816b,Andrés Silva,2025-10-23,1,"DEMASIADA CENSURA | No es para nada difícil notar que la mitad de los comentarios en cualquier post están ocultos, o que simplemente no aparecen, como si no cargaran, como si no existieran. Lo último no parece un error o ""bug"", es simplemente ocultar comentarios, es decir, censurar.",negativo,com.instagram.android,,,0
ea34758d-7a88-49cf-9d10-8e03701f8ef8,Jose Lazarte,2025-10-23,5,muy buena aplicación,positivo,com.instagram.android,,,0
39f5100e-f54b-4c3c-bfa4-afc9bd8b69d4,Jessica CS Paola,2025-10-23,5,entretenido,positivo,com.instagram.android,,,0
6d61533b-7acb-4641-bdb7-cc49a6fff635,Narvelis Rondon,2025-10-23,5,excelente,positivo,com.instagram.android,,,0
583ec1e0-9ba1-40fc-9460-4a27dca16af8,MARIA ESPERANZA JEAN,2025-10-23,5,muy excelente,positivo,com.instagram.android,,,0
0f235c77-9cc1-4335-b8d1-66feacb2d148,Abraham Alvarado Molina,2025-10-23,5,Super buena,positivo,com.instagram.android,,,0
fe0fdc79-77c1-46d5-9a19-550e4500c724,alexander varela,2025-10-23,5,excelente,positivo,com.instagram.android,,,0
4300b442-6558-4772-bb87-d9d056a30ed8,miriam magali figueroa romo,2025-10-23,4,es amigable Pero le falta,neutro,com.instagram.android,,,0
55f14d72-39e5-4cb6-b08a-799a849862f3,Yadier Hon,2025-10-23,1,No me deja meter la cuenta,negativo,com.instagram.android,,,0
56b9df19-922e-4dad-893d-abc2ff7d409a,Luciano Cortiña Soler,2025-10-23,5,Es demasiada buenaaaa,positivo,com.instagram.android,,,0
0f4b57d1-f8c7-4b48-a9c8-a017306c4254,Jhsoep Tejada,2025-10-23,1,no me deja subir instantáneas,negativo,com.instagram.android,,,0
ebc590c2-079e-4fd4-9b50-6dcb08a697b3,bmavel lopez,2025-10-23,1,no me agrado para nada me intentaron acosar y no pude subir ningún contenido ya que si lo hacía solo empeoró mi situación,negativo,com.instagram.android,,,0
c1080b4b-9c15-4f78-a60b-f87a976c1514,gary wilson,2025-10-23,1,"cada 3 reels 2 anuncios de la app y de esos reels ,1 es queriendo venderte algo , no me vais a vender el plan premium o free ad , antes os desinstalo, lamentable",negativo,com.instagram.android,,,1
d428a586-58b5-489a-b7a5-211288fab054,Olivia Hernández Rodríguez,2025-10-23,5,no entra a ala aplicacion,negativo,com.instagram.android,,,0
25897884-f0d5-4159-b8aa-d09279f9f045,Ros Lu,2025-10-23,5,amo,positivo,com.instagram.android,,,0
9ba50a8a-fb41-45d3-badd-5c8a64db5ab1,Julián Cruz ortega,2025-10-23,5,gracias x todo muy bueno,positivo,com.instagram.android,,,0
32d81144-6ed7-4fb7-ab72-0196d570b314,Jonny,2025-10-23,3,me gusta pero a veces falla cuando intento poner una foto diferente en las destacadas y tarda mucho en ponerse,neutro,com.instagram.android,,,0
7de11220-3bf9-4b9a-96db-a465e26eb58f,Durinet Flores ortuñez,2025-10-23,5,me encanta,positivo,com.instagram.android,,,0
4d061209-0eb5-44a8-8bb9-68c35d3be175,Younes Stitou,2025-10-23,5,"Un 10 ,la mejor app ,best app ,top app  ",positivo,com.instagram.android,,,0
989ab029-d158-4b22-b945-a4568fc1c534,Leonardo Urzua,2025-10-23,4,todo bien pero desaparecen canciones seguido y eso está muy mal,neutro,com.instagram.android,,,0
2237743a-f9c4-4e9a-bcf2-e98b9fd0093d,Pedro Antonio Martínez,2025-10-23,5,genial,positivo,com.instagram.android,,,0
d2ee72b0-1ec8-41b3-a0d5-4d5612aabb59,Alexis Rivas,2025-10-23,5,muy buena aplicacion,positivo,com.instagram.android,,,0
e4fe470f-edea-4f7f-a1ab-12b2bfa4abe6,Alejandra Valeria Valle Telles,2025-10-23,5,es muy buena,positivo,com.instagram.android,,,0
28831723-c36e-4699-a5a0-0e8ccf00d904,Daniela Cid,2025-10-23,5,Buena app,positivo,com.instagram.android,,,0
3eea40e0-3a33-4b8e-9c8e-1113e6bc9d41,Oscar Lopez,2025-10-23,4,estaba linda esta aplicación hasta que llegó ese panel de profesionales y sus destacadas horribles encima se graba mucho la ap que no se puede hacer nada,neutro,com.instagram.android,,,0
55f6d950-cb24-4c2d-8b4d-6607993a4a08,Javier,2025-10-23,1,pesimo,negativo,com.instagram.android,,,0
1bf57ecd-9f7e-45fa-929b-a525280f02b6,Camilo Esteban Puentes Ortiz,2025-10-23,1,hace ratico me aprecio un problema y es que había alguien que trato de meterse a mi cuenta y pues cambie mi contraseña y ahora no me deja ingresar a mi cuenta desde mi celular pero si en mi computador,neutro,com.instagram.android,,,0
58f8be54-79c9-4d4b-981c-0f57d21302c1,Nice guy Colomboamerican,2025-10-23,5,excelente ,positivo,com.instagram.android,,,0
5173ed3e-ee8b-42d1-bc09-d146ea387226,Mariela solano gomez,2025-10-23,5,excelente,positivo,com.instagram.android,,,0
3327c262-542e-4246-8bad-f7f479f97676,Luis Manuel,2025-10-23,5,me párese hasta ahora bien y no pasa nada,neutro,com.instagram.android,,,0
52b61ce7-63ea-4c7e-9abb-ec9fbbc1cd8e,Iris Chinga Rueda,2025-10-23,5,es lo maximo,positivo,com.instagram.android,,,0
7081ab3a-428b-4652-837f-2279b427d71f,Cristian Orellana,2025-10-23,5,weno,positivo,com.instagram.android,,,0
a4583522-50ae-401d-81e3-9edb69b7490f,Marcos Velázquez,2025-10-23,1,"Pedazo de basura. Todos sus links para restablecer la contraseña no funcionan, lo he intentado todo más sin embargo por errores de la página, no me deja cambiar mi contraseña NI ACCEDER A MI CUENTA. Asimismo, me han borrado mi cuenta personal sin ningún tipo de motivo o apelación. Me encantaría denunciarlos o que haya algún canal de comunicación donde pueda comunicarme ya que esto es INADMISIBLE. Malísima la aplicación, todos sus desarrolladores y políticas nefastas",negativo,com.instagram.android,,,0
5a31b04f-b6ca-4cc8-82de-c86887a43ecd,Flor de los angeles Crisostomo cruz,2025-10-23,4,amo,positivo,com.instagram.android,,,0
7f955cef-9386-4142-a17f-73089dd3a22f,Claudia Camacho,2025-10-23,5,bárbaro,positivo,com.instagram.android,,,0
a895cefc-2337-4547-aa17-79a7696aa3ce,Lourdes Gastezzi Aguilera,2025-10-23,5,increíble,positivo,com.instagram.android,,,0
1b2e2139-75b7-4fa0-bd82-aec28153edef,africa arianna perez,2025-10-23,5,pésima aplicación últimamente...,neutro,com.instagram.android,,,0
d0af1420-913f-458e-9da3-5574a3cea4ef,Daiana Senillosa,2025-10-23,5,genial me encanta,positivo,com.instagram.android,,,0
93a0b8fa-be18-45d1-892b-3a053fa15725,Adan Gonçalves García,2025-10-23,1,Un desastre de aplicación. Cada poco un cambio de sitio de las cosas y tienes que volver a buscarlas. No admite enlaces directamente. La configuración de la interfaz actual es un sindios. Tarda en cargar y pone limitaciones a la duración de vídeos. Sólo la utilizo por la audiencia joven que ciertamente no sé qué le ven.,negativo,com.instagram.android,,,0
4b9134bb-0dcc-4fca-aa90-64685d814b0a,leonardo Tochon,2025-10-23,5,buena app,positivo,com.instagram.android,,,0
088403eb-d462-47ee-8602-2068552daa30,ivan heredia,2025-10-23,1,pésima aplicación me inhabilitaron mi cuenta de la nada,negativo,com.instagram.android,,,0
bfc5ab96-790b-4a04-ba76-d8504a00347b,Sofiaa,2025-10-23,2,"no me salen las instantáneas y si otras actualizaciones, llevo meses quejandome",negativo,com.instagram.android,,,0
3496ef58-cfa2-4de5-922a-50b1f1612ef9,Frank Cabrera,2025-10-23,1,Arregla tu basura,negativo,com.instagram.android,,,1
52af2ba1-cdc0-4dc3-9b48-229ea5975cae,Gustavo Ortiz Hernandez,2025-10-23,1,de ser mi favorita termino siendo la mas odiada siempre me cierra mis cuentas les cambio nombre y hasta cree un nuevo correo electrónico y aun hasta me bloqueo todo es la peor aplicación.🏾,negativo,com.instagram.android,,,0
c5db1f33-8c12-4607-a808-047dbefa7054,Sergyvargas73,2025-10-23,5,es muy buena,positivo,com.instagram.android,,,0
7105b9ef-3d1c-41cc-b554-7e036f9d8737,Magda Pelaez gomez,2025-10-23,5,excelente,positivo,com.instagram.android,,,0
1897347d-a235-4c78-a089-30342a597a40,Jocelyn Verde,2025-10-23,5,hermoso.,positivo,com.instagram.android,,,0
e9e3c098-61d4-43ea-a464-ca4ca314764a,Simon Soto,2025-10-23,5,exelente,positivo,com.instagram.android,,,0
35113621-541e-44e6-bbd8-3d96981133a4,Mari Estrategias,2025-10-23,5,excelente,positivo,com.instagram.android,,,0
a62b8070-822c-4ab0-85da-ff052b57e21c,javier de jesus Restrepo garcia,2025-10-23,5,es una aplicación muy buena,positivo,com.instagram.android,,,0
f7c7e65e-e820-496f-b55e-08e980e9a981,Laura Suarez,2025-10-23,5,me encanta,positivo,com.instagram.android,,,0
d9114b41-e266-4e64-b20c-7a7076635b1c,Luisana Rojas,2025-10-23,5,"Amo Instagram  desde hace más de 10 años que la uso, pero veo innecesario que muevan un botón de un lado a otro, en lugar de estar cambiando eso, deberían encontrar la manera de superar el algoritmo de Tiktok, pues he visto que muchísimos emprendedores aseguran haber tardado años en crecer sus cuentas y lograr ventas en Instagram, pero en TikTok, han logrado aumentar sorprendentemente sus seguidores y obtener ventas en menos de la mitad de ese tiempo.",positivo,com.instagram.android,,,0
69e85857-cea6-4739-9f17-8da6147abc30,Sebastián Ignacio,2025-10-23,5,"Me encantó la última actualización, es más fácil y agradable navegar por la App ",positivo,com.instagram.android,,,19
3cf3e7d2-9ca4-47c5-b579-552643232e04,Marily Rodriguez,2025-10-23,5,Genial,positivo,com.instagram.android,,,0
1a92b447-521e-400f-bfc7-13bd39a771cc,maikol SZ,2025-10-23,5,buena app,positivo,com.instagram.android,,,0
678f66d9-0c02-40e7-ac69-a2a94711de9f,Claudia Fabiola,2025-10-23,5,excelente.,positivo,com.instagram.android,,,0
ec416f03-b226-48f4-8b17-3ff4910207a8,Marymar Moraga,2025-10-23,5,es muy buena aplicación,positivo,com.instagram.android,,,0
4b135294-69c6-4484-92da-55314c70399d,tadeo Lopez,2025-10-23,5,gran app,positivo,com.instagram.android,,,0
5d881bea-96c6-4cfc-9a30-16937794a11c,La Moita,2025-10-23,5,"Veo cosas muy interesantes, gente muy especial que comparte sus vivencias y sobre todo vives el momento cada día con sus cambios muchas cosas felices y también tristes. te mantiene estar y vivir el momento cada día. gracias ",positivo,com.instagram.android,,,0
323d177a-9434-456f-8971-8a0d10030551,Eduardo Ramírez,2025-10-23,5,Esta muy chido la app,positivo,com.instagram.android,,,0
ccb04137-c176-402f-bdf0-d62dbd09a7c6,Sebastian Fornas (3lcu3rvo3),2025-10-23,5,útil,positivo,com.instagram.android,,,0
fe821039-6506-49df-b820-f7a1b2a9e88b,Esteban Quevedo,2025-10-23,5,bella,positivo,com.instagram.android,,,1
60a62ae0-a6ed-4742-aee8-98b951831a30,José Romero,2025-10-23,5,muy genial  recomendable,positivo,com.instagram.android,,,0
a5336290-f958-4998-ba95-66e2de949a24,victoria Arana,2025-10-23,2,me gustaba hacer en vivo que mala onda que hayan quitado los en vivos a los que tienen menos de 1000 seguidores deberían dejar hacer en vivos para cuentas pequeñas era divertido y te unias con tus amigos,neutro,com.instagram.android,,,0
89ebdb1b-9e16-4fff-9409-7fa7b091cf15,German gaviño chavez,2025-10-23,5,buenardo,positivo,com.instagram.android,,,0
fe31e5af-aacb-42aa-a265-c5d1550c2f64,Pepe Chang,2025-10-23,5,excelente aplicación 🏻,positivo,com.instagram.android,,,0
55dfa9a8-157d-454c-8160-deb10f5cf7a2,Rachel Carolina Ramírez Cruz,2025-10-23,5,Es las mejor app del mundo,positivo,com.instagram.android,,,0
c30e42fc-8d98-47e7-ac64-8ff347988945,Fanny Spivak,2025-10-23,1,"cuando me han querido cobrar tiempo de espera o x cancelación, donde yo nunca me demoré ni cancelé, en la app encontre un lugar para realizar mis quejas. en seguida me respondieron pidiendo disculpas y que no tenía que pagar nada. un montón de veces me pasó. el tema es que me hacen perder tiempo protestando, me ponen de mal humor. las unidades no están en muy buenas condiciones. es un poco más barato que la competencia, pero para mí prefiero pagar un poco más, y menos problemas. mal servicio",negativo,com.instagram.android,,,0
de92a2e5-af03-4ed8-9b13-b84a8dd1665a,Jaime Amengual,2025-10-23,1,la nueva actualización que no se puede ver la cadena de fotos es horrible,negativo,com.instagram.android,,,0
e391a9ad-fad4-4816-8087-23ed898d8404,Dulce Arelis Arias Palin,2025-10-23,5,Es lo mejor,positivo,com.instagram.android,,,0
8ebe5a13-96d3-4a20-a60e-9d306b25efb6,sebastian alvarez,2025-10-23,1,no me sale la actualización para compartir,negativo,com.instagram.android,,,0
e57b1ade-2c04-4da3-93cc-46aca6cf31fa,Elena Bailarin,2025-10-23,5,es muy Buena esta aplicaciòn,positivo,com.instagram.android,,,0
23bb24ee-ec41-4691-85ba-91fa5f6f345c,Eduardo Suruy,2025-10-23,5,Es una aplicación bastante buena y las nuevas actualizaciones hacen que la aplicación sea más rápida de usar,positivo,com.instagram.android,,,0
32e5de31-7ab6-4beb-ba0d-f1eeae806377,Sonia Vega,2025-10-23,5,única y muy linda,positivo,com.instagram.android,,,0
02e2612f-8153-455f-a0b1-3aafdf55c645,Berenice Bedolla Ramirez,2025-10-23,5,es la mejor aplicación,positivo,com.instagram.android,,,0
f8df2b45-81ef-4915-9d51-3b0af0ddabde,germán castro,2025-10-23,4,muy buena,positivo,com.instagram.android,,,0
2d0a9635-2870-4b27-ad3c-8b4d2146716c,Herney Zambrano Martínez,2025-10-23,5,"severa app, 100/10",positivo,com.instagram.android,,,0
f2022d2d-7dda-4f69-9e3c-955a42142e5c,Alesita,2025-10-23,5,me agrada mucho,positivo,com.instagram.android,,,0
63fce41a-94ba-47b5-94d8-3330d4de38d2,King RVN,2025-10-23,1,"Basura, por culpa de esa red me banearon fb, y lo peor es que no la usaba,se supone que yo la había creado para tener más seguridad en caso de que me quisieran robar la cuenta, pero salió peor, he creado un perfil nuevo y cuando quise abrirlo en otro dispositivo me dice que la contraseña no es correcta. sinceramente 1 estrella es mucho mi más honesta calificación -10",negativo,com.instagram.android,,,0
49959b96-e3d7-42d7-9009-3d7f2e4b53bc,Yonathan Gomez,2025-10-23,5,muy buena la verdad me gusta micho la app,positivo,com.instagram.android,,,0
f9a5e11b-1679-4569-9558-1dbc75ce85c7,Fanny Roque,2025-10-23,1,amo instagram.... pero no sé que está pasando con la app busco canciones de algúnos artistas y no me salen....o de plano ya no saleees un ejemplo buscó charles ans y solo me salen 3 canciones de el  q pasoo ahí instagram ,negativo,com.instagram.android,,,0
9000d6d3-dff7-4932-9b7e-ddfdae9498fd,Johan Lopez,2025-10-23,5,una app muy completa y muy chimba para distraerse hablar jugar muchas cosas más disfrutenla y no la dañen parchesen ,positivo,com.instagram.android,,,0
37cdd6d2-4aa6-4b56-af6c-95f1d3bd1b78,Gregorio Valles,2025-10-23,5,"me re encanta la app ,sus últimas actualizaciones son re buenas ,puedo chatear con mis amigos del otro lado del planeta,en fin @whoo_.niki,sigan la cuenta",positivo,com.instagram.android,,,0
ce29c101-c1fc-4630-a932-b15f2af6a9d9,Carmen Paniagua,2025-10-23,3,es bueno el Instagram Pero no permite cambiar a otra cuenta,neutro,com.instagram.android,,,0
0a5a6704-ff40-4014-ba11-cb547b460dc5,Zhaid Suarez,2025-10-23,5,buena app,positivo,com.instagram.android,,,0
9738cea0-4adf-4c38-a7e7-7cd62f91e598,Teofilo Rubira,2025-10-23,5,felicitaciones..,positivo,com.instagram.android,,,0
622f5c22-062f-468b-8d3a-665410fa8f3b,Erica Romero,2025-10-23,5,"Me encanta me ayuda a visualizar mi emprendimiento, ya que recién empiezo",positivo,com.instagram.android,,,0
255daf6f-cb43-45e3-927f-7c1247c39218,Erwin Febles,2025-10-23,5,Lo Mejor,positivo,com.instagram.android,,,0
ab4503a1-cbe1-4bdc-b928-d0c027000ace,Monserrat Garces,2025-10-23,1,me parece que es una aplicación buena pero en las actualizaciones siempre se demora en que me salgan aunque este pendiente o borre la aplicación y vuelva a descargar no me salen las nuevas funciones como las instantáneas además de que esta teniendo muchos problemas técnicos,negativo,com.instagram.android,,,0
9ef7960c-cdbd-41ac-9883-62c9efe197f0,Un usuario de Google,2025-10-23,4,Por el momento no tengo malas experiencias...,positivo,com.instagram.android,,,1
e1abef6d-6e67-4f56-82d2-43f6e5b233cc,Mariana Chacon,2025-10-23,1,no me deja cambiar mi información,negativo,com.instagram.android,,,0
676a6e37-5efd-4b08-a3d6-cd7e6e5c9256,Claudia Tolosa,2025-10-23,5,genial¡¡,positivo,com.instagram.android,,,0
44e38d04-e2d1-46ac-ade4-f41f46de5afd,Carolina Pugliese,2025-10-23,5,"No me funcionan los reels, arrancan y a los dos segundos vuelve a empezar, no los puedo ver completos. A alguien mas le pasa? Ayuda!",negativo,com.instagram.android,,,0
de6a3f0f-2660-4067-bd0b-ba54e8dfb6df,Angel Gabriel Angel Gabriel Villalobos canales,2025-10-23,5,MUY BUENA LA MEJOR APP,positivo,com.instagram.android,,,0
ef35c59f-cf8f-4c91-baa9-ce9680593e8b,adriana saez,2025-10-23,5,muy buena,positivo,com.instagram.android,,,0
dd465a0c-136b-4617-8704-5677cea41aa2,OSVIN D.L CRUZ,2025-10-23,5,fácil de usar,positivo,com.instagram.android,,,0
cc7abc96-6aba-4bad-b40c-fea2b3f14173,Aldrin Bueso,2025-10-23,5,Es la mejor aplicación del mundo,positivo,com.instagram.android,,,0
b83a72e1-8c08-46a0-8925-63d03dcf4823,Katia Paola Rivera Juarez,2025-10-23,3,¿Por qué quitaron el chat de Instagram? ,negativo,com.instagram.android,,,0
0e223fbe-2f21-4e60-94db-145811f01c62,Checko Xoxotla,2025-10-23,1,siempre dice que hay un error al iniciar sesión,negativo,com.instagram.android,,,0
607c9de6-542d-44ee-a26e-c63edac9864a,Stephania Mina,2025-10-23,5,exelente,positivo,com.instagram.android,,,0
a266f7b0-2292-48a7-8176-eecc426e852a,guitardask 2,2025-10-23,4,"super, excelente app",positivo,com.instagram.android,,,0
9e5d1797-b4ef-4160-b891-be711b900734,Adrian Rivas,2025-10-23,5,Genial,positivo,com.instagram.android,,,0
087d7852-53e6-4468-b1ac-bfe7f49af843,Multisevicios Commerce Digital,2025-10-23,1,no me carga,negativo,com.instagram.android,,,0
f017a104-ac5f-40b5-9c33-0547f06145d5,Caleb Pinares Espinoza,2025-10-23,5,super Bueno,positivo,com.instagram.android,,,0
70c1b1d3-1f4c-44fa-a49a-f9fd7d278d19,Laura Eschenmoser,2025-10-23,2,"Le pongo 2 estrellas pq vi una opción q decía ""Archivar historia"" la cual pensé q se guardaría y solamente podría ver yo y lo podía subir o sea habilitar para q vean las demás personas y resultó ser q era como eliminar la historia y ahora ni puedo volver a recuperar la historia que subí  ayúdenme a recuperar mis historias archivadas, ya fui a la parte q dice historias archivadas busque y busque y era prácticamente como eliminar la historia, desapareció.",negativo,com.instagram.android,,,0
05aac085-75dc-4569-b7c5-48c7a21c2338,Jhon R,2025-10-23,5,muy Bueno,positivo,com.instagram.android,,,0
6ce3c968-2370-434c-a830-1da6d5b32998,Kevin Romero,2025-10-23,5,buena,positivo,com.instagram.android,,,0
b6b65030-5adf-4efd-a0da-2993b4f58054,Pedro Domínguez,2025-10-23,5,excelente,positivo,com.instagram.android,,,0
d679c920-9f98-4bf4-a21b-b7c05eb465c5,Marlene Berrios,2025-10-23,5,Me encanta,positivo,com.instagram.android,,,0
5e02f9e4-5380-413d-a630-ffd854afeb92,Juan,2025-10-23,5,genial.. la cantidad de herramientas que ayudan a crcer mi negocio,positivo,com.instagram.android,,,0
0b0d086c-4b66-4b70-a1ad-59c1d445dc3d,Jose alejandro,2025-10-23,5,Muy buena aplicacion,positivo,com.instagram.android,,,0
9af6a833-736d-4a41-85b2-85d8482df76e,Gabriel Santana,2025-10-23,2,"muy mal servicio de la AI por no saber distinguir, bloquean sin decir los motivos o causas que nunca hisiste.",negativo,com.instagram.android,,,0
86335797-e612-4301-a83d-1e8d372b399d,Uriel Abel Hernández,2025-10-23,5,excelente para mi es una herramienta de poder conocerte más personas,positivo,com.instagram.android,,,0
7fac04ae-47dd-42f3-8795-ce8755096bfb,Cocina y mixtos RD Cocina mixta,2025-10-23,5,"muy bien me divierto mucho ,lo único es que me desánimo a crear contenido porque nunca e tenido suerte para hacerme viral con contenido llevo intentándolo desde el 2013 y no lo e podido lograr,",neutro,com.instagram.android,,,0
8106b03f-c702-4633-942b-faaeba2d82cd,Gabriela lisseth Bello Hernández,2025-10-23,5,muy buena aplicación me gusta mucho para mensajear y charlar con amigos y familiares descárgala ya,positivo,com.instagram.android,,,0
2ad92a7d-d8cf-43d6-b4ab-37bbca6bded4,NAX_YT CODM,2025-10-23,5,"muy buena app, tienes todas las herramienta necesaria ",positivo,com.instagram.android,,,0
e55eac4f-32de-421d-bd1f-5540bfe5aad4,Carol Luna,2025-10-23,5,simplemente me súper encanta ,positivo,com.instagram.android,,,0
2fc280bc-6b29-4cde-94dd-5fce769b1b55,Lulu Espinoza Garcia,2025-10-23,5,Muy buena app para hacer amigos,positivo,com.instagram.android,,,0
a216ee65-5af3-491e-934b-f669db2ad0d3,Nahyara Sanabria,2025-10-23,5,muy buena,positivo,com.instagram.android,,,0
0b04d51c-640e-4a8e-a823-369a2a36a3f1,Marcela Braggio,2025-10-23,5,muy buena,positivo,com.instagram.android,,,0
2c7c2094-7209-4388-873b-a37c8a003c45,Lourdes Aguilar,2025-10-23,1,intento ingresar a mi cuenta de instagram con mu contraseña y no me deja ya desinstale y volví a instalar la aplicación y ni así me deja entrar,negativo,com.instagram.android,,,0
f7f5f762-f1e9-46ec-acf1-01cb9d3b26bf,Ataraxia 1991,2025-10-23,3,"Me gustaría que el apartado de chats no salga agregar, recomendar oh seguir amigos. Es algo necesario para mi. No le veo fin si no quiero agregar alguien oh seguir también. Estaría padre que se solucionará así solo tuviera un chat en mi apartado de DM pero que solo salga un chat sin tener que tachar la opción de seguir amigos oh seguir también",neutro,com.instagram.android,,,0
6d2ce667-4853-4fd2-a4b4-257c07319d51,Erick Castillejo,2025-10-23,1,"no me deja iniciar sesión, y cuando me envían un enlace a mi correo para entrar sin contraseña o cambiarlo me dice enlace no disponible o un error cuando me lo acaban de mandar hace 10 segundos",negativo,com.instagram.android,,,0
63373dc5-4106-4ce9-b400-d0f5849acb0a,Marcela Arias,2025-10-23,5,Genial,positivo,com.instagram.android,,,0
07df4bf9-45fd-4935-99bb-4b70ee391590,Rafael Alejandro Santillan,2025-10-23,1,me bloquearon todas mis cuentas pesimo servicio,negativo,com.instagram.android,,,0
a067b82d-8eb1-4aa3-936c-287f8a8eb846,Blanca Fernandez,2025-10-23,5,Me gusta esta APP .,positivo,com.instagram.android,,,0
ea3f9eee-66d7-4648-9d9b-4adf6bfeb823,fabio rivas,2025-10-23,5,muy buena aplicación,positivo,com.instagram.android,,,0
ff6e0eda-4f2d-492b-a576-25075bf3ecd5,Carolina Pierello,2025-10-23,1,se tilda en los videos. tarda en cargar la app.. te go que salir y volver a entrar para que funcione bien,negativo,com.instagram.android,,,0
6e4acc77-5232-41b2-8a71-324add1939c8,pan con queso,2025-10-23,1,"la interfaz antigua era mil veces mejor, la nueva es demasiado incomoda",negativo,com.instagram.android,,,0
8c174800-1e22-4540-8d6a-9abf5f8d4985,Haly GarArc,2025-10-23,5,fabuloso,positivo,com.instagram.android,,,0
fb43192f-796f-45d0-ab6b-b8792f8535c1,Andrew Aponte,2025-10-23,5,lo mejor de lo mejor,positivo,com.instagram.android,,,0
d2ca5965-b9c2-4f51-b848-9ac8e8b57c3d,Irvyn Eduardo,2025-10-23,5,excelente,positivo,com.instagram.android,,,0
73ec55ed-b98c-49c1-b49d-d0a93059309f,Ana,2025-10-23,1,"Uso dos cuentas, y ambas se ven totalmente diferentes, ya ni el orden del dónde están las cosas es el mismo. Las destacadas en una cuenta se ven como antes y en la otra cuenta se ven como parte de las publicaciones. Debería haber una opción que permita elegir qué cambios nos gustan de la aplicación si es que tan diferentes hacen las cuentas.",negativo,com.instagram.android,,,0
dd9861ef-7499-4f95-9b5c-63222b8641c5,Nicolas Aguerre,2025-10-23,5,exelente,positivo,com.instagram.android,,,0
8a8d6325-d383-4278-a922-df71ee077287,Luisa Ester Patiño Lara,2025-10-23,5,buena,positivo,com.instagram.android,,,0
4b6d3ad0-517b-4e28-9bf0-2fe61fcf75bf,Édgar Arturo Navarrete ramos,2025-10-23,5,perfecto ,positivo,com.instagram.android,,,0
b7944ec2-020a-4aaf-bb1c-2305f7aabf30,Soraya Fernandez,2025-10-23,4,Ok con la App. Es muy útil y versátil.,positivo,com.instagram.android,,,0
797ae21c-6f5b-4920-9074-bf72d5cec147,Pau,2025-10-23,1,"no me deja subir una historia, me dice que no se puede y que lo intente mas tarde, y solo me da la opcion de eliminar la publicacion, y aun no arreglan eso.",negativo,com.instagram.android,,,0
8df19140-6a15-4827-9b4b-f9fbe80c8ffd,Aylen Pérez,2025-10-23,4,es lo mejor que existe,positivo,com.instagram.android,,,0
a8b19485-3e4d-4a79-b5bf-341495ef50c6,Adal Gutierrez carrete,2025-10-23,1,que horrible la nueva actualización donde las historias destacadas ya no aparecen en los circulitos y aparecen en el feed de fotos principales,negativo,com.instagram.android,,,0
22c7756f-7798-4d88-b028-2ee603b0ee8d,Elizabeth Juarez,2025-10-23,5,por favor déjame repostear las historias no me deja creo que es un error,positivo,com.instagram.android,,,0
753d94c5-831a-47bb-8de3-4eba637dad3a,Mauricio Zalazar,2025-10-23,5,muy buena aplicación y,positivo,com.instagram.android,,,0
8ebe0ffe-f6c0-4d44-a4d5-c21a7e43c471,BERNARDO Sarmiento Dunan,2025-10-23,5,me encanta esta aplicación,positivo,com.instagram.android,,,0
fd89476e-267a-4beb-8aa6-f227bdf0531b,Guadalupe Reynaga alvarado,2025-10-23,5,excelente muy bien gracias,positivo,com.instagram.android,,,0
5c7e256e-bb70-4dd7-8dc7-bf16073bf6bd,Aritz Astarbe,2025-10-23,1,llevo 3 semanas intentando entrar en mi cuenta. he intentado cambiar contraseña muchísimas veces y no hay manera ,negativo,com.instagram.android,,,0
c45b8947-ca2e-4ee6-ac8d-a24aff77da10,Diana Barragan,2025-10-23,5,Demasiado buena,positivo,com.instagram.android,,,0
998cd311-207e-4457-ae06-72b706bc982b,alejandro alanis,2025-10-23,5,exelente,positivo,com.instagram.android,,,0
7999339e-6f79-4d79-bb92-76147eabb4a7,Jose cortes07,2025-10-23,5,app estupenda,positivo,com.instagram.android,,,0
bdb6e460-7044-45dc-852c-e7f288f8feba,Pablo Andrés Gomez,2025-10-23,5,muy bueno,positivo,com.instagram.android,,,0
e92a44f8-8632-41e7-a212-9d6d11c41b25,Sonia Lucila Soto Fernande,2025-10-23,5,super bueno.me encanta,positivo,com.instagram.android,,,0
c9bbf190-c661-4618-863c-85fde6ae1390,Arturo Laiho,2025-10-23,1,a partir de que pusieran las destacadas en el Feed quedo Horrible,negativo,com.instagram.android,,,0
5932b498-8b01-4ab4-81ed-5983fc7bf732,Gerardo Alfredo Mariani,2025-10-23,5,excelente,positivo,com.instagram.android,,,0
013d91d7-f9f6-4f2e-a8e0-6c7f01a8362b,MARIA EUGENIA Guzman ulloa,2025-10-23,5,excelente aplicacion,positivo,com.instagram.android,,,0
10e712ce-2c24-4743-9b62-b10546dfb213,Loana Samaniego,2025-10-23,5,muy buena app,positivo,com.instagram.android,,,0
17356823-c43a-471a-8f16-22acb52861af,William Sánchez Gonzales,2025-10-23,5,Es buen aplicación,positivo,com.instagram.android,,,0
491f11d9-0df5-4abe-9f29-bc06ebcac106,Alejandro Gutierrez,2025-10-23,5,facíl y con buenos temas,positivo,com.instagram.android,,,0
332124b4-f0ca-4bea-b459-763a1b41bf71,Maria Garay,2025-10-23,5,buena calidad,positivo,com.instagram.android,,,0
4d1c30da-e3cb-4584-a5d9-410ad5484c8c,jennifer mujica,2025-10-23,5,instagram se volvió mi red social favorita,positivo,com.instagram.android,,,0
7363a64e-5e88-4eb0-ad9c-25209278de20,Jorje Villagran,2025-10-23,5,esta aplicación es muy buena,positivo,com.instagram.android,,,0
16742e56-1a8a-4e21-9993-48bf9c09fb05,Liliana Morinico,2025-10-23,5,perfecto,positivo,com.instagram.android,,,0
20307f5d-b3cf-480f-bd0c-5921aaa75c51,Juliana Hernandez Henao,2025-10-23,3,Definitivamente falta la opción para hacer click en links que están en publicaciones del feed,neutro,com.instagram.android,,,0
81eef75c-d48f-410c-9933-f8312036edf6,Suanny Lorenzana,2025-10-23,5,es una app de muy buen uso a mi me gusta esta aplicación,positivo,com.instagram.android,,,0
a88a6c94-9b15-42e7-af81-94b2efe30011,Zavala Lara,2025-10-23,4,encuentras muchos videos de utilidad y ocio también es divertido,positivo,com.instagram.android,,,0
acd9a59a-a361-41e3-8fa6-ab3656c2514e,Jairo Castillo,2025-10-23,5,Muy buena,positivo,com.instagram.android,,,0
e961f73d-c7ca-4ddb-9d78-6a4e79733614,Ivonne Martinez,2025-10-23,5,temas muy interesantes en los videos,positivo,com.instagram.android,,,0
5cbbdc67-06a6-480e-867c-80c175a4c730,yraima yanez,2025-10-23,3,hola tengo un problema con la app cada vez que intento seguir a un usuario me rechaza y dice que está restringido el uso por seguridad,negativo,com.instagram.android,,,0
9dbb1e11-ac7a-44c5-8ff7-32a55a39237c,Mario Caro,2025-10-23,4,genial,positivo,com.instagram.android,,,0
79e32437-afc4-40d3-b03b-f332d57e1c6f,Ariel Gonzalo Castañeda,2025-10-23,5,excelente,positivo,com.instagram.android,,,0
d732a40e-d167-4871-8d80-3b8dcfc97e91,Melvis Garcias,2025-10-23,5,es una buena app,positivo,com.instagram.android,,,0
f79aa3ec-d673-4f28-8606-026feee8ef10,Artesanias Lopez,2025-10-23,5,NOS CONECTA DE UNA FOTMA ESPECTACULAR,positivo,com.instagram.android,,,0
fa024567-1d14-4e97-9bc5-513e93c54a1c,Belkis Calderon,2025-10-23,5,excelente aplicación,positivo,com.instagram.android,,,0
80b784f5-3548-4ff9-97c3-1cf0851845ae,juan petit,2025-10-23,5,muy bueno,positivo,com.instagram.android,,,0
8c9c11fa-d14b-4b6c-80c8-5cb1022365fa,Ingrid Garcia,2025-10-23,5,súper,positivo,com.instagram.android,,,0
52d41768-fea3-493a-9d23-ad62c531cd8d,Diego Mariani,2025-10-23,5,es excelente tengo años usandola gracias,positivo,com.instagram.android,,,0
7c384e12-b132-4ee6-a543-e6d2b0e7965f,María De Jesús Vásquez Zabala,2025-10-23,5,espectacular.,positivo,com.instagram.android,,,0
192bb9d0-05a8-4df3-990c-b869f350248b,yasmin lopez,2025-10-23,1,"muy buena información,resetas, consejos, entretenimiento.",positivo,com.instagram.android,,,0
d8b61aa9-9795-4e39-b011-4fc99fccd87f,Anto Escobar,2025-10-23,3,muy feo,negativo,com.instagram.android,,,0
884307ab-b185-4510-8dbc-1bf482f671f8,Liven Alvizures,2025-10-23,3,es buena la app solo que no me gusta que ocupe mucho espacio,neutro,com.instagram.android,,,0
f45957ae-ac42-4bc0-9e05-57f9a476e24a,Rosa Arauz,2025-10-23,5,muy bueno,positivo,com.instagram.android,,,0
ae61a6fc-082e-4ecf-9eb2-a78261919cc3,Alicia Romero,2025-10-23,5,me encanta pero no me gusta q ayan cambiado algunos filtros,positivo,com.instagram.android,,,0
51a94b52-a05d-4bf1-b371-89b5e22c2b3c,Yuni Saavedra castillo,2025-10-23,5,maravilloso,positivo,com.instagram.android,,,0
87eeabc4-283c-4d9e-b3d1-e56e6ab6210a,Jose Angel Griego Luzardo,2025-10-23,5,muy buena me encanta esta aplicación ,positivo,com.instagram.android,,,0
fecf8c90-5c0e-4421-9fb9-7159dc7329e9,Melania Guerrero,2025-10-23,5,"Me encanta, es excelente.",positivo,com.instagram.android,,,0
fa8832e6-991f-4c52-bf2e-49bea0cd9745,Diana Morán,2025-10-23,5,Me encanta Instagram,positivo,com.instagram.android,,,0
4dd059fc-0f45-44f4-ad48-636f789fd01e,Alida Gonzalez,2025-10-23,5,super excelente aplicación,positivo,com.instagram.android,,,0
5df87513-f110-4241-9778-fcd3aa9b07dc,Juan Polonia,2025-10-23,5,buenaaa,positivo,com.instagram.android,,,0
7a299361-356e-4a17-a710-56215b3fcf44,shirley andrade,2025-10-23,5,Excelente,positivo,com.instagram.android,,,1
1bab4a89-c1cc-4dd6-af00-0922bfd8f128,Sonia Acuña,2025-10-23,5,me gusta mucho la verdad,positivo,com.instagram.android,,,0
96b42319-9292-4d8b-966e-685de674fbf3,Coetus Alpha,2025-10-23,5,sensacional,positivo,com.instagram.android,,,0
3b9fc10a-4e0c-42e0-a05f-94d800eb58c8,Leonardo Derobertis,2025-10-23,5,muy buena calidad y variedad de cosas y rápido al poner videos o fotos,positivo,com.instagram.android,,,0
9c82963c-f5dc-4679-8530-c95210272954,Giselle M López,2025-10-23,4,"muy buena aplicación,4 estrellas ya que me parecería más sencillo si a la hora de hacer una publicación y le agregue un audio se suba tal cual,ya que he hecho mis publicaciones y no se suben con este,luego debo editarlas para volver hacer el trabajo de buscar el mismo audio(entre tantos que hay) y volver a ponerlo en la publicación. No queda más que decir ",positivo,com.instagram.android,,,0
430b102d-0f3e-4432-8391-25196441679b,Rafael Rodriguez,2025-10-23,5,excelente,positivo,com.instagram.android,,,0
0c205e2b-0975-4383-ad5c-337601fb12fd,Jose De Jesús,2025-10-23,5,la mejor plata,positivo,com.instagram.android,,,0
15eb33c1-c9c3-4ace-903b-251b9b47aced,Jenicka Mora,2025-10-23,1,No carga,negativo,com.instagram.android,,,0
91d43885-8859-4186-82ae-4660cb2f6762,Nathali Alvarez,2025-10-23,5,"es un medio de comunicación que depende como la usemos puede ser muy buena o no tanto, la verdad eso ya depende de cada quien el uso que le de",positivo,com.instagram.android,,,0
7f5deaa9-08a4-4b37-bb9c-b3b34bf05fe8,Alejandro reyes manzanares,2025-10-23,5,cool,positivo,com.instagram.android,,,0
ab3084d6-98fd-4d55-9b2b-22daa1646d8f,Sarai López Guerrero,2025-10-23,4,Es buena y cumple su función nomas que me sale información triste y esa yo no la quiero,neutro,com.instagram.android,,,0
df584433-10f8-43f3-9d57-ea4df4bf6a15,Karoll Andrea Garcia Florez,2025-10-23,5,la mejor!,positivo,com.instagram.android,,,0
74e4b9e9-f3a3-45c9-a0e5-01c04770c812,Lifred josue Teran,2025-10-23,5,muy buena,positivo,com.instagram.android,,,0
2ff5f9dd-ca31-4518-9fe6-10005b223b3a,Ismael Quipildor,2025-10-23,1,no tengo algunas funciones que ya estan disponibles en la nueva actualización.,negativo,com.instagram.android,,,0
6fc7cada-bf0f-49e3-a232-f0f11f3d354d,Silvia Tumbaco,2025-10-23,5,es confiable,positivo,com.instagram.android,,,0
15d936db-d8b2-43b4-bb13-802688867cdc,Andrés Sierra,2025-10-23,1,doble sonido en varios videos le quito el sonido y voy a ver otro video y suena el primer sonido u video,negativo,com.instagram.android,,,0
cfeaf3a9-2844-411c-9cb7-d3ad58aa507f,Gisel POrtiz,2025-10-23,5,excelente app,positivo,com.instagram.android,,,0
b88419b5-2568-4e10-ae0f-fe911bd47f3a,J Garci16,2025-10-23,1,"de mal en peor, limitaciones muy exageradas en las resoluciónes de los videos o fotos",negativo,com.instagram.android,,,1
95dc60ec-cbea-4afe-8db5-8f15a3e985ee,Reina Robles,2025-10-23,5,Muy bonita aplicación y privacidad exelente a la hora de usarla es una de las mejores,positivo,com.instagram.android,,,0
35f7c3e2-de11-4856-9154-72bd0057ead3,Carlos Arturo Rovira Velázquez,2025-10-23,5,Lo Mejor 🏻,positivo,com.instagram.android,,,0
b70dd49d-798d-4cf1-83bd-d40eba284bbc,Rivas 40,2025-10-23,5,excelente aplicación la mejor ,positivo,com.instagram.android,,,0
fa006581-3ab8-49ad-8099-ddc9470d4a28,Gisset Cambero,2025-10-23,5,Muy buena aplicacion★★ la estoy utilizando desde el 2014 y cada día que la disfruto me encanta más y más  Siempre me va a gustar ,positivo,com.instagram.android,,,0
5b0f9f27-a9b1-47c6-883e-b533cc00c1d4,Jorge Espinoza,2025-10-23,5,muy divertida y en ocasiones educativa,positivo,com.instagram.android,,,0
7c98534a-03fb-4e99-b6d9-08415351efb5,Lorena Mendoza,2025-10-23,5,Exelente,positivo,com.instagram.android,,,0
c9beb7b9-69c2-44b6-8bfc-9e016bccce9f,Carolina Sosa,2025-10-23,5,la mejor app,positivo,com.instagram.android,,,0
2fbebaa6-9c28-4d19-9110-d693f9c86dcd,Diego Sánchez,2025-10-23,5,súper genial,positivo,com.instagram.android,,,0
778f2008-21a9-4c1b-947d-1b5d7a97014f,Alan Ramírez,2025-10-23,5,nada más,positivo,com.instagram.android,,,0
d3878b7a-a47d-4837-9ee8-e90442277683,li drana,2025-10-23,1,"LA ACTUALIZACIÓN ES HORRIBLE ¡volved a poner las historias como antes!!! Ha pasado más de un mes y seguís sin cambiar el formato de las historias a como estaba antes, cuando la mayoría de gente ha manifestado su disgusto por la nueva forma, no escucháis a la gente que es lo más importante. Volved a poner las historias destacadas a como eran antes!!!!",negativo,com.instagram.android,,,1
832c8c25-8f24-44aa-92f9-94e734f6e137,Virginia Guzman,2025-10-23,5,de diez,positivo,com.instagram.android,,,0
46b1797f-0acd-4165-9004-5c9e8f707836,Jorge Felix Correa,2025-10-23,5,estoy comenzando ahora pero he escuchado muy buenas referencias,positivo,com.instagram.android,,,0
87ef25f9-1a20-4d15-ab68-a17f7e10e5dc,camila lois,2025-10-23,5, 10 /10,positivo,com.instagram.android,,,0
7a09578a-5635-4383-9c84-b59801374904,German Ricolfe,2025-10-23,4,"Hola, alguien me podría decir porque se me cierra la sesión de Instagram todos los días, a cada rato. nosé si a alguien también le pasa. cuando salgo y quiero entrar al rato otra cerrada. así todo el dia",negativo,com.instagram.android,,,0
9c1fdfae-c5f2-41da-9553-7c15db74decc,Lucho Kiss,2025-10-23,4,sirve muchísimo. para publicar. cosas que se ofrecen en nuestro emprendimiento.,positivo,com.instagram.android,,,0
6f7c0438-b52e-4e04-92b5-af55c4b276ed,Eugenia Torres,2025-10-23,5,"nose, es buena",positivo,com.instagram.android,,,0
44c3ddc7-868c-46ce-a802-e7008a865193,Silvia Magictime,2025-10-23,5,muy buena e experiencia,positivo,com.instagram.android,,,0
96bb0e0b-33f8-4ab7-a76d-d5d7e8279dff,Jose Luis Suni Gomez,2025-10-23,5,Buenísimo ,positivo,com.instagram.android,,,0
46991c95-4f74-45d1-90e5-4c804ccf32aa,Luciana Leiva,2025-10-23,5,Es re lindo instagram pero le falta un racha lo popular del momento estaría bueno que lo agas,positivo,com.instagram.android,,,0
66972804-f1d0-45d0-879e-059355f8e327,Giselle Davalos,2025-10-23,2,"Me encanta ig, pero últimamente ya no es lo mismo, esta linda la intención de ver los me gusta de los demás, pero la verdad ya es demasiado buchon; ni darle me gusta libremente podes; los me gusta pueden ayudar mucho para todas las cuentas, así crecen, pero uno aveces leda me gusta a todo o a los que le parece su estilo ( que puede ser raro o una pabada) y ya queda uno espuesto, ni usar tranqui se puede.",negativo,com.instagram.android,,,0
ed2d23b7-0cf8-4a1b-a500-0bb42cf65220,Emiliano Carrizo,2025-10-23,2,poca actualización para algunos dispositivos,negativo,com.instagram.android,,,0
f9e55a6c-96c7-4024-88d9-747fc4c83a91,Sodi samai Benítez Alvarez,2025-10-23,1,no me aparece que tengo que actualizar ig,negativo,com.instagram.android,,,0
f7b8a416-056f-4972-9eda-34ec7e30950a,Maya Vallejos,2025-10-23,5,super,positivo,com.instagram.android,,,0
ccd40d9a-c73b-402e-b71f-254726ebfbe0,Noris Rodriguez,2025-10-23,5,maravillosas gracias bendiciones para todos amén amén amén,positivo,com.instagram.android,,,0
e630176c-1b83-47be-b4ff-5c0b947d2c03,Dylan Ceron,2025-10-23,4,buenos gráficos,positivo,com.instagram.android,,,0
7b7d8f64-bbc9-41a3-a564-ca4376c0e96b,Mariana Scabozzi,2025-10-23,2,no me gusta pk cuando cierro una cuenta y quiero abrir otra no puedo me dice actualizar lo hago y no responde,negativo,com.instagram.android,,,0
f6c9c822-014d-4138-ae37-5103af61b434,Juana Maria Picasso,2025-10-23,5,muy bien,positivo,com.instagram.android,,,0
1f18051c-1514-4e85-8257-cd331aa9370d,Alba yanet Rativa Garcia,2025-10-23,5,buena aplicación,positivo,com.instagram.android,,,0
74151e1a-c23b-4943-afc2-415c9a528ded,Carolina,2025-10-23,5,Llevo varios días que me da error en las publicaciones. Se me quedan en negro y solo se oyen los audios. Da igual si programo las publicaciones o si las público directamente. Me pasa siempre. He reportado el error pero nadie contesta. A alguien más le pasa y me puede dar una pista de lo que está pasando?,positivo,com.instagram.android,,,0
8a5045fa-5ae6-4916-b824-85ab8418f183,Sergio Hernández Pitarch,2025-10-23,5,"Es la aplicación con la mejor personalización de feed que hay y por eso le doy 5 estrellas. ¿Ves algo que no te gusta? —> No volver a recomendar. Así un par de veces o tres y ya está, no lo vuelves a ver más en tu vida. La publicidad es completamente relevante con tus gustos. Cuando se hacen bien las cosas se tiene que decir.",positivo,com.instagram.android,,,0
5973fe58-d75d-4467-962a-fe98a4b521e4,Jorge Calderon,2025-10-23,3,son una de las mejores redes sociales..,positivo,com.instagram.android,,,0
c219679a-5237-4a14-b8d9-0ef9e1cd2e7e,AJMP AJMP,2025-10-23,5,Instagram para mí es una aplicación ya que con ella eh creado contenidos y me estoy dando a conocer y puedo algún día colaborar con marcas,positivo,com.instagram.android,,,0
1dd8d115-4687-495e-88a3-0faa62297e7c,T T3acher,2025-10-23,5,E tenido problemas de inicio de sesión ya he verificado la app pero tengo problemas y quisiera cancelar mi suscripción meta verificado gracias,negativo,com.instagram.android,,,0
ab9a824d-d37c-4ab6-b0f1-fe6b74eb6822,Adilene Torres Santillán,2025-10-23,5,Comete un pan,positivo,com.instagram.android,,,0
3577ae3e-650f-4e11-83a5-90dd97645172,Vanesa Guzman,2025-10-23,1,"hoy se actualizo Instagram, y más tarde quise poner música en mi historia tocando la opción crear y mi teclado se volvió loco . no andaba así hasta antes de actualizar.",negativo,com.instagram.android,,,0
959f30b7-8722-4f07-a30d-103c38fe5247,Luis Solis,2025-10-23,5,excelente aplicación.,positivo,com.instagram.android,,,0
e11bd54c-f9a1-4cb3-9772-c29ff1a75a2d,Juan Carmona Flores,2025-10-23,5,perfecta,positivo,com.instagram.android,,,0
1404ba40-2785-4981-837c-aa8d6f77744a,Tomas Perez Felipe,2025-10-23,5,buena,positivo,com.instagram.android,,,0
195355b9-6ffa-49c6-a258-b4cc3c3c1c9c,Nancy Jacqueline Ramírez Pérez,2025-10-23,5,me encantó esta aplicación ,positivo,com.instagram.android,,,0
1b162584-fd2a-4778-ab3e-235fdd59f8c2,Nahum Rangel,2025-10-23,5,muy buena aplicación,positivo,com.instagram.android,,,0
11729725-324e-4bc5-aee8-ef96354e29f0,kerluis Romero,2025-10-23,5,perfecto,positivo,com.instagram.android,,,0
489cb170-30a3-4430-909e-abbdfa7b3945,jonathan juarez barba,2025-10-23,5,me gusta,positivo,com.instagram.android,,,0
3ab1800a-46ca-4efe-a43a-9e56b4ef3f03,daniel guillen,2025-10-23,5,muy buena,positivo,com.instagram.android,,,0
beb0616a-995f-4c34-a306-ce58b126dbb6,Julio cesar Villaseñor,2025-10-23,5,es muy divertido noteaburres y contactas más segidores,positivo,com.instagram.android,,,0
eb7cdca2-603e-41fb-8e31-47cebf3ea43a,Heymimi,2025-10-23,5,la mejor aplicación ,positivo,com.instagram.android,,,0
b39c36d6-4c79-40a8-9eec-fe06e947e524,Eduardo Escobar,2025-10-23,1,ultimamente he tenido problemas a mi cuenta y borre instagram luego lo volví a instalar y ponía la contraseña y aparecía q era incorrecta cuando en realidad si era la correcta y en otros dispositivos si podía iniciar sesion,negativo,com.instagram.android,,,0
62555960-e42c-4574-9321-36807abfac79,Emiliano Saucedo,2025-10-23,5,muy buena app,positivo,com.instagram.android,,,0
ee148953-e9db-451d-af9a-4368089ddf7c,Enrique,2025-10-23,1,"Me cierran mi cuenta sin explicación alguna y, cuando la tengo NO puedo seguir páginas.",negativo,com.instagram.android,,,0
ae8b0286-69b8-42b7-a432-a9f4aca30275,Mictlan Tecuhtli,2025-10-23,5,Todo chido con la app,positivo,com.instagram.android,,,0
bcc605a5-3cd4-404c-8a3c-f21a6c21f6ff,BOLIVAR SANDOVAL,2025-10-23,5,excelente,positivo,com.instagram.android,,,0
e40086f1-b20c-4c7a-b6ce-003d1b62c2e9,Jaquelin Najera,2025-10-23,5,una aplicación chida,positivo,com.instagram.android,,,0
d3219bb6-cae6-4f45-8c16-9b341e70dff3,Pedro Gallardo Mayo,2025-10-23,5,me interesa,positivo,com.instagram.android,,,0
1bd602f0-483c-4e10-b051-a15f184dfca7,Tiffany Rodríguez,2025-10-23,2,La nueva actualización no está muy chida estaba mejor la de antes,negativo,com.instagram.android,,,0
b913423b-3442-4f74-aa38-2931622578ca,Johnayvis Rodriguez Colombe,2025-10-23,4,"buena, aprendo y puedo llegar a cumplir mi objetivo en esta red",positivo,com.instagram.android,,,0
ed31ad9b-8fbb-495c-92e5-a9eaef9f3f1c,Maximiliano Kryszczuk,2025-10-23,5,Me gusta porque es una aplicación cálida y que cuida a los usuarios. Apto para todas las edades. ,positivo,com.instagram.android,,,0
49a5707c-8c46-478d-8d5d-127ead9a798a,Alix Everynyan,2025-10-23,4,"muy buena, aunq muchas veces las actualizaciones causas más problemas de los que arreglan",positivo,com.instagram.android,,,0
99abdbc1-07fb-4cfd-b492-19a055bdcb41,Angel Contreras,2025-10-23,5,lo mejor,positivo,com.instagram.android,,,0
67d73d86-8ae7-499b-996f-20ef7cff0188,Santiago Ramírez,2025-10-23,5,excelente,positivo,com.instagram.android,,,0
1e2c4870-12d1-4a7a-8895-2833ae10542e,Karla Turn,2025-10-23,5,"Amo instagram, me gustaría encontrar lo que busco más fácil, como tiendas y servicios en mi localidad.",positivo,com.instagram.android,,,0
934d7a2f-3f71-4e0c-bd55-c49a6b05f15c,Michaell Barba,2025-10-23,1,Pésimo porque los likes que me dan no me aparecen tiene que arreglar ese bug de inmediato,negativo,com.instagram.android,,,0
3c314880-cdd6-4120-87fc-09284bca3dd0,Btian Cordero,2025-10-23,5,la mejor app de redes,positivo,com.instagram.android,,,0
8268b46f-200a-4245-91e8-87f8ceec9699,Yaret michh,2025-10-23,5,esta hermosaaa,positivo,com.instagram.android,,,0
e4e2af0e-79a5-4aa9-a686-f909e0f0a4ea,Isael Aquino,2025-10-23,5,muy buena app,positivo,com.instagram.android,,,0
c1090e95-54f1-4bb0-800b-e718fb78d6c3,Eriberto Paniagua,2025-10-23,5,La mejor aplicación,positivo,com.instagram.android,,,0
e0ffbb8f-dad1-49e9-94d6-f6d5bfcbe549,Gahen Galvis,2025-10-23,5,muy genial,positivo,com.instagram.android,,,0
946d87ca-e92d-457f-82d9-0edab12568b3,Andrea Denisse León Pérez,2025-10-23,1,Quitaron las historias recientes,negativo,com.instagram.android,,,0
213f2d13-d6b1-4ed7-b104-54e33417297a,Luis Reyes,2025-10-23,1,fue una aplicación muy buena al principio todo bien pero de un día a otro la aplicación ya no me dejó entrar AMI cuenta intento hacer otra y no me deja así que pues no estoy satisfecho con la aplicación solo por qué tengo que dar una estrella pero no sé la merecen de mi parte 🏻,negativo,com.instagram.android,,,0
269d16b9-026a-42ed-a405-c7b8cf9b73c4,German Bajaña,2025-10-23,5,gracias me gusta ,positivo,com.instagram.android,,,0
30c9f1dc-ac6d-4d5b-b033-ae8b217cd4e8,Alexis Gamez,2025-10-23,5,me encanta ésta app,positivo,com.instagram.android,,,0
1d3302af-9fe5-4ab6-8201-87d44fe2859b,Victor Añez,2025-10-23,5,Excelente aplicación Muy buenas me gusta mucho xq para mi es la mejor de todas,positivo,com.instagram.android,,,0
28d94ebc-2e43-422d-b607-5075dc0b7c43,BassFitness,2025-10-23,5,Me gustaría que dieran más alcance a mis videos y que no me penalicen tanto con el copyright,positivo,com.instagram.android,,,0
668a271f-ec7a-4211-8be1-4199b2976553,Maria Cecilia Jimenez Solis de Ovando,2025-10-23,5,Excelente lugar para compartir experiencias y sensaciones,positivo,com.instagram.android,,,0
69e4a98d-ceb9-4bcd-98a5-3ef8ab9c9be8,ismarai bodaño,2025-10-23,4,buenas,positivo,com.instagram.android,,,0
c2f0c46a-fd8f-4f46-ab20-0eebc4a3447a,Jose Luis DMY,2025-10-23,3,últimamente hay demasiada publicidad y nada de post que sean relevantes,neutro,com.instagram.android,,,0
fb0b4ed0-a9ba-489b-af76-ce499b7ab66a,Cesar Trejo,2025-10-23,5,porque no puedo tomar capturas y no me deja grabar videos,positivo,com.instagram.android,,,0
cb0b2075-07cb-4d92-9c9c-f86324cb856d,chelo villafañe,2025-10-23,5,"de 9 un exito, me encanta. Estaria bueno que se deje compratir imagenes en cantidad desde galería. No solo 1 para la historia. Gracias por eso pongo 4 estrellas",positivo,com.instagram.android,,,1
ec519299-0f6f-4d37-8823-71c713eb5c1a,Silvia Berrones,2025-10-23,3,no me sale las fotos instantáneas,neutro,com.instagram.android,,,0
71875a75-20a2-4130-9cb1-b2b31c19df10,Yosuhany nahir Barrios caldero,2025-10-23,2,no me gustó quisiera q vuelva la cámara de la nota,negativo,com.instagram.android,,,0
c2108529-0e8c-40a7-bcbb-01d4cb5f6044,Jose Guadalupe Calderón Medina,2025-10-23,5,es delo mejor aunque no puedo trasmitir en vivo si no tienes más de 1000 seguidores,positivo,com.instagram.android,,,0
45ddef23-de73-4648-b39c-d867d077915f,Lok Chan,2025-10-23,1,acabas de colapsar...ver a cada uno de los que yo voy siguiendo me entretiene ahora se actualizo y no hay más que sugerencias¿para que sugerencias? yo estoy buscando lo que yo estuve siguiendo acomoden eso ya es completamente injusto tantas actualizaciones que perjudican lo básico,negativo,com.instagram.android,,,0
a61fa081-538a-4dbf-9b0d-c4ab026d3ac5,Yusleidimar Blanco,2025-10-23,5,me encanta,positivo,com.instagram.android,,,0
a869289f-13d3-4ded-bc05-53c0e11ea6b1,Alicia Monserrat López Barrio,2025-10-22,5,todo bien,positivo,com.instagram.android,,,0
03927a03-0919-467a-9a7b-fa0f54093a17,Jesica Cejas,2025-10-22,5,cumple con todo lo q propone,positivo,com.instagram.android,,,0
f95416ef-5b65-493c-be24-6740de5a62b0,El Prof. Ricardo,2025-10-22,5,maravilloso,positivo,com.instagram.android,,,0
69debce7-8f45-4148-86b5-7c90c4ee682b,elisa de jesus de los santos leon,2025-10-22,4,"Me gusta mucho la app, solo no le doy 5 estrellas por qué el único inconveniente que le veo es que te dice activo aunque tengas más de 5 minutos estar inactivo. Fuera de eso me gusta mucho. Ojalá arreglaran ese pequeñito detalle",positivo,com.instagram.android,,,0
ee13b669-d57d-4069-8590-368060464b42,Guadalupe Olarte,2025-10-22,5,excelente,positivo,com.instagram.android,,,0
d1eec633-52bb-48ab-813b-3ba44b2eec24,Alex,2025-10-22,1,maldita aplicación compré cosas y jamás llegaron después tenia un carro tratado y me saco de mi cuenta y no me deja entrar solo quiero entrar y recuperar mi dinero,negativo,com.instagram.android,,,0
e7635de5-9ec6-4a83-b203-ebce989f84cc,Maite Pérez,2025-10-22,5,Muy confiable,positivo,com.instagram.android,,,0
ebb8ad32-b29f-44a8-a0d8-3cae36928f1d,Axel Carbajal,2025-10-22,3,"Está muy bien, no tengo problema con Instagram por ahora debido a que siempre veo a mis amigos en esta app, porque soy de esos de comunidad social",neutro,com.instagram.android,,,0
288fd14e-d4f9-47cb-acf6-a684b4558f76,Jesús Chablé Hernández,2025-10-22,5,muy bien,positivo,com.instagram.android,,,0
34b94450-3e2b-4c8e-a53a-96130eff44d9,Nahue Guarde,2025-10-22,5,Desde la ultima actualización no me deja subir historias y las publicidades cargar muy rapido mientras que los videos que suben tus amistades tardar mucho en cargar o a veces quedan en la mitad y nunca mas cargan.,positivo,com.instagram.android,,,5
8c128862-51dd-41ee-86ac-9ba315d6ca12,Eliden Navarro gtz,2025-10-22,5,me encanta la rapides de la app y los vídeos de la app,positivo,com.instagram.android,,,0
a7c411d7-b94f-4957-a32b-5a9cff5df4f2,Brisa Samay Martinez,2025-10-22,5,amo esta app,positivo,com.instagram.android,,,0
5d44c848-568b-4f66-8624-ed1d789ed4f8,Shamir Palma,2025-10-22,5,bien,positivo,com.instagram.android,,,0
b9104c07-d608-46df-8b73-d9ddbb7dcb72,Alejandro Jimenez,2025-10-22,3,ĥay muchas palabras que no se pueden usar y no se pueden enviar desnudez a la persona con la wue esta hablando,neutro,com.instagram.android,,,0
027aa80c-b936-489a-b2a5-97c1d25cc31c,Jas J,2025-10-22,5,increíble,positivo,com.instagram.android,,,0
b54e8b7c-18ed-4efc-bdc0-c019360ec809,Robinson Thu Amio,2025-10-22,5,"App muy agradable, encuentro cosas divertidas",positivo,com.instagram.android,,,0
cc0efa03-4d8f-4011-ab67-a3d66d3b897f,Almirón rose,2025-10-22,4,Herramienta clave para compartir momentos y proyectos,positivo,com.instagram.android,,,0
8e6b96ba-0508-4c25-b163-171ddaa07e2e,Alejandro Ramses Rico Martinez,2025-10-22,5,muy buena app,positivo,com.instagram.android,,,0
a5038730-12be-43d9-8e6e-ad5295fb8000,Mercedes Campos,2025-10-22,5,Excelente ,positivo,com.instagram.android,,,0
d2f00a9c-89e6-4aae-bcb6-f2caad42c92b,Florencia Sepulveda,2025-10-22,5,perfecto ,positivo,com.instagram.android,,,0
73b5b65f-2e84-4b70-a9c4-ba5b4e19a329,Fernanda Julieth Vidal Garcia,2025-10-22,5,"es una app llena de muchos aprendizajes, entretenimiento y lleno de diversión además de q nos ayuda a comunicarnos perfectamente mediante las redes",positivo,com.instagram.android,,,0
74bd2f60-07b1-4d8f-af36-d945d2c48bb7,Julian Trinidad quispe,2025-10-22,5,fenomenal,positivo,com.instagram.android,,,0
da922e1e-e899-42dc-b4c7-fbd3b122945a,Lesley Sanchez,2025-10-22,5,muy bueno,positivo,com.instagram.android,,,0
d66f764c-d783-498a-82b1-6a7a83665e14,Santiago Montes,2025-10-22,5,es muy buena y divertida me ayuda en mi emprendimiento,positivo,com.instagram.android,,,0
fd642ab2-ba23-4006-970e-70df453b4e56,Elsa Alvarado,2025-10-22,5,muuy buenaaa,positivo,com.instagram.android,,,0
37d9fa6d-22ea-4b28-94ba-c1bf2073b581,Alexander Alonso Martínez,2025-10-22,5,super bueno,positivo,com.instagram.android,,,0
79d590f3-db83-4441-9142-7f3b47e64ada,Daiana Sosa,2025-10-22,1,odio la nueva actualización del inicio vuelvan a como estaba.,negativo,com.instagram.android,,,0
e09a7ebd-5af9-4e49-a438-3ecdb1c87667,Betty Gtz,2025-10-22,5,exelente!,positivo,com.instagram.android,,,0
bc1dabca-5fe2-4035-8a45-bd3f5b50bb10,Emanuel Gonzalez Trejo,2025-10-22,1,"Últimamente a estando fallando, nomás agarra datos para que funcione y con internet no, espero soluciónen el problema.",negativo,com.instagram.android,,,0
910f42cc-f430-44f5-b3c7-fc45737a12cd,Facundo Paez,2025-10-22,5,buena app,positivo,com.instagram.android,,,0
1675d77f-d484-47f3-bc6a-56f79c202078,Neydismar Vivas,2025-10-22,5,muy buena jejej,positivo,com.instagram.android,,,0
b969f642-3209-496d-b5e0-e00bfeabcdb1,Jhon eidan Castro Trigo,2025-10-22,1,"ya no sirve está apps,no sé si a alguien le sucede pero Ami me empieza a cargar y cargar y cargar no puedo ni enviar mensajes ni q me lleguen me sajes.",negativo,com.instagram.android,,,0
7beb8227-5b79-4849-a354-4413601e7618,Sharon aneley Rosillo,2025-10-22,5,excelente 🫶🏻,positivo,com.instagram.android,,,0
177b3a6a-86d9-45d2-931b-aa097208fce1,JOSE GOMEZ,2025-10-22,5,Magnífico!!,positivo,com.instagram.android,,,0
8b6b7e1a-f33d-4669-affd-d501e05a1be1,Gabriel P.,2025-10-22,5,Increíble puedo mirar reels llamar y hablar por videollamada,positivo,com.instagram.android,,,0
5c359099-a30f-4d19-89ce-6f58bc373da9,evelin calina aular cavanerio,2025-10-22,5,satisfactoria,positivo,com.instagram.android,,,0
6f4b32c3-d468-4d79-8a81-48c70d0978bc,Eugeniamendez 2007,2025-10-22,5,super recomendó!! es muy eficiente ,positivo,com.instagram.android,,,0
23ebabe5-06c3-48ae-93de-a12d339cdd5d,Macarena Acuña,2025-10-22,5,muy buena calidad,positivo,com.instagram.android,,,0
ee6b72c3-8147-43a3-b6e8-31f37918f103,Jenifer Arteaga,2025-10-22,5,Genial,positivo,com.instagram.android,,,0
d204e755-97fb-44ee-b5e2-b030d39c28d5,Euder Moreno,2025-10-22,5,excelente aplicación 🏼,positivo,com.instagram.android,,,0
03028a0e-2281-4f3c-ac94-100d6fb3367c,Sebastian Mendez,2025-10-22,5,increíble es una buena app por eso le doy 5,positivo,com.instagram.android,,,0
3203c086-9faf-4b40-8107-74d1293135c9,Wendy Chairez,2025-10-22,5,me encanta,positivo,com.instagram.android,,,0
534332fc-fa05-4cf2-95f6-6b44fe04a965,Luis Frank Gómez Grullón,2025-10-22,5,excelente,positivo,com.instagram.android,,,0
3555f261-d213-48ce-8a71-267ca242e079,Giovanni Piedrahita,2025-10-22,5,muy buena aplicación para compartir con amigos y colegas tus opiniones,positivo,com.instagram.android,,,0
e52ef9dd-ebce-4296-b8fb-4868dbf78fb7,Jonathan,2025-10-22,5,es muy chida ,positivo,com.instagram.android,,,0
648ebb6c-4bbc-473d-9327-9a3c8ee2e651,Constructora S.A,2025-10-22,5,De llegar lejos con la publicación,positivo,com.instagram.android,,,0
110fc428-7cee-49b7-88cf-001decf15238,Daniela Urquilla,2025-10-22,5,Excelente,positivo,com.instagram.android,,,0
86b42958-2438-4138-a1c1-fd8f2568379f,Gabriel Aaron Canté morales,2025-10-22,5,es más accesible y dinámica y atractiva a la vista,positivo,com.instagram.android,,,0
adcee764-46dc-4bd0-bdcd-817e3f1ecc9f,Joelbaigorria850,2025-10-22,1,Es re lindo me gusta. Mucho la aplicación de instagram es re lindo,positivo,com.instagram.android,,,0
510c8c8f-d621-427b-8078-e70dc88295c0,Guillermo Ramos,2025-10-22,5,por que habla con mis amigos jajajaja estoy locos,positivo,com.instagram.android,,,0
bce79fd1-59f9-4169-b2dc-673ba8a2f640,Delma Ferreyra,2025-10-22,5,super,positivo,com.instagram.android,,,0
bb639c73-0d8d-4381-bf9c-c74f7d4d3d74,Miguel Lopez,2025-10-22,5,buena,positivo,com.instagram.android,,,0
5208261a-2ba6-45c3-991a-4b41142daa21,david mazo morales,2025-10-22,5,está app es impresionante pero lo único que no me agrada mucho es que las destacadas parecan como publicaciones,positivo,com.instagram.android,,,0
16412258-e1f0-4a74-a760-0a1d484c9626,Santa Rosa De lima,2025-10-22,5,me encanta,positivo,com.instagram.android,,,0
8364655b-ef43-4a4c-9a16-1f799885abf7,Miguel Villarreal,2025-10-22,5,super,positivo,com.instagram.android,,,0
ce34b7d1-0175-4d49-b6b7-dc0bdc5eb3e2,Natali Serrano,2025-10-22,1,"Esto va a ser más una queja que recomendación, pero lo veo totalmente innecesario lo de que se te desaparezcan los borradores cuando desinstalas instagram, hay veces que uno necesita borrar la app por X motivo y tener que bancarse que se te pierdan los borradores es pura y exclusivamente nefasto. a veces uno se olvida de guardarse los borradores, por eso hago este descargo esperando que puedan mejorar esto. Gracias",negativo,com.instagram.android,,,0
3c2c589f-351f-4ec7-ab8b-2bbbc65447c9,Lucas Gabriel Ortiz Venerdini,2025-10-22,2,Hace rato uso la app y me dejaron sin hacer vivos por no tener un mínimo de seguidores,negativo,com.instagram.android,,,0
31d31365-5b67-49f5-857c-a8d4936f572b,Ana Bugarin Alcalá,2025-10-22,3,"Últimamente no me cargan las solicitudes de seguimiento, ni los perfiles, se me traba mucho. y ya corrobore con varias fuentes de Internet ya que pensé que era mi red la que estaba fallando y sigue igual.",neutro,com.instagram.android,,,0
979f69aa-195d-47a6-a1d9-75223d388ff0,Yaretzi Ríos Sanchez,2025-10-22,1,no se me actualiza,negativo,com.instagram.android,,,0
bd94cc26-f444-4f44-883e-9242267dcd67,Alexander PerezAldana,2025-10-22,1,no es mucho de mi agrado me bloquearon la cuenta de la nada,negativo,com.instagram.android,,,2
ca099f1e-3924-410d-b197-4474e078f21b,Virginia Garcia,2025-10-22,1,no deja poner comentarios ya en las fotos muy mal,negativo,com.instagram.android,,,0
ed51feef-a5cb-47cb-9334-6953c6d835c6,Cristiansantiago Di Dio,2025-10-22,3,no me deja cambiar mi edad,neutro,com.instagram.android,,,0
582d9a80-ab42-4a01-8161-da6856935659,Valenzuela,2025-10-22,1,tengo meta verificada y al momento de ingresar a mi cuenta el código que envía a WhatsApp no me llega e intentado comunicarme pidiendo asistencia pero no me devuelven respuestas. porfavor recuperar mi cuenta o algún tipo de respuesta.,negativo,com.instagram.android,,,0
0808ba4c-aa36-4769-ab2b-f2a6db8dd1b6,Greysi milagros Calle pongo,2025-10-22,1,por no puedo actualizar las feed,negativo,com.instagram.android,,,0
0c9a9cc2-b40f-44b9-aad6-dce639478350,karen santacruz,2025-10-22,3,"no puedo poner ecos, pónganme los ecos por favor  me los habían puesto y me lo sacaron ",neutro,com.instagram.android,,,0
06498f57-0ed8-4de7-bf9d-1705b1880ef7,Angie kookmin,2025-10-22,1,"muy mala , a cada momento me bloquean la cuenta sin yo hacer absolutamente nada...llevo haciendo como 5 cuentas seguidos y todas me las bloquean, muy mal servicio.",negativo,com.instagram.android,,,2
90e54b23-ff91-4758-af50-57ed3a25a163,valeria C:,2025-10-22,1,"la peor app del universo, siempre en mi cuenta se le salen funciones, PORQUE NO PUEDO PONER COLOR EN LAS NOTAS??? NO ME DEJA, Y LUEGO QUIERO VER MIS COMPARTIDOS Y NADA!!!!! ",negativo,com.instagram.android,,,4
611e0af7-b33a-4c90-b795-b944500cfc4d,David Ramos,2025-10-22,1,nisiquiera puedo dar una estrella no me gustó desde un tiempo me están bloqueando mis cuentas segun nose pq si cumplo las normas pero ahí dice q no están cometiendo un error ahora mismo tengo q usar en chrome insta porq en la aplicación me banea las cuentas fácilmente sin motivo aparente.,negativo,com.instagram.android,,,1
ba738669-6edc-40eb-8a45-cb33852f4d47,Jhorly Huatatoca,2025-10-22,2,"La verdad si me gusta, pero está como raro la app cuando quiero iniciar seción en la app me dice contraseña incorrecta, sabiendo que es la misma contraseña y me dice error de contraseña, por favor pueden hacer algo de eso, para que no pueda suceder la misma cosa, en mi opinión le doy un 2 de estrellas.",negativo,com.instagram.android,,,0
54dee9e9-202f-45a9-8fc4-62f24af3b27a,Aldo,2025-10-22,3,esta aplicación era buena se empezó agregar seguidores es fatal la salud mental las personas no hablan ignoran no toman nada seriamente es una aplicación mejor no tener cuidarse sicológica mente.,neutro,com.instagram.android,,,0
40fbc41d-376b-4ab7-bcc1-b3efffdffcfb,Carlos Jiménez,2025-10-22,1,no sé actualiza,negativo,com.instagram.android,,,0
c7cc2bea-151a-430c-8e3f-21e1202428f0,Adrian Espinales,2025-10-22,1,mejo aap,negativo,com.instagram.android,,,0
fc1db99c-c25c-44c1-8878-19bb810982f5,Neko Chan,2025-10-22,3,"no se pueden descargar videos que están para descargar sale error, además la forma en que se accede a al botón de descargar es muy incomoda, me gusta que tiktok se descarga fácil.",neutro,com.instagram.android,,,0
c65f499b-e2f7-4f1b-ba76-47ce19707319,Jimena De Leon Castillo,2025-10-22,2,no sale la primera foto o video de la publicación que acabo de hacer.,negativo,com.instagram.android,,,0
cf84ecfc-7789-49de-86fe-66931b3edd34,Ana Miranda,2025-10-22,1,Me quitó la música de mis publicaciones y ya hice el reporte y nada que resuelven,negativo,com.instagram.android,,,0
8d1833dc-dbb1-464b-afe2-b9c87b05ffc5,Daniel Cerda,2025-10-22,1,otro que no jala bien,negativo,com.instagram.android,,,0
9aaefb0a-93d2-448f-875d-4f3b739e7ce1,Lr A.,2025-10-22,1,"Últimamente, la app va fatal. No cargan los videos. Solo los primeros segundos y se para y tampoco cargan los comentarios. No se arregla ni cerrando la app ni borrando el caché. Qué habeis hecho con la app? No se puede ver nada!",negativo,com.instagram.android,,,5
c0a5ce75-68a6-45c4-aed5-53fb5b450b41,Tahiel Ferrer,2025-10-22,2,antes le daba un 5 estrellas. pero cambio muchisimo ahora esta horrible todo.,negativo,com.instagram.android,,,0
1908c264-71f1-443c-b1ae-c5f5ccfc8ef7,Pía Pedreros,2025-10-22,1,"Instagram no deja cambiar número de teléfono luego de la pérdida de éste, ni siquiera tiene opción para notificar que el número ya no está operativo. El envío de un mensaje al teléfono aparece como última opción para recuperar la cuenta, lo cual es imposible de realizar. Tampoco deja eliminar el número desde el centro de cuentas en facebook, lo que es ilógico ya que aparece como opción el dejar de usar la autenticación en dos pasos. Tampoco dan ayuda frente a reporte de problema. Decepcionante.",negativo,com.instagram.android,,,0
5a619a3a-9277-442c-afe7-1f981ff72041,Ro,2025-10-22,1,"Que hayan cambiado las destacadas es un error, y más en ese formato tan FEO, es de verdad horrible no conozco a nadie que le haya gustado, se carga la estética entera, no podéis esperar acostumbrarnos a una estética tan bonita para de golpe ponernos esta tan horrible. De verdad que ojalá lo cambien pronto porque todos los usuarios están insatisfechos con este cambio.",negativo,com.instagram.android,,,0
59b66471-501d-4592-8283-732799793756,luisana Romero,2025-10-22,1,malisima para cambiar la portada de destacada tenes q esperar 3horas para q este listo,negativo,com.instagram.android,,,0
bfa4a6be-b30f-4504-81dd-4613d6e775ba,JOSE • GUZMAN •,2025-10-22,1,le pongo una estrella por tanta actualización que está emitiendo No hay ninguna mejoría en ello. en todo lo demás le pongo cuatro  estrellas,negativo,com.instagram.android,,,0
8281d561-7452-4a3c-906f-35ba920f09cd,Carlos Morquecho,2025-10-22,1,"Me deshabilitaron mi cuenta nada más porque sí, y al meter apelación me la deshabilitaron definitivamente, un asco de aplicación",negativo,com.instagram.android,,,0
1d57a5f5-71fd-411c-b2fb-1f36e3c9c1e1,Melina Aguirre,2025-10-22,1,"hace tiempo que no me deja cambiar la cuenta de profesional a personal y por ende no puedo tener una cuenta privada. Y no soy la única, le está pasando a muchas personas. Necesitamos una solución!!!!!!",negativo,com.instagram.android,,,0
5dc701d0-9d54-43e2-945d-f16a83a09488,Kevin Andujar Zamora,2025-10-22,1,Hola estoy cabreado está app da igual que que tengamos mucho o menos seguidores para hacer directo no podéis hacer eso eso un error muy grande porque trabajo aquí por los pco seguidores que tengo para hacer directo con la música ya no puedo hacer por vuestra culpa para 1000 seguidores para hacer directo eso es un error vuestros eso no se haces os voy denuciar eso los e hace disguoa tengas mucho pco se hace directo eso lo que vais echo es una estafa muy grande para mí para otro usurios,negativo,com.instagram.android,,,0
b9759eb9-8f6e-45e0-a455-e788e966992b,paula rodriguez,2025-10-22,1,"me gustaba mucho esta aplicación pero desde las dos últimas actualizaciones, la de las destacadas y la del dm abajo junto a los reels, ya no me gusta nada.",negativo,com.instagram.android,,,0
854953d2-8afc-4266-ba88-f697db3682eb,Alejandro Mauricio,2025-10-22,1,instagram la está cagando no pienso discutir.,negativo,com.instagram.android,,,0
c86d34ef-0bca-4fe1-8d4c-52b65108c979,Elaine manuel Hernandez,2025-10-22,3,Exelente aplicación me gusta mucho solo que la eh dejado de usar porque a mí parecer está muy inclinada por no decir (pagada) aquí en Venezuela por la ultra derecha fascista venezolana y eso es anti ética y desagradable.,neutro,com.instagram.android,,,0
d667d3ab-3aaf-42bb-9c68-ced96d82365f,Ros Hdz,2025-10-22,1,"no en todas las cuentas aparecen los ""ecos"" deberian de ponerlo para todos pq hay personas que no lo tienen y lo quieren",negativo,com.instagram.android,,,0
1cd68523-00ac-4567-bc67-e28c903ea1a1,luz nelly gamboabeltran,2025-10-22,1,"app defectuosa con IA mal hecha, me han suspendido mi cuenta de forma indefinida sin motivo aparente, ya que solo usaba esta app para chatear, y no hay forma de contactar a soporte tecnico. Fatal",negativo,com.instagram.android,,,0
33d7a8d1-467f-4546-8e89-c72ac5bdfb8a,Daniel Fernandez,2025-10-22,3,No lo entiendo mucho Es bastante complejo de adaptarse,neutro,com.instagram.android,,,0
a4062089-0528-4bf1-a9b4-efd7a9d82bb3,Joaquín Olivares,2025-10-22,1,"noe deja cambiar mi edad por qué tuve un error al ponerla y ahora me dice ""descargue la nueva versión"" pero no hay nueva versión y eso es inaceptable",negativo,com.instagram.android,,,0
3c32e5e3-c8df-43dc-bc59-582ddc479eef,aÆ4ŒŃ ŃÏ3VÆ,2025-10-22,2,"me agradaba la app antes pero desde que la actualizaron es horrible, pusieron el boton de reels y mensajes juntos abajo, ademas de que si miras un video en la pagina principal se bugea el audio, y sigue sonando si miras reels o si lo dejas en segundo plano",negativo,com.instagram.android,,,0
957d981e-d56d-4dd7-9548-1c516ab06f55,Jheremy Martinez,2025-10-22,1,no puedo subir historias,negativo,com.instagram.android,,,0
6ff6d6a3-4990-467c-9234-59bf8bc6ed10,Mi-suk Park,2025-10-22,3,"se volvió aburrida desde que quitaron los filtros buenos, quitaron todos los filtros que las personas hacen, solo quedaron filtros feos",neutro,com.instagram.android,,,0
791cabe2-f17d-460a-977d-a400fb86dc2a,Melcyeliana Guzman Fernández,2025-10-22,1,me bloquean la cuenta seguido.,negativo,com.instagram.android,,,0
0120256f-1a0c-4951-892f-18b46cf7b1ca,Alexis Chodil,2025-10-22,1,no sé puede actualizar instagram,negativo,com.instagram.android,,,0
7623b556-1a43-44c9-ae60-5065056b8455,Vicky Arnau,2025-10-22,3,últimamente falla bastante,neutro,com.instagram.android,,,0
103ff110-e96b-4e85-9446-b707630c1c66,Luz,2025-10-22,1,me descuentan muchísima plata por la publicidad.. y es injusto... me pueden reconocer que siempre pago y me descuentan un monton,negativo,com.instagram.android,,,0
31ccbc27-0b33-45ac-a90f-b39c79054c42,Priscila Sayago,2025-10-22,3,no me deja hacer en vivos.,neutro,com.instagram.android,,,0
1ee2068d-50bf-4d8d-92ca-ca53c678bf20,Francisca.Garcí4.,2025-10-22,1,"quiten la nueva actualización o pongan que se pueda quitar, esa de desplazamiento, ESTA HORRIBLE!",negativo,com.instagram.android,,,0
efb73125-5650-4309-a047-7a4582db1fce,Bryan Gope,2025-10-22,1,muy mala,negativo,com.instagram.android,,,0
b7f47781-b12d-49c1-b6bd-013a62714114,Carlos Jimenez,2025-10-22,1,"es buena la app, pero dejen de eliminar canciones, hay muchisimos temas que no estan deberian incluirlos y mejoraria muchisimo la app",negativo,com.instagram.android,,,0
24e707a7-7ca5-439f-bdd1-37861c5c75d6,Egday Miguel García Yuman,2025-10-22,3,ok,neutro,com.instagram.android,,,0
411be0ff-ef7a-4b48-a871-8b8de17b3cf7,Keila Elisa Garcia Hernandez,2025-10-22,1,no me gustas las actualizaciones y las veces que se traba,negativo,com.instagram.android,,,0
e373591f-c80a-470d-8430-afe4b4cc7d99,Milena Rodríguez,2025-10-22,1,no me gusta porque es incomodo para subí la foto,negativo,com.instagram.android,,,0
78432040-9a4f-4777-9395-f212e2bde51c,Samara Monjes,2025-10-22,3,es muy buena app pero se traba mucho,neutro,com.instagram.android,,,0
4bdad0cf-4a69-4301-bad4-8f099f981e74,Natalia Anahí Presa,2025-10-22,2,"me han inhabilitado una cuenta @natacionmasterdepo ¿el motivo? quién sabe cuál. Se apeló pero aún así la inhabilitaron. Es una cuenta de natación, de nadadores adultos y niños de un club social, no había nada q restrinja sus normas comunitarias. El tiempo, la dedicación, pagarles por publicidad y me vienen a bloquear y borrar la cuenta sin entender cual fue la causa para corregirme en el futuro. Ahora, hay tantas cuentas del tipo soft-porn y la nuestra desaparece, así porque sí.",negativo,com.instagram.android,,,0
03a2b2ed-eff5-4202-b558-c0e44b951298,YBMDIGITAL,2025-10-22,3,aún no tengo la opcion de reajustar mus publicaciones en mi feed,neutro,com.instagram.android,,,0
d5e0065a-6941-4b3b-b057-7a6417ea3569,Sebastián Fuentes “ZEVEN”,2025-10-22,1,La última actualización es BASURA.,negativo,com.instagram.android,,,0
dae82bd1-7ab6-40fa-a113-16aa52bcd2ed,La Hiena Grafica,2025-10-22,1,siempre tiene errores por cualquier lado,negativo,com.instagram.android,,,0
5e8d69fc-03fa-41ad-83c1-220362895e59,Eliana Deutsch,2025-10-22,1,siempre que grabo VIVOS se cierra inesperadamente y pierdo el vídeo.  No se puede trabajar así. arreglenloooooo....,negativo,com.instagram.android,,,0
eac5443a-812b-4b88-bd0c-2382a655e245,Nahomy Alfaro,2025-10-22,1,por que no me aparecen mis tomas,negativo,com.instagram.android,,,0
f432cbf5-a159-4a4b-aea9-5203c3dd630b,Lorena Lucas,2025-10-22,1,quiero recuperar mi cuenta y no llegan los msj de WhatsApp ni de texto con los codigos de seguridad. y tiene que tener otra opción si uno pierde los codigos de respaldo. se reniega mucho con esta app en general. muy básica el sistema de ayuda no sirve en estos casos.,negativo,com.instagram.android,,,3
efe6ec16-6825-4ff5-bc36-b5c12dbf63a9,Rocio Rodriguez,2025-10-22,1,No andan las paginas desde el navegador de instagram!,negativo,com.instagram.android,,,0
005c8209-2c16-4c1d-af6f-971db9e95acb,Fsa,2025-10-22,1,cads vez a peor,negativo,com.instagram.android,,,0
cee0222c-77fd-4e13-a7e0-678db4ed62c9,Green Life Tours,2025-10-22,1,últimamente se traba y no me deja subir las fotos que selecciono o me saca de la publicación y no puedo compartir,negativo,com.instagram.android,,,0
bf6cae4e-8fca-4307-8763-b319c6531078,Minerva L R,2025-10-22,1,ojalá vuelvan las destacadas a ser circulitos como antes,negativo,com.instagram.android,,,1
8279fea3-3b92-4cc2-b76f-cb3874757455,Cepriano Pucho Soto,2025-10-22,3,Te amo mucho amo mi mucho mi vida t41 y que que tengas un excelente un día bendecido 7día y día que cumplas7 muchos éxitos mmuchos éxitos uchos t4 te te amo mucho mucho mucho mucho,neutro,com.instagram.android,,,0
b434b035-1c1d-454e-8de9-44230ed9055b,Josee,2025-10-22,1,no me deja repostear publicaciones.,negativo,com.instagram.android,,,0
0c7979ed-d184-4329-8b00-421564bfb3a2,Pedro PC,2025-10-22,1,"otra vez historias de gente que no conozco???? que no quiero ver nada de gente que no conozco! no te enteras meta? encima en algunas actualizaciones, en la versión android algunas veces el movil comienza a consumir mucha batería y es por culpa de Instagram. tienes que desinstalar y reinstalar para solucionarlo. patético meta, patético.",negativo,com.instagram.android,,,1
07ba4535-c52a-4245-a1f3-eed8c9f9bd3e,Tamara belen Ordoñez,2025-10-22,1,no anda bien la app,negativo,com.instagram.android,,,0
0425c7af-0d5e-4857-81f1-d89e4a81e397,Edg4r3,2025-10-22,1,me inhabilitaron mi cuenta sin ninguna razón justa y válida,negativo,com.instagram.android,,,0
33b385fc-368d-4775-bd97-e1230c9bd8f2,Javier Aguilar Navarro,2025-10-22,3,está bastante bien pero me gustaría que no se pueda ver los likes que yo doy en los reels y estaría bien una opción para poder desactivar los reels y que no me salgan reels si yo no quiero,neutro,com.instagram.android,,,0
6e97f4cb-4449-4254-80f3-8f197480a295,miguel elbeni,2025-10-22,1,"MUY MAL , MALA CALIDAD DE IMAGEN EN VIDEO Y FOTOS , NO SOPORTA LAS IMÁGENES ENTERAS , QUE LO CORRIJAN YA ( si son capaces claro) lo suscribo x2.",negativo,com.instagram.android,,,0
844587b0-b43a-4b83-bb81-27250f527e38,Jonathan Solano solis,2025-10-22,1,Me borra las cuentas a cada momento y por más que me haga otra me la vuelve a borrar ARREGLEN ESO RÁPIDO,negativo,com.instagram.android,,,0
e3dc5067-7470-444a-b7f4-bd83892e16c9,Starling Mejia,2025-10-22,3,me gusta mucho para esta informado con lo que pasa en el mundo ,neutro,com.instagram.android,,,0
3b58fc29-fea3-4df9-8073-9f3866528e4f,EDITH CORTES,2025-10-22,3,"estimados, hace mas de 15 dias que la aplicacion tarda en mostrar fotos y videos o no los muestra",neutro,com.instagram.android,,,0
b61cda1a-e0f6-4129-b616-8453aefdb7bd,Diego Rodríguez,2025-10-22,2,no me gusta el nuevo sistema para subir reels,negativo,com.instagram.android,,,0
154ba105-9f7b-4df7-95d9-199db66acb99,Desconocido24,2025-10-22,1,se a vuelto una gonorrea me han suspendido dos cuentas y no me dicen por q no público no cometo no hago absolutamente na y ahora q quiero tomarme una foto está la bendita cuenta suspendida otra vez,negativo,com.instagram.android,,,0
5ece622d-ea60-4d26-8c8b-b9834aca6c79,Emmanuel Godoy,2025-10-22,3,estoy teniendo problemas cada vez que quiero entrar me salta la notificación de ocurrió un error. tengo un moto edge40pro.,neutro,com.instagram.android,,,0
312cd7a9-9800-4940-a782-6aa80cb65c8d,Mariona Fernandez,2025-10-22,2,mucho lag no me deja hacer videos ni directos,negativo,com.instagram.android,,,0
5862cfbc-be9c-40a7-a4d8-a421b2e650eb,Aaron Abarca,2025-10-22,1,"instagram no está trabajando bien estos días , ah suspendido muchas cuentas sin razón alguna,y esta teniendo muchos problemas y ya no es como antes.",negativo,com.instagram.android,,,0
f828ae56-f1f1-4ac7-8228-11b74e9f1393,Roberto Sánchez,2025-10-22,1,"Ahora encima no puedes ni pasar la publicidad. Parece que se esfuerzan en hacerla cada día peor, cada vez tiene más fallos y bugs y no arreglan ninguno, el tamaño de las imágenes es muy limitado, no se pueden subir decentemente fotos verticales y horizontales, mucha publicidad... En general bastante mala aplicación si buscas exponer tus fotografías.",negativo,com.instagram.android,,,12
75bded86-ea5d-44bd-bb5e-5fc3bc6c604e,Wesker X,2025-10-22,1,"tengo 4 meses esperando a que según verifiquen mi cuenta ya que de la nada dejo de funcionar supuestamente por infringir las reglas cosas que no al caso ya que fotos de mi vida diaria y normal eran solo vistas por mis escasos seguidores, tendré que desinstalar la aplicación si no hay solucion ya que de que me sirve está aplicación ocupando mucho espacio inútil en mi teléfono....",negativo,com.instagram.android,,,0
5fa9d4e5-3771-4d71-9e76-69022d0e2349,lobotomiaauw,2025-10-22,1,"Me encanta la aplicación, me parece genial. Solo que ahora con la nueva actualización cambiando en dónde están los mensajes y reels me da pereza tan solo abrí la app y verlo. Espero cambie esa actualización o al menos puedan poner si la quieres tener activada o no.",negativo,com.instagram.android,,,0
a9574e52-6e83-4968-8f60-dc773cd7fd2d,Jorge Rodríguez Valencia,2025-10-22,1,no lo tengo instalado,negativo,com.instagram.android,,,0
b5a902fc-b0a1-41f7-9a58-ba9cf934d950,Reikyu,2025-10-22,1,"nunca me había molestado tanto con una actualización, aguantaría cualquier cosa pq ya llevan actualizando la app con cosas horrorosas y peligrosas. Pero quitar los círculos de las historias? app en decadencia",negativo,com.instagram.android,,,0
e8d50b9c-78c1-4183-aacf-7519df39a025,Un usuario de Google,2025-10-22,3,porque no puedo recuperar mi cuenta si todo los paso son correctos,neutro,com.instagram.android,,,0
9de49616-c366-454f-93cf-86db88061461,Juan Pablo Cervantes,2025-10-22,1,son un verdadero dolos de huevos me suspendieron mi cuenta que hice porque la otra que tenia me la bloquearon por cosas que yo no hice y no soy el único al que le está pasando esto se necesita una solución ya muchas personas están siendo bloqueadas injustificadamente y el paso para hacer una apelación se lo pasan por los huevos no Dan soluciones reales es un verdadero fastidio lidiar con este problema,negativo,com.instagram.android,,,0
3c51cea3-62e7-4543-be55-a98766ab1dca,Zu,2025-10-22,1,La nueva actualización es incómoda y desorganiza todo. Los mensajes ya no están accesibles y el gesto para abrirlos desapareció. Quiero la versión anterior,negativo,com.instagram.android,,,0
c41ecc85-f32c-410c-94a3-0e267fe4e61e,Ezequiel Martínez,2025-10-22,1,"Voy a ser claro, breve y respetuoso: esta app no tiene arreglo. Tiene huecos por todas partes, quitan y ponen constantemente la misma herramienta, los filtros desaparecen o se borran o se reinician de guardados sin sentido (apenas hay filtros decentes ahora) los audios se escuchan distorsionados más de una vez, la nueva actualización de portada viendo tus destacadas como 'posts' hace que no puedas cambiar la portada a una personalizada y no carga en el proceso... Una app sobrevalorada.",negativo,com.instagram.android,,,0
b8d428ef-2b0e-4039-a989-83a3f34c58bf,Ezequiel Barrientos,2025-10-22,1,no puedo entrar desde la app. por el portal web me deja entrar. ya probé mil cosas borre el cache desintale la app la volví a instalar mande el código que me llega del email. y así y todo no puedo. espero que me den una respuesta,negativo,com.instagram.android,,,0
50d97d53-20d7-4f00-b3d5-4e8d2c7b11b8,Saul Aparicio,2025-10-22,3,siempre se me actualiza tarde,neutro,com.instagram.android,,,0
9e4006ca-597c-4c1e-a06a-d677b9c0b016,Eddy Rdz,2025-10-22,3,en algunas veces cuando te desconectas de la app te aparece que estas online un fallo de la app nose?,neutro,com.instagram.android,,,1
0ce41229-8e22-4496-930f-743a93be5869,Victor Vera,2025-10-21,1,"la aplicación está demasiado bien pero hay un problema,a cada rato me suspenden mis cuentas,en este año 2025 ya me han suspendido 14 cuentas solo por que use una vez use un número para crear 2 cuentas",negativo,com.instagram.android,,,0
ebc8f647-58f3-4095-ad23-03bfd64eda23,Ruben,2025-10-21,1,"La última actualización, que ha cambiado de lugar las historias destacadas, es una basura. Dejarlo como estaba antes!",negativo,com.instagram.android,,,0
925ae8a2-7de9-4651-8d91-a3eab863e6a2,april moon,2025-10-21,3,devuelvan las historias recientes en instagram,neutro,com.instagram.android,,,0
5282a5c5-4c51-43cc-8a36-d74030bd5c48,Keyla Aracely Huanca Gutiérrez “jklivs”,2025-10-21,2,"es una app buenísima, pero últimamente he tenido el problema de que me cierran las cuentas de ig así yo infrinja las reglas, ya me han cerrado 5 cuentas y la verdad ya no se que más hacer, cuenta que creo cuenta que cierran y tampoco me deja iniciar sesión en cuentas existentes, quisiera que vieran eso y lo arreglaran",neutro,com.instagram.android,,,0
8ba2d4c9-16e6-4bc4-b2d1-1efa32393c7a,MILFORT SAS,2025-10-21,3,"por qué inhabilitaron mi cuenta y no hice nada, eso es algo sumamente injusto",neutro,com.instagram.android,,,0
a2ae7a22-3437-439b-b40a-39140f218600,Honey Love,2025-10-21,1,está llenisimo de bugs hermano,negativo,com.instagram.android,,,0
df4b1320-8106-481e-bc4b-06fca2755a5d,ZONA GAMER,2025-10-21,1,Apk de mrd tiene bug en llamada y td,negativo,com.instagram.android,,,0
e54d472d-fc6a-4679-966f-fcc3515536f9,Maia Rejalaga,2025-10-21,1,la nueva actualización de Instagram es horrible ,negativo,com.instagram.android,,,0
dd1105fe-b792-4e48-80da-cbbb58a794d6,Mayra Celeste Hernández Antonio,2025-10-21,1,me inhabilitaron mi cuenta y me piden foto de identificación para que no puedan devolverme mi cuenta desde el 15 de octubre hasta el momento no me la han regresado,negativo,com.instagram.android,,,0
c0cfb0a9-c19a-4d2d-9f14-165877b48e32,luis c,2025-10-21,2,no me funciona bien..,negativo,com.instagram.android,,,0
c9e1c602-5209-4af4-96c5-b0dcea77afc4,Rossy Gutierrez,2025-10-21,1,"ya no sirve, no puedo ver la app. acepte la actualización y ya no se ve los videos, solo aparece panta negra y los texto de info.",negativo,com.instagram.android,,,0
086213b0-571f-42ce-8675-92f593b832a8,Ignacio Rivera,2025-10-21,1,bloquea las cuentas sin ningún motivo hoy me bloquearon la cuenta necesito recuperar esa cuenta urgente por favor,negativo,com.instagram.android,,,0
b4e70b58-e9e5-4760-a238-1dd2f032485f,Zuriel Tovar,2025-10-21,1,si te suspende una cuenta nunca más te dejará ASER otra pésimo,negativo,com.instagram.android,,,1
a8c04835-58c4-4c26-9092-8e6c0836e382,dani alvarado,2025-10-21,1,NO SOY UN BOT NO LO SOY ME HARTE QUE ME SUSPENDAN LAS CUENTAS SIN YO A VER ECHO ALGO O ARREGLAN ESO O LOS FUNO ,negativo,com.instagram.android,,,4
20d27874-3582-402f-989e-c64c8abbba6d,Mateo Franco Hector Haziel,2025-10-21,1,que vuelvan las antiguas destacadas ,negativo,com.instagram.android,,,0
45bffff8-7788-4376-9d59-c67a4848bc07,Maquinaria Azul,2025-10-21,1,ya me tumbaron 2 cuentas y para variar no me deja crear otra,negativo,com.instagram.android,,,0
ae7cb1c2-ceb6-4215-8e28-fd7a6d441f82,Allison Figueroa,2025-10-21,2,Es muy buena aplicación,negativo,com.instagram.android,,,0
d693f4aa-7ff7-4d5f-9923-bf6852a1a0b0,Iñaki Venialgo Acevedo,2025-10-21,3,"me anda mal, el sonido se inicia más tarde en los reels y videos, inician unos segundos en silencio y después aparece recién.",neutro,com.instagram.android,,,0
064b4da3-78db-44ca-8f83-7f08b41e8677,Axel Eduardo Becerra,2025-10-21,3,me gustaba la app cuando ponía las historias y aparecía en recientes y ahora Recientes no está por favor vuelan a poner los estados de recientes en el perfil por favor,neutro,com.instagram.android,,,0
52b24260-c70e-44e4-9458-a9dffd7b19bf,Luis Martinez,2025-10-21,2,en historia antes me salía el ícono de WhatsApp para compartir historias de Instagram a WhatsApp y ahora no me sale,negativo,com.instagram.android,,,0
5bdabd77-da17-4f48-ae3d-1978cc7bcbe3,Beth Mendoza,2025-10-21,1,"super mal, baja mucho la calidad en las fotos y luego cuando ya subiste una historia y pasa tiempo igual le baja la calidad , borró muchos filtros según por qué se podría abusar de los filtros y cuando alguien quiera buscar a algun FM no lo reconozcan por los filtros pero ahora con la IA de nada sirvió que los quitarán",negativo,com.instagram.android,,,0
6b967eaf-51c5-4f5f-9e0e-6e0bfc932660,RV Jhordan,2025-10-21,3,"Aunque no gano dinero, me desestresa",neutro,com.instagram.android,,,0
fd3cf4b6-6520-4738-8726-8c47619309cc,Gregory Yuncosa,2025-10-21,1,No dan la opción de repost en todas las cuentas y si te hackean no tienes una opción para denunciar.,negativo,com.instagram.android,,,0
9273f0fb-6fd0-4e79-849c-a4b377695888,Camila Barradas,2025-10-21,2,me cerro mi cuenta ,negativo,com.instagram.android,,,0
f1ceecae-f88c-4228-8dd8-458e1b42af59,Luanna Galicia,2025-10-21,2,NO ME GUSTA QUE ME BORREN MIS FOTOSSS.  ¿PUEDEN DEJAR DE HACER ESO? POR FAVOR.,negativo,com.instagram.android,,,0
b9d51c42-c36b-4c3c-b982-a2704830d71d,bruno Candia corzo,2025-10-21,3,por qué no me gusto qué me lo aigan cambiado los mensajes abajo,neutro,com.instagram.android,,,0
64d80f59-539d-4e20-bf6c-9289c163f6e6,Nico,2025-10-21,1,"estan suspendiendo cuentas sin parar, a mi y a 7 de mis amigos nos suspendieron sin decirnos nada, nos creamos cuenta nueva y nos suspendieron las cuentas nuevas",negativo,com.instagram.android,,,0
e23ab4fa-a36d-4470-8270-ae2ffab90a3a,Marcela Ortiz,2025-10-21,1,me suspendieron la cuenta sin rrazon y no soy a la unica persona son muchos a los que ya le a pasado .,negativo,com.instagram.android,,,0
40e2e790-7104-45a7-8d62-3fa0bc758b12,jairo vilte,2025-10-21,1,nose por que no me deja entrar desde la app pero si desde la web...,negativo,com.instagram.android,,,0
65e71730-49c4-45d5-bdf7-807385b77b44,Mikela Valencia,2025-10-21,3,por qué no tiene para hacer live si antes sí tenía,neutro,com.instagram.android,,,0
a252190c-af3c-4e10-8659-1c2b71bb39ce,Jonatan Lezama,2025-10-21,1,"Terrible, no puedo ingresar con la contraseña nueva, me sale contraseña incorrecta",negativo,com.instagram.android,,,0
3353cd48-fec5-4ac9-85d0-2fc9dad8bb39,Madalix Ponce,2025-10-21,1,Tengo un problema con los ecos y hasta hoy no lo solucionan ,negativo,com.instagram.android,,,0
712d7470-f749-4d71-988f-5fe8b79bbf65,Ariana Chunga,2025-10-21,1,"puras fallas, inabilitan cuentas de la nada, pésima app.",negativo,com.instagram.android,,,1
d1ef5e3c-e6f6-42ec-93bd-e160289b3fab,Un usuario de Google,2025-10-21,1,No actualiza mi cuenta principal solo la secundaria arreglen eso....,negativo,com.instagram.android,,,0
0e57dcf1-3135-4aad-b2b3-73b589e543de,Andrea Astro Urbina García,2025-10-21,1,"Me cierra la cuenta porque se le dio la gana, perdí fotos y videos, los seguidores me dan igual, pero mis fotos y videos, es lo que me pesa, intente recuperarla pero no me lo permitió, me la suspendió",negativo,com.instagram.android,,,1
dc0784c7-9f78-4cdc-9e4b-0164a76810ea,Luna agudelo,2025-10-21,3,bueno,neutro,com.instagram.android,,,0
19114b96-407f-4659-a983-60323c214d8a,Erleny M,2025-10-21,2,Me encanta la aplicación la utilizó mucho pero el la última actualización quitaron q la fuente de mi tlf sea la misma en la app hacen mejoras pero a veces afectan las ya tienen a veces esta muy lenta para cargar los videos en esta actualización espero mejores para subir la calificación a parte no me deja compartir mis historias en Facebook y WhatsApp espero lo mejoren,negativo,com.instagram.android,,,2
f93cfe70-498a-4481-b2d2-f470a68084bc,Ochi Toto,2025-10-21,1,no funciona,negativo,com.instagram.android,,,0
9a95a2da-879f-483a-af42-eaec05510664,Grimaldo E. Cardenas solano,2025-10-21,3,Es orrible ojala lo quiten,neutro,com.instagram.android,,,0
2e6c9836-6b21-471d-831f-07acff7cdbeb,Juan Hernandez,2025-10-21,1,Me borraron la cuenta sin motivo aparente lo cual es muy molesto porque no he incumplido con sus normas,negativo,com.instagram.android,,,2
a1eb8873-b9bd-4abb-9d19-b0d39592bd90,Milo Avalos,2025-10-21,1,"todo bien,pero quitaron las canciones de víctor mendivil.",negativo,com.instagram.android,,,0
5e147cff-c27a-4d58-8032-1ebf01537826,cristopher achares,2025-10-21,1,"todo bien, pero ahora como que quitaron algunas canciones para poner en notas, que por cierto (eran buenas) y ahora ya no encuentro las mismas canciones quisiera que me aparezcan de nuevo.dentro de todo la app está bien",negativo,com.instagram.android,,,0
2d5c936d-3a48-4daa-82c4-51c692ecd49f,Jeferson Suàrez,2025-10-21,1,tiene un bug en DM los chats en avatar stickers y gif sale a la mitad de la pantalla espero una solución no me gusta abajo de la mitad no sé ven bien casi como que no se acomoda al tamaño de la pantalla ajustable que se vea así espero una respuesta y la solución por parte de los desarrolladores. el problema sigue apareciendo vuelvo a publicar está reseña.,negativo,com.instagram.android,,,0
25796e7d-c6e1-46f2-b0b3-76296293b53c,Vladimir López,2025-10-21,1,para arriba y para abajo nunca en el centro,negativo,com.instagram.android,,,0
6f450765-03d5-4de7-82ce-11cb5548145c,Andrés Candia,2025-10-21,3,Muchos errores últimamente.,neutro,com.instagram.android,,,0
c1b53b4b-3a1c-484f-a930-a0d3f3fb2bc0,Ghost,2025-10-21,3,"antes uno miraba reels le daba un toque a la pantalla y se pausaba , cada actualización cambiaba eso , luego era de quitar el sonido , volvió a ser el de pausar y asi hasta que luego de 12 actualizaciones seguidas quitaron esa opción..",neutro,com.instagram.android,,,0
fa12f734-b3ea-4f62-91df-0ac80a0170e5,the black knight,2025-10-21,2,Demasiada publicidad es bastante molesto,negativo,com.instagram.android,,,0
78d04351-1939-4ca8-b3d1-d493c9fbc399,Victoria,2025-10-21,1,funciona super mal no se pueden borrar las fotos de historias. a veces no cargan las historias o no se pueden ver.,negativo,com.instagram.android,,,1
46bde8c5-92ac-4709-a159-82e0c6474030,Lisandrö Raqueç,2025-10-21,2,"No funciona el inicio de sesión, derrepete me saco, que nefasto y creo que no soy el único con este problema ya hay varios videos en el cual lo especifican, osea ingreso la contraseña que de por si esta correcta y sigue sin darme acceso, ojalá tomen en cuenta este comentario.",negativo,com.instagram.android,,,0
a00de8e6-dac5-4414-ac75-9486f8e2537e,Brandon Picon Hernández,2025-10-21,1,"Primero quitan las historias destacadas circulares, ahora cambian el menú de navegación, ¿qué sigue?",negativo,com.instagram.android,,,0
20ad24b7-7f38-4ecc-81e7-e7dbabf21783,Andrea Suarez,2025-10-21,3,Antes era mas entretenida. Se volvio demasiado predigitada. Ya no me gusta tanto,neutro,com.instagram.android,,,0
4d1e8dd9-e4e5-4c2d-adae-241dd41ba434,RoseParamore1,2025-10-21,1,"Cada vez que juego un videojuego en mi celular, Instagram se abre en segundo plano por si sola, un sin sentido. Arreglen eso, por favor...",negativo,com.instagram.android,,,4
def2c94b-2679-469b-9758-7141e88b5e11,Wiam Chaib,2025-10-21,2,tengo la cuenta privada pero aún eso la gente me sigue sin que yo les acepte,negativo,com.instagram.android,,,0
f370226c-4149-4be0-ade3-ea80c8e34627,Antho Valeriano,2025-10-21,2,td esta bien pero es increíblemente malísimo el buscador te aparecen cosas que nd que ver con lo que buscas,negativo,com.instagram.android,,,0
42027e57-32c5-41e5-bc5b-d1a739688ad3,Daniel Ortega Maldonado,2025-10-21,1,me inhabilitaron mi cuenta sin ningún motivo,negativo,com.instagram.android,,,1
1c30de40-964e-47a2-9c15-66581512b093,Awueno Mejia,2025-10-21,2,cómo recupero mi página de Instagram por qué no puedo acceder desde mi cuenta principal desde dónde la abrí,negativo,com.instagram.android,,,0
07a5ee45-ecad-4176-8454-16e58ffe960d,Gustavo Diaz,2025-10-21,1,"Necesito ayuda para publicar me gustaba el más en el centro, ahora es más complicado. No me gusta así",negativo,com.instagram.android,,,0
8e9601d4-118c-493f-9fc5-5575bd09d7d4,Miguel Perez,2025-10-21,1,la app esta muy mal hecha intento iniciar sesión y me dice q la contraseña es incorrecta pero cuando lo intento en navegador me deja entrar y pongo todo igual luego intento restablecer la contraseña y me salat un error desconocido intento probar entrar por un codigo vía mensaje telefónico me llega pero cuando lo pongo me sale un cuando de texto vacío e incluso probé con otro celular esta muy mal hecha,negativo,com.instagram.android,,,0
bfe8534e-0e29-4864-98f1-b744af0c8060,Gustavo Muñoz,2025-10-21,1,ya van dos cuentas que me bajan por qué según ando compartiendo que no se que de menores cuando en realidad ni en cuenta hay cuentas falsas que te siguen y suben links raros ya los reporte varias veces y no hacen nada también hay cuentas que suben porno y no hacen nada igual las bloquee pero ustedes nomás reportan cosas sin sentido no valen v,negativo,com.instagram.android,,,1
a81536c1-77f8-41e1-87ae-82c81f45df7d,María Florencia Sánchez,2025-10-21,1,Mi app favorita desde 2014 ,positivo,com.instagram.android,,,0
b429dd78-fbff-440a-9b8d-c0e4bab115e4,Thiago Gael,2025-10-21,1,la app es muy mala,negativo,com.instagram.android,,,0
a8cefef9-97ac-45fd-b9dd-20b93207c59a,Andrés Rosalez,2025-10-21,1,"Quitaron la sección de Storys destacadas, ahora las Storys guardadas quedan perdidas entre Post y Reels. Muy mal.",negativo,com.instagram.android,,,0
98a7e65a-0a58-44b4-8108-4b973f6e0082,Jean Carmona,2025-10-21,3,excelente,positivo,com.instagram.android,,,0
da98b96d-4140-4310-be13-6159e7ea0c40,Carolina Rodriguez Clemente,2025-10-21,1,esta lento,negativo,com.instagram.android,,,0
373a52ad-a50c-4434-9332-e57cebc70ae6,Pablo Russi,2025-10-21,1,no me deja entrar en ninguna de mis cuentas me aparece contraseña incorrecta incluso con el código que ellos mismos me envían no me deja entrar,negativo,com.instagram.android,,,0
b26d4ecf-60c8-43af-bb89-88c994fa0b31,Francisco,2025-10-21,3,más flexibilidad con los audios musicales,neutro,com.instagram.android,,,0
4dadf84e-af6b-4758-ba72-e84cc9f88fef,Gandhi Valero,2025-10-21,1,No me permite usar en mi dispositivo,negativo,com.instagram.android,,,0
32e6a3f7-b9c4-4939-9ef6-2ddeab584cc7,Buscando Alma Para Cristo,2025-10-21,2,muy bueno ,negativo,com.instagram.android,,,0
d7926a66-449e-4fcf-a1fb-2faf93cd0126,Ianzaid Martínez Hernández,2025-10-21,1,no me aparece la opción de repostear,negativo,com.instagram.android,,,0
2d8f8509-6d58-40c2-8743-415a2065154f,Fase 23 Diseño,2025-10-21,3,No lo entiendo,neutro,com.instagram.android,,,0
1d9e57aa-92b6-4ee5-9024-7cb104b50803,Rafael Chavez,2025-10-21,3,me gusta mucho instagram pero considero que ha bajado mucho las visualizaciones en mi pagina,neutro,com.instagram.android,,,0
6f125a57-805f-4aa2-93ac-9266032053e9,Valen Araujo,2025-10-21,1,muy mala,negativo,com.instagram.android,,,0
2fbc107e-ab61-4069-b83b-c0b968e901b7,Neciok CH,2025-10-21,1,no me deja actualizar ni realizar llamadas,negativo,com.instagram.android,,,0
448ad82d-7034-47b7-b42d-9247bdc34bac,Tania Coss,2025-10-21,1,"no sirve para nada está aplicación, te suspende las cuentas sin que hayas echo nada, y te pide que grabes un vídeo para ampelar la cuenta, y si te quieres hacer otra cuenta igual te la suspende, porque según estás infringiendo las normas, y no has echo nada malo, la verdad INSTAGRAM NO SIVER PARA NADA ES UNA APLICACIÓN DE MRD.",negativo,com.instagram.android,,,0
b73eec6f-8288-4490-89fd-21ca7b59f4eb,Dayanna Caldas,2025-10-21,2,"Me encantaria que pusieran una opción para desactivar la IA y que no me aparezca la opción de ""resumir mensajes"". Es muy molesto, yo uso insta para hablar con mis amigos, si quisiera que una IA se metiera a resumirme todo lo que me envían, pues hablaría con una ia o pondría el teléfono a leerme todo . Pero yo se leer y puedo dedicarle tiempo a mis amigos, así que, que nos dejaran retirar esa opción, sería fantástico.",negativo,com.instagram.android,,,0
179ec6c6-db69-41dc-9449-5190acfc4631,Nelly Silva Chávez,2025-10-21,3,"muy buena app y todo, pero deberían poner la opción de poder guardar historias, ya sean fotos o vídeos con música que uno sube.",neutro,com.instagram.android,,,0
cbe43c5f-d9b2-4d82-8cd9-89f1c835e71c,Enrique,2025-10-21,3,"una opción donde la lista ""Siguiendo"" pueda verla solamente yo",neutro,com.instagram.android,,,0
540b068e-5985-4056-b6bb-ab83c64800af,Laura Ruiz,2025-10-21,3,no me deja tomar instantáneas ni actualizar aplicación,neutro,com.instagram.android,,,0
08e4b3ea-4329-4c60-a880-aaa80b0aa57e,Thedrift79 Omg,2025-10-21,1,aplicación muy mala la verdad no se puede subir porno y tampoco se pueden comentar imágenes de tu galería como se puede en tik tak ,negativo,com.instagram.android,,,0
fce4c7b4-1ecc-47e9-9d68-4f5fcd3c1884,Marcos Figueroa,2025-10-21,1,"dejen de sacar actualizaciónes a cada rato si no tienen nada nuevo, llega a ser molesto ayer actualize la app y hoy pide actualización de nuevo",negativo,com.instagram.android,,,0
6b5ba1d4-27ed-4598-90c6-f0d0d00fa43a,Sandra Bernal Cruz,2025-10-21,3,veces las actualizaciones no se realizan en tdas las cuentas,neutro,com.instagram.android,,,0
d3b93672-08d4-42df-a570-f3912159f24a,melqui Vergara,2025-10-21,1,muy mala no me permite iniciar en mi cuenta me manda un código luego lo pongo y me pide una contraseña nueva hago la contraseña y luego me sale se produjo un herreror ,negativo,com.instagram.android,,,0
93897e1c-2c11-464d-9085-1f2ecaafb985,Angie Archibold,2025-10-21,1,"no me sale las instantáneas, ACTIVENMELOOOO",negativo,com.instagram.android,,,0
a889d1b8-dc57-4834-b69f-fe2e3687b685,Maria Reyes,2025-10-21,2,"esta app es genial ya q t ayuda en varias cosas como a tomar fotos,conocer a personas etc pero sería aún mejor si hubiesen dejado las historias destacadas como antes",negativo,com.instagram.android,,,0
46ace106-0f69-4392-af79-757b94cde9ee,Adrian Espinosa,2025-10-21,3,"está bien la aplicación, pero ya no me deja escuchar notas.",neutro,com.instagram.android,,,0
e800b29b-18a6-4fc7-832d-9e73383b8113,julian arenas florez,2025-10-21,1,"en ocasiones se tiene que hacer lo que la aplicación quiera, si no se bloquea",negativo,com.instagram.android,,,6
146ba950-ac0f-4b9a-a9c8-82cadeb7736b,Matías Morel,2025-10-21,2,"la actualización de mal a peor ,a ver si solucionan las cosas",negativo,com.instagram.android,,,0
f8c1cc0b-da63-40b2-b1ff-efd9aa5a84ee,Ana cesilia Valdez Cabrera,2025-10-21,2,,negativo,com.instagram.android,,,0
8889845b-7cee-4759-ad32-a9b461085309,Un usuario de Google,2025-10-21,1,Me aparecen arriba las historias para ver. Pero me pone algunos usuarios que ya vi las historias y me las marca como no vistas. Varias veces. Y me tienen harta con las publicidades de Temu. Cuando te muestran mil veces una publicidad podes ponerle que pare. Pero las de Temu no paran,negativo,com.instagram.android,,,29
10334af2-bb52-4070-818c-b2a0236ffd0c,Matias Martinez,2025-10-21,1,les falta algo importante: ver quién me sigue y quién no! y también una opción de silenciar publicaciones como en X,negativo,com.instagram.android,,,0
8e8f17a1-337a-4ba8-b347-0e219e29219a,Daniel Antonio Roman Bravo,2025-10-21,1,"Falla mucho, solo se queda cargando y no se ve imagen en la app.",negativo,com.instagram.android,,,0
a1fb0d62-4cf6-4587-a6b8-520d76656d15,Paulo Miranda Arias,2025-10-21,1,"no se puede hacer login, con las mismas credenciales puedo entrar por web, pero no por la app",negativo,com.instagram.android,,,0
a9588ad0-4de4-4b8f-857a-695c7c8945d2,Celso González,2025-10-21,1,r qué,negativo,com.instagram.android,,,0
142621ba-cc74-475a-b1c4-eab614693113,Martínez Martínez Karla Ivette,2025-10-21,1,regresen las historias destacadas como antes!!!,negativo,com.instagram.android,,,0
d7ebd2c0-0a30-498c-ab5e-89243e674ab3,Matías Riveros williamson,2025-10-21,1,"La peor aplicación, la peor red social, funciona muy mal. ojalá llegue una app china a reemplazar está asquerosidad.",negativo,com.instagram.android,,,0
0921112c-d9c5-4427-9d05-cf1bbd528caf,Cristian Daniel Cumbayré Meyer,2025-10-21,1,anda bastante mal,negativo,com.instagram.android,,,0
9f876c35-ec25-45ff-afe2-e8b946077700,Natalia Solano,2025-10-21,2,"la app no me permite eliminar seguidores ni seguir nuevas personas que puedo hacer, esto es reciente",negativo,com.instagram.android,,,0
4b1135fe-1056-4340-81d1-8d8c7b08d3c9,Antonio raul Ledda,2025-10-21,3,Qué se ha traducido en español Argentina Mendoza a las autoridades en instagram principalmente el inglés a español Argentina,neutro,com.instagram.android,,,0
9958a8af-db4a-404b-b226-baf71a56690e,Juan Jose Bruno Garcia,2025-10-21,1,No me deja ingresar a mi cuenta y me pide contraseña y no es la cambio y me sale que es incorrecta por eso decidí el mejor desinstalar la aplicación,negativo,com.instagram.android,,,0
0a2969ac-e3e8-4843-bef9-68a655392f43,María José Yumbla Roca,2025-10-21,2,Iba a darle 5 estrellas pero le doy 2 por qué Instagram debe de poner una opción para borrar los compartidos que uno quiere con solo clip ...,negativo,com.instagram.android,,,0
fb3e985c-aba4-4885-91dc-cdf1b73ec772,Darwin Castillo Luciano,2025-10-21,1,0 de 10 las cuentas las borran Pol gusto,negativo,com.instagram.android,,,0
8137fc15-a5af-4f79-8a4f-5c8b73faf7e3,Carlos cesar Vázquez yedra,2025-10-21,3,Nome gusta la nueva función de instagram que aparecen las historias en donde las publicaciones y no me gustan,neutro,com.instagram.android,,,0
1348b29c-1dc5-457e-8b9c-9f5e9f9eb1a1,Facundo Marcet,2025-10-21,2,"Esta buena la app, pero no puedo cambiar fotos de mis publicaciones y debo borrar la descripción para cambiar la foto, además de perder los likes que le dieron. E incluso no puedo copiar un comentario.",negativo,com.instagram.android,,,0
88805db5-18c2-48b1-a25a-b0fa2e16be3c,Carla del Río,2025-10-21,3,"Instagram me permite comunicar mi mensaje y es una puerta de acceso a mi universo de marca. Pero cada vez me muestra menos, aún invirtiendo constantemente en Ads. Por eso no le doy más calificación.",neutro,com.instagram.android,,,0
10448f28-5721-4439-adc2-d5af18af55d0,Aurelio Barrionuevo Pacara,2025-10-21,1,no me deja iniciar sesion y no tampoco cambiar el idioma a español,negativo,com.instagram.android,,,1
0a0b4f3a-a0f7-4a37-a720-a108ef4d5a73,ANAMARIA LEAL HURTADO,2025-10-21,2,"se me borro la información personal y no me deja volver a agregarla, hizo cosas sin mi consentimiento.",negativo,com.instagram.android,,,0
f7850b57-b290-483d-baaa-37256a9da0f8,Jheimy Mayorga,2025-10-21,1,mla,negativo,com.instagram.android,,,0
e7de4b52-d498-412a-bf77-337017f2cfa3,jajaaja Jajaja,2025-10-21,1,Pésima actualización de que los mensajes estén abajo en la parte de en medio y no donde siempre 🤦🏻‍♀️,negativo,com.instagram.android,,,0
c9140c07-4d9f-42d7-b114-4094b007358f,Lucia Shuichi Kurosawa,2025-10-21,1,Hace ya un mes que no se suben las publicaciones programadas. He intentado contactar con ellos y te ignoran por todos los medios. A ver si aquí hacen más caso  servicio técnico/al cliente PÉSIMO,negativo,com.instagram.android,,,1
1b479940-0192-461c-bfa8-2b12f371bf3e,Eugenia Gonzalez,2025-10-21,1,por que jaquean la cuenta de los demas y les insultan a tus seguidores como sifueras vos en tu cuenta cuando en realidad son otros,negativo,com.instagram.android,,,1
5578a71d-c37b-4fa9-9b15-00f3cacd9210,M Marín M,2025-10-21,2,"No puedes editar los comentarios, tienes que borrar y volver a escribir, no puedes insertar imágenes en los comentarios, errores graves.",negativo,com.instagram.android,,,1
6b0e3aa4-b7db-47aa-9943-6f286ad9def9,Angel Jesus Rivera Espino,2025-10-21,1,de que sirve que Instagram guarde las contraseñas si al tener un fallo de la app ya no la cuenta como guardada,negativo,com.instagram.android,,,1
e9386437-ac2b-416e-b31a-aa87a4582256,NahualFX,2025-10-21,2,Me dejó de funcionar ahora nisiquiera puedo subir mis fotos,negativo,com.instagram.android,,,0
4337b1b6-63b3-400f-87cf-fe2836050aa2,Joana Reyes,2025-10-21,1,no puedo compartir videos,negativo,com.instagram.android,,,1
e6c46995-5802-4f54-862c-6932c589d803,DIEGO,2025-10-21,2,REGRESEN LAS HISTORIAS RECIENTES,negativo,com.instagram.android,,,0
d302bd2c-b193-4570-a206-07b6a1c5af6a,Mew 893,2025-10-21,1,"horrible. me hackearon la cuenta y no puedo recuperarla, es absurdo",negativo,com.instagram.android,,,0
8e45261d-743c-4bfa-a057-37403b599a05,Daniel Castro,2025-10-21,1,no me deja iniciar cesión y le doy y no carga,negativo,com.instagram.android,,,0
103e508f-49ce-4029-867c-97746552162a,Ikerr Fernandoo,2025-10-21,2,"instagram porfa regresa las historias destacadas, las publicaciones cuadradas y arregla tus errores de historias al inicio",negativo,com.instagram.android,,,1
2d9c37a2-62b0-4dcc-9831-1a879b295aef,Jesica Rodriguez,2025-10-21,1,estoy ultimos días me tuve que hacer 3 cuentas porque al cambiar la contraseña no me deja volver a entrar a las cuentas muy mal de la aplicación la verdad..,negativo,com.instagram.android,,,1
37dd87e0-3bab-4fad-aa8a-09905c7e2628,Elmer Henriquez,2025-10-21,1,los voy a demandar me cerraron mi cuenta y por nada,negativo,com.instagram.android,,,0
2e182b0d-94cc-4424-97e5-7cd8b1ba50e5,Ivan Federico Garcia,2025-10-21,1,por qué no me deja poner fotos en la dónde van las notas,negativo,com.instagram.android,,,0
ea8d84b0-a873-4b99-889d-502e56d214cb,José Diaz,2025-10-21,1,la neta no sé merece ninguna estrella me bloqueó mi cuenta sin haber hecho nada ,negativo,com.instagram.android,,,0
dc4cdc1a-fdf8-49f3-b1cd-d966aedb3ced,JORGE GABRIEL ARDON,2025-10-21,1,Ig porfavor dejame tener cuenta no me le den Ban no he hecho nda y le siguen dando Ban ala cuenta error de la Meta qué a cosas que no le tenes que dan bam le das pero perdí mi cuenta con fotos viejas y videos que se perdieron ayudame no le des bam más alas cuentas que hago porfa bro ,negativo,com.instagram.android,,,0
2ff03163-dbe1-41d9-8192-4b423a12f073,doble e 29,2025-10-21,1,actualmente tengo problemas con el botón de reposteo el cual ha desaparecido por completo de mi cuenta principal,negativo,com.instagram.android,,,0
eed6b504-2985-4221-8bb1-fc60c4f8ac89,sole gonzalez,2025-10-20,1,A mi ya no me anda mas instagram a cada rato me suspenden las cuentas y son mis cuentas personales las que me suspendieron!! No se porque,negativo,com.instagram.android,,,0
aff5bf56-b6c9-4e8c-aa7a-4f9ea8b65d45,Mari Perez,2025-10-20,1,solo ns porq no me dejq abrir la aplicacion,negativo,com.instagram.android,,,0
076a0225-9e3f-43ef-9eb0-b065978935ec,Osvaldo Cortés,2025-10-20,2,"La aplicación no cierra correctamente; sigue funcionando incluso después de bloquear el teléfono; la pantalla puede estar apagada, pero el audio continúa. También, en ocasiones, los videos o no se reproducen o sólo se escucha el audio",negativo,com.instagram.android,,,176
4a55d0bb-b40c-4d0a-9160-7b553ec3bc81,andrea areosa corbo,2025-10-20,1,No me deja entrar a páginas. Se me desconecta me pide que la actualice y no hay actualizaciones algunas muy muy muy mala,negativo,com.instagram.android,,,0
97c6420e-5024-4f0a-88e7-3ffb79434852,Lionel Francesco Montero,2025-10-20,1,roban datos a millones de usuarios y clientes otra empresa más a investigación judicial y federal el patriota traidor los voy a denunciar por calumnia y difamacion y haré que me paguen millones en daños y perjuicios por daños ocasionados a mi imagen y reputación como cuando clientes 🇪🇺 y usuarios 🇺🇳 dejaron de usar WhatsApp 🇺🇸 y ahora usan Line 🇯🇵,negativo,com.instagram.android,,,0
1f29cb08-3663-4503-a16b-96169fceabc0,Sharon Duarte,2025-10-20,3,"por favor regresen las destacadas a la normalidad,la actualización es buena si no a excepción del tema de las destacadas representas a la normalidad por favor",neutro,com.instagram.android,,,0
85990738-709c-4b13-8e42-f01af1f7e0f3,Brayan Baracaldo,2025-10-20,1,"es increíble como un grupo de ""ingeniero"" puede destruir una aplicación que funciona. ahora los reel se congelan sin ninguna razón",negativo,com.instagram.android,,,0
9f8cbac2-a8bc-4175-bdc5-5dbd94fd280f,Carolina Ruth Ochipinti,2025-10-20,3,"les doy 3 estrellas porque hay canciones con las que haces tus reels y cuando las queres descargar no se pueden con la canción que usaste entonces no tiene chiste ,pero después la uso y me gusta mucho y la recomiendo porque esta muy buena y la monetizacion revean eso hay cosas que el usuario tiene que pagar y debería ser al revés",neutro,com.instagram.android,,,0
611949b6-30a1-49da-a3f8-c9424ddca9a8,Viri Flores,2025-10-20,2,"me bloquearon todas las cuentas que tenia y no me dieron una razón lógica, ojo no estaba infringiendo ninguna regla de la comunidad",negativo,com.instagram.android,,,0
5b9c4d21-ddf9-4ff6-b93a-67b64772d8a2,Reyes Rodriguez Edison Edilbelto,2025-10-20,1,Sin filtros,negativo,com.instagram.android,,,0
b8770df8-0f98-499a-9a70-21b395eb86c5,Kaylee Hernández,2025-10-20,1,no me quiere enviar el codigo voy a denunciar esta app,negativo,com.instagram.android,,,0
f55d5f55-009e-472a-a80a-a0c6a4eedd49,Diego Alejandro,2025-10-20,2,"he actualizado la aplicación, y aun asi no me aparecen los comentarios en las historias, muy mala experiencia a raíz de esto",negativo,com.instagram.android,,,0
ceca7017-6484-4c43-9319-1ee946acc66e,maxi,2025-10-20,1,"saquen urgente la nueva actualización que abajo te salga ""agrega un comentario"" te corta un cuarto del vídeo, saquen eso ya",negativo,com.instagram.android,,,0
ac89e71a-0873-4c45-be1d-80f367fec389,Rafael Vergara,2025-10-20,1,no puedo poner eco ni diujar en los chats,negativo,com.instagram.android,,,0
9e724ea5-eeed-4b77-8574-14bea3ff61f3,Sebastian Jones,2025-10-20,3,esta todo bien pero nose porque en mi cuenta principal no me deja poner ni recibir ecos en las historias pero en la secundaria si arreglenlo porfa,neutro,com.instagram.android,,,0
834dccc0-16b5-4a68-a8b5-e75447250197,Laurenny Marte,2025-10-20,1,me encanta porque puedo ver todo ,negativo,com.instagram.android,,,0
495f7b1f-c87d-4d62-b9c7-e2716cee26ff,JOSE ROMERO,2025-10-20,1,"terrible, solo puedo ver mi cuenta desde una computadora o navegador y no desde mo teléfono personal. cada vez peor.",negativo,com.instagram.android,,,0
cc0328fd-aa7f-4dc5-b20c-f367b2866de4,Antuanela Cari,2025-10-20,1,No me deja confirmar mi edad,negativo,com.instagram.android,,,0
fb6eb961-62b4-4bdf-be4d-b836da8de6c1,KITA GG,2025-10-20,2,demasiados Bugs para un app de este calibre,negativo,com.instagram.android,,,0
1090c10d-6860-45a4-82a1-1c0cbd8477a5,Nikita Vaquero,2025-10-20,1,No puedo estar en mi cuenta de Instagram. No puedo recuperar mi contraseña . No puedo cambiar la contraseña.,negativo,com.instagram.android,,,0
5763ca21-449b-4309-847c-dd0c91b94cac,Camila Yamileth,2025-10-20,2,"no me gustó que hayan puesto las destacadas de esa forma, simplemente no le haya utilización que estén asi",negativo,com.instagram.android,,,0
14f038e0-792e-44a0-85b5-38490000df5d,Vanesa Garfias,2025-10-20,1,videos un poco avuridos,negativo,com.instagram.android,,,0
01d7f88a-630d-46f7-bd9a-c1a19d2dcbd3,Kevin Córdoba,2025-10-20,1,la actualización es innecesaria,negativo,com.instagram.android,,,1
daa0de64-43a0-424f-8623-d43f895b8d55,Daniela,2025-10-20,3,"Es buena app ,pero el problema que he tenido este tiempo es con la musica, no me deja subir fotos con música, tampoco videos con música, y me salta con un ""error. intenta mas tarde"" y es molesto. Y también hay canciones que a los demás si deja poner en sus historias pero a mi no, y me ha pasado en diferentes cuentas, y nada, no me deja poner la música que quiero. Quiero una solución de ésto.",neutro,com.instagram.android,,,0
fdb9cb6c-2532-4724-9ba7-6c2193484945,Mickey Vega Lozano,2025-10-20,3,"he actualizado vez por vez Instagram, y aún así no tengo la última versión, la aplicación es bien buena pero, arreglen esos errores porfavor",neutro,com.instagram.android,,,0
9eebb22e-9f82-4281-ba11-2c1c4c8765ff,Espectro,2025-10-20,1,inhabilitaron mi cuenta sin razón aparente y eso hizo que las cuentas de mis amigos se les inabiliten consecutivamente... quiero enmendar lo que haya provocado tal cosa,negativo,com.instagram.android,,,0
ff655436-c8d3-4c68-bdb3-4ebf3b034803,Cesar Amador,2025-10-20,2,deberían tener mejores actualizaciones,negativo,com.instagram.android,,,0
95fb8967-6420-4e6f-90ec-3f9c21b02bdd,Angek Bochon,2025-10-20,1,lo peor,negativo,com.instagram.android,,,0
fc031a32-1117-4081-b26d-44922f7aa38b,NOLASCO LOMELÍ XIMENA,2025-10-20,1,"Instagram sigue sin funcionar, últimamente desde la actualización está fallando muchísimo no me permite ver las historias de algunos usuarios no me aparecen las destacadas necesito que lo arregles @i.am_ximeee",negativo,com.instagram.android,,,7
f52b9b4b-6dea-46df-a32b-56a32838e81b,claudia bustamante,2025-10-20,1,por alguna razón no puedo ver los videos o reel que me aparecen no cargan y la imagen queda pegado e actualizado la app y no es po señal tampoco no se que se puede hacer,negativo,com.instagram.android,,,0
0ac91c96-a879-4913-8379-ebd1978ad66f,Ian Josef,2025-10-20,3,"no es como antes, antes estaba más padre por sus funciones o las historias y así etc.",neutro,com.instagram.android,,,0
7a85ceec-7cfb-45fd-87b7-efdb1fbd3384,Juliana Machado,2025-10-20,1,"Es perfecto, solo que NO SE ME ACTUALIZA NADA  como es posible que se me actualice en mis otras cuentas exepto en la principal? es horrible, no puedo agregar musica a mi perfil, ni compartir videos  y ninguna de todas las que hacen NO PUEDO PONER MÚSICA EN EL PERFIL  Ni siquera se me actualiza nadaaaa ayúdenme ",negativo,com.instagram.android,,,1
125e8e8a-eaeb-40c5-8b6f-13515e1cf4aa,Luján Candia,2025-10-20,1,"no me funcionan las actualizaciones nuevas, recientemente o hace unas horas se actualizó en mis otras cuentas pero en mi cuenta principal no, no lo entiendo",negativo,com.instagram.android,,,0
45c17469-84df-41e7-9f2e-3944b7ecc47b,Antioko Korona,2025-10-20,3,Bien,neutro,com.instagram.android,,,0
9fda290f-42da-4d9f-8fa1-b1d89891de00,Isaias Andres Renteria,2025-10-20,1,"Meta hace las cosas imposibles para las personas que prefieren usar el computador, obligan a usar metodos de autenticacion ridiculos, como app de autenticacion o aprobacion en otro dispositivo. No se puede aprobar en el computador, pero dicen ""otro dispositivo"" es contradictorio. Lo mas facil es enviar un codigo al correo. Nisiquiera uno mismo puede ingresar a su propia cuenta. Ponen impedimentos absurdos que no tienen nada que ver con seguridad",negativo,com.instagram.android,,,0
01e40fd4-4c20-46fc-96af-bee0251692bf,Moserrat Pineda,2025-10-20,1,no me llegan las actualizaciones.,negativo,com.instagram.android,,,0
a0cbd500-2262-42d9-bdd5-d477523f4095,Matias Fernandez,2025-10-20,1,estoy teniendo fallos con instagram porque cada vez que quiero poner mi contraseña de mi cuenta me aparece que es incorrecta y todas las que coloco salen incorrectas,negativo,com.instagram.android,,,0
2d8d4a55-da23-43af-b6f3-bc61005081d3,Camilo Hoyos seña,2025-10-20,3,Quiten Esa Actualización Fea Mejor Era La De Antes,neutro,com.instagram.android,,,0
04a32877-608c-425f-99e0-fa3dacd0bf08,jade dexiree zuñiga cortes,2025-10-20,1,"la verdad pésima aplicación últimamente, me suspenden mis cuentas, llevo varias cuentas hechas y solamente puedo subir una foto o la creo y a la media hora me la suspende.",negativo,com.instagram.android,,,0
5fb764fa-653c-4496-964b-bfc956c3469c,Lorena Fernandez,2025-10-20,1,Hace un tiempo que no me aparecen las respuestas guardadas . Es un engorro cuando uno usa está app para trabajar.,negativo,com.instagram.android,,,0
a37412ba-b659-47aa-8244-334dfbdaecc0,Gardenia Andy,2025-10-20,3,no me funciona BN,neutro,com.instagram.android,,,0
67f8299a-ee27-4ed9-8034-5a87d2fc26ae,victor caro garcia,2025-10-20,1,"pésima actualización, quedó muy mal el diseño",negativo,com.instagram.android,,,0
cdabcce4-9d77-44fd-bfa8-bae769830f47,biegass,2025-10-20,1,no me deja desactivar el visto,negativo,com.instagram.android,,,0
2c4b57aa-a5a1-4538-8285-1fd4e38da1bb,F R A N C I S H E N O S T R O Z A,2025-10-20,1,"con cada actualización se pone peor, ahora no pueso ver historias",negativo,com.instagram.android,,,0
4b2a1852-d922-4173-b47e-28071a4943c1,Sofía Cabrales,2025-10-20,1,"Lamentablemente si no tengo un problema con Instagram, es otro. Por alguna razón no me aparece la opción de hacer Lives en ninguna de mis dos cuentas, anteriormente no tenía la opción de hacer los lives en close friends ni de reproducir los reels al doble de su velocidad. Es frustrante que si no es un problema o dificultad, es otro.",negativo,com.instagram.android,,,29
2bdbcfae-c08a-40ab-a751-90a437014bcf,Rosa Morales,2025-10-20,2,No se me actualiza Instagram ehhh,negativo,com.instagram.android,,,0
5578f9a9-bd13-4dab-aa5d-f8f8453eca26,Jaxon,2025-10-20,1,"me borraron según porque no seguí ciertas normas , la verdad solo la usaba para mandar Reels a unos amigos y compartir alguna que otra foto de mi día a día , no sé que le pasa a Instagram, encima se borró mi facebook principal el cual tiene años de ser creado , me dejó un sabor amargo en la boca , todo mal  .",negativo,com.instagram.android,,,0
7c621a90-09e1-4121-9a0b-23e4d5d06950,Angelica Minota,2025-10-20,2,que esta pasando con esta app que No deja las canciones en los reels.?? .ya no es una vez voy varias reels que me hacen los mismo que puedo hacer? no es por permiso Por que tengo la misma canción en otros videos y no la han silencioso y vuelvo y subo el video con otro tema y nada la quitan que HACER?,negativo,com.instagram.android,,,0
f17bec0f-2131-4e52-ba68-8eb57d8f7bcd,Rachel Rocha Gamboa,2025-10-20,1,"me siento disgustada. Llevo desde el año 2022 con mi instagram. Resulta que un dia de este año (2025) se desinstaló la aplicación, yo la volví a instalar pero no me deja ingresar a ninguna de mis cuentas, opté por cambiar la contraseña y aún así no funcionó, solo puedo entrar a mi cuenta desde otros dispositivos, envié un correo pero siquiera lo han visto, me siento muy inconforme con esta plataforma puesto que era mi favorita y nunca incumplí con las normas que tienen establecidas.",negativo,com.instagram.android,,,2
92c4c3cd-5f01-4587-ae94-34c8d416e5a9,Katia rocio Contrera,2025-10-20,2,No. Hasta luego.,negativo,com.instagram.android,,,0
400ac714-7110-4fa4-aae8-fcfded49567d,Aislinn Portillo,2025-10-20,1,"Regresen las destacadas en círculo, es horrible en cuadro.",negativo,com.instagram.android,,,1
d8c9e4d7-6f6c-45d8-9480-3fc1951927cf,Allan Mendoza,2025-10-20,1,no entiendo porque no deja borrar sugerencias de gente que ya no quiero que me salga,negativo,com.instagram.android,,,0
3478b992-e44d-4a07-a1c0-d0a2e89a0149,Belén C,2025-10-20,1,"De repente me han desaparecido las categorías de dentro de los seguidores de cuentas inactivas y de gente que te siguen pero tú a ellos no... me parecían pestañas útiles para tener un control con los seguidores a la hora de que te dejen de seguir, y con la actividad en general de la cuenta .... ahora también se me cierra la sesión sola cada X inicios , y hoy llevo todo el día que me pone que tengo una notificación antes de entrar y no tengo nada... de repente funciona fatal",negativo,com.instagram.android,,,191
1fea957c-6d6d-4f86-b86f-46e87c5f0035,margarita Martinez,2025-10-20,3,no me aparece la opcion de repostear en mi cuenta principal y en mis otras cuentas si,neutro,com.instagram.android,,,0
7e1ba2e0-9d0f-4bcb-a49e-ade6bbae1ba0,Teotihuacán,2025-10-20,1,"Es una buena app, solo que se tarda en instalarse",negativo,com.instagram.android,,,0
10d859a9-037c-47f4-982a-c8eacbbc3551,Lucas Galvez,2025-10-20,1,Instagram NO es TikTok. Vuelvan a poner los mensajes arriba a la derecha. que se pueda acceder deslizando una sola vez hacia la derecha,negativo,com.instagram.android,,,3
0e406bc4-2983-4dd8-b69d-5f55cff2a392,Alfredo Medina,2025-10-20,3,muy bueno pero inseguro ay muchas cuentas q han hackeado,neutro,com.instagram.android,,,0
5b55d9cb-8f28-40b8-a9e5-03003f8cb086,Maximiliano Robledo,2025-10-20,3,"Desde que la actualice no me deja seguir ni que me sigan seguidores, porkeeee? alguien sabe cómo arreglar esto?",neutro,com.instagram.android,,,0
d3cb15f5-1ab7-4fce-9407-ec8be481a760,Arney Aguilar,2025-10-20,3,Buena,neutro,com.instagram.android,,,0
a8bf4ad6-8f1d-4faa-9d73-d72ad687d975,Juan Benitez,2025-10-20,1,"No me deja compartir contenido, si alguien de Instagram puede ayudarme sería genial, no puedo hacer diversas cosas como si mi celular fuera de un sistema operativo viejo (no lo es)",negativo,com.instagram.android,,,0
c01fc775-0587-4bed-afbf-bb4e84c87b9c,Mariana Prieto,2025-10-20,1,no me gusta la actualización,negativo,com.instagram.android,,,1
497bb3dc-5068-4eda-a2ff-221be0c60cf5,Duarte- hdz,2025-10-20,1,"Heeey actualiza mi cuentaa, no tengo la opción de las fotos en la parte de los mensajes ",negativo,com.instagram.android,,,0
e03706bc-114c-493e-baaf-d24d29ef41e3,Venom Snake,2025-10-20,1,"la nueva interfaz es horrible, vuelvan a la antigua",negativo,com.instagram.android,,,0
1028ff77-268b-411c-9fa6-7a07855003f5,Julexy Galeas,2025-10-20,1,muy mala,negativo,com.instagram.android,,,0
2af93afd-51a6-4e31-a107-f8df8fd0b957,Diana Rodríguez,2025-10-20,1,No puedo seguir a nadie en Instagram después de la actualización de la app me sale pendiente mi cuenta es privada y si la paso a pública me sale lo mismo tan bien que estaba la app.,negativo,com.instagram.android,,,0
eeffc9d7-3582-4bad-b2c7-75e31fe21930,hola,2025-10-20,1,Me han eliminado la cuenta sin razón permanente,negativo,com.instagram.android,,,0
2fdb218f-3b36-4909-8299-5c0cfaf4d037,Miguel Ángel Godoy Marilicán,2025-10-20,1,Me banearon por una semana por escribir algo que nisiquiera afectaba a alguien y al final fue baneo permanente,negativo,com.instagram.android,,,0
b8e89579-b6b4-4fd7-8508-0ed84e5e5f87,Antonia Gb,2025-10-20,3,no me deja subir historias destacadas,neutro,com.instagram.android,,,0
e27af1ba-0551-42ef-b98d-a608ff13902c,juan arevalo,2025-10-20,3,desde que le di a la opción actualizar Instagram no habla la de la play store habla de la que aparece en Instagram la barra de abajo no aparece la barra que se usa para ver buscar cosas y ver Reels,neutro,com.instagram.android,,,0
1ee085f0-aa1d-4c9a-8eb7-f5a67e65538c,Ana Tobías,2025-10-20,1,"Neta odio está app, el día de ayer por la mañana (11:30), me dejaba entrar perfectamente a mi cuenta, yo dejé mi celular como 2 horas sin abrir ig y después hice algo, después de acabar entre a ig y no me dejaba, ni siquiera me dijo las razones, siempre la misma estúpida respuesta de (Por incumplimiento de normas). Neta no es justo. Tenía más de 1000 seguidores, y con eso me premian? Es una mmda.",negativo,com.instagram.android,,,1
5435bdce-df14-44aa-a1e2-62904a7cc336,Frida Garbino,2025-10-20,2,"la última actualización es completamente innecesaria, más de una vez me pasó que me ingresaba a la página de reels cuando trataba de ver las fotos de un carrousel. también hace que las funciones que más utilizo sean más difíciles de ingresar. vuelvan al diseño anterior porque el nuevo realmente es un fallo",negativo,com.instagram.android,,,0
fc23729d-3285-4a29-b883-aee87bf7ca29,Belsi Micolta,2025-10-20,1,yo le doy una estrella por qué a lo primero cargar rápido y a lo último se queda en 97 y eso es lo malo y no,negativo,com.instagram.android,,,0
96f182ef-8e64-439d-bd87-62fe4730335c,Valen Mancini,2025-10-20,1,no me gusta lo nuevo que cambiaron las destacadas es horrible,negativo,com.instagram.android,,,0
418e5c94-c7b8-4c29-bbf0-bdcce70efea1,Carlos Acín,2025-10-20,2,"Publicar cada vez cuesta más tiempo. Por otro lado, el algoritmo no se comporta de manera estable y regular. Funcionaba mejor antes.",negativo,com.instagram.android,,,0
2cbfb22c-2d78-4616-ac1f-c844c125abf3,morgan,2025-10-20,2,"muy buena app pero las últimas actualizaciones no me gustan para nada, en especial la de cambiar los circulos de las destacadas, se ven feas ahora las destacadas y no dan ganas fe destacar nada, si podrían arreglar eso y volver a poner los circulos sería genial, gracias!",negativo,com.instagram.android,,,1
f7681cc0-1613-4bde-9656-17553ac90287,Pepi Valero,2025-10-20,2,6ñ,negativo,com.instagram.android,,,0
015fc7bb-2dce-4b65-93dc-f90da4457404,Juvia De Colores,2025-10-20,2,"Tengo aproximadamente un año desde que se me quitaron las opciones de reaccionar a historias. Desde octubre del 2021 ya no se reproducen correctamente los igTV, todo bien con la vista previa, pero al abrirlo se congela la imagen y tampoco hay sonido.",negativo,com.instagram.android,,,0
41c311ff-7b7f-477a-ac82-6e40331aaefa,Maria Cervantes,2025-10-20,3,no me aparecen las actualizaciones 🤟🏿,neutro,com.instagram.android,,,0
071b6420-0eb9-4c4a-9cc6-1750a89e2265,Juan,2025-10-20,1,La aplicación es buena para socializar pero a mí me bloquean ya tres cuentas sin motivo cuentas en las cuales hago contenido y reflexiones católicas y me la dan de baja sin incumplir ninguna de las reglas,negativo,com.instagram.android,,,0
e291cf9e-a20c-48b0-af9f-d8d998e2f439,Joel Peteiro Lourés,2025-10-20,3,"La aplicación cada vez falla mas, últimamente se me eliminan seguidos y seguidores asi por la cara,no me deja seguir a mucha gente porque al momento me vuleve dar la opcion de seguir,cuando te mandan solicitud se eliminan solas,me gustaria saber si a alguien mas le pasa,ademas de eso cuando envias un mensaje hay veces que no le llega a la otra parte,en resumen es una aplicación que cada vez deja mas que desear hasta el punto de que o corrigen los errores o deberan cambiar de desarroyador.",neutro,com.instagram.android,,,13
875fdc27-2a46-490d-bf5b-1c656b822635,xochitl rodea evangelista,2025-10-20,1,"ed muy buena, pero las actualizaciones están de lo peor, las notas de video, las historias en cuadrícula, y tengo que estar desinstalando e instalando para poder quién vio las historias, se tarda mucho en cargar esa parte, es más ni carga para nada, me está decepcionado mucho instagram, tuve que reiniciar como 20 veces mi teléfono para que abriera instagram y ni así, ya son varias veces que la desinstalo y nada, regresen al anterior, se les agradecería muchísimo",negativo,com.instagram.android,,,2
44238f05-64f9-4093-9dc5-5f56c3e5dae7,Jhonda Gomez,2025-10-20,3,"Hacen faltan más actualizaciones a favor de mi alien... buscando saciarme de alguna u otra forma, como también es posible mejorar la interfaz para que atraiga más con el tiempo a más personas",neutro,com.instagram.android,,,0
93895a71-5b5c-4dfc-9fdd-76318d7e30ca,Marfred Gonzalez,2025-10-20,3,"Los videos que me envían a mi directo no corren, solo suena el audio y se quedan como una foto",neutro,com.instagram.android,,,0
0737551e-2103-4384-ab5a-a19a7b54ca56,Sol Paredes,2025-10-20,3,"excelente app! pero se deberían de poder editar las canciones que se ponen en las publicaciones del feed, editar (cambiar) y eliminar. También se debería de poder etiquetar a más de 20 personas en una historia",neutro,com.instagram.android,,,1
7700056a-a78d-49c5-8490-6fe3b8ec0a51,Olga Emilia Herreros Quintana,2025-10-20,3,"Ha cambiado muchísimo, no me gusta tanta publicidad ni que me aparezcan cuentas de quien no conozco, me gustaba más antes",neutro,com.instagram.android,,,0
cd4d9f0b-c68c-4dbe-894c-d1e705c108ce,Mariam,2025-10-20,3,Para mí esta excelente pero estaría mejor si le quitaran la opción de ver quien le dio like a las cosas y le colocaran la opción de ver quien entro a ver tu perfil,neutro,com.instagram.android,,,0
02483f9e-7260-4f49-ae0f-befb35f028fe,Cesar Solares,2025-10-20,3,No aparecen muchas canciones que fastidioso es eso deberían arreglar ese problema,neutro,com.instagram.android,,,0
467e4925-f02d-47fd-9fb4-78e47f9056e7,Dαɾɯιɳ,2025-10-20,3,"Excelente aplicación, le doy 3 estrellas, le daría las 5 pero es que me disgusta que Instagram no muestre mis post e historias a mis seguidores. Y me disgusta que tomó fotos en Instagram, las guardo en mi galería y a los días se me borran de la carpeta Instagram ",neutro,com.instagram.android,,,2
320348fd-8227-4388-83e9-5bc6626e0a9a,Jenny Luzuriaga,2025-10-20,3,"La app es buena pero no entiendo porque en mi aplicación no salen las mismas actualizaciones que en otras app y según me sale que esta actualizada, lo que es repostear a mi no me sale o dejar notas en las historias",neutro,com.instagram.android,,,0
1acbd9da-4a2e-445e-804b-00bd7dd34dff,Ela Dominga,2025-10-20,3,"las actualizacion, (la ultima) fue horrible para mi, soy una persona que ocupa istagram de hace mucho y siento que este año 2025 no tienen ya ni que sacar que hacen cosas super feas, cambiaron literal todo istagram y me disgusto mucho y quiero volver al altiguo.",neutro,com.instagram.android,,,0
91072d62-422e-42e4-91f2-af4b585ac082,Macarena Parrales Vázquez,2025-10-20,3,"La verdad esta muy bien, puedo hablar con mis amigos y emitir en directo, se puede subir cosas y compartirlas con los amigos, esta muy bien, pero solo pido un favor y es que no pongais directos para mas de 1000 seguidores, antes estaba mejor como estaba",neutro,com.instagram.android,,,7
45f58c33-2559-4db9-b42b-34f3c74a5c45,Puma Flowers,2025-10-19,3,bien.....,neutro,com.instagram.android,,,0
3a92cc98-92d2-49c5-be5c-f8a13cd20039,Francisco Garza,2025-10-19,3,Pues quiero opinar q las actualizaciones no m parecen porq pues prefiero al Instagram de antes y puess devuelvanos los filtros pls 🥹🫰🏼,neutro,com.instagram.android,,,0
933eae4b-eec2-449c-af20-4eca068dda32,Kenneth Teheran,2025-10-19,3,"POR QUÉ EL BENDITO AFAN DE SER CÓMO TIKT0K?, migro de TikT0k porqué siento que instagram es menos absorbido y sale con que ahora tiene los post de la lupa llenos de reels, POR QUÉ?, quién pidió esto?. No me parece mala app pero últimamente no le atina a nada, más desaciertos que aciertos.",neutro,com.instagram.android,,,0
51dcb3fc-2899-4a60-bccb-2fa5cfcc7317,Andrea guadalupe Gutierrez,2025-10-19,3,Instagram últimamente a tenido demasiadas fallas,neutro,com.instagram.android,,,0
5c58c4ac-049c-4945-b462-be6b8defaee0,Adriana Vega,2025-10-19,3,"Tengo mucho problema con la aplicación tarda en cargar el feed y las notificaciones llegan tarde, he desinstalado la aplicación pero el problema persiste.",neutro,com.instagram.android,,,0
bb71a2ee-e5d5-4732-a22d-848a4f564984,Sofia,2025-10-19,3,en las historias no me deja ponerle música,neutro,com.instagram.android,,,0
57597b5f-64a1-414a-9d9f-2be303cd9c0f,Letza Maryel Corrales Nova,2025-10-19,3,"mi cuenta no se actualizo, no me cargan las vistas de mis historias, tampoco no puedo actualizarlo y mucho menos hacer que funcione bien",neutro,com.instagram.android,,,0
9f680423-0303-4851-a3fb-cec9a89e15ec,Natalia Perez - Fotógrafa de eventos sociales,2025-10-19,3,Quiero ordenar mi FEED y no me deja hacerlo en mi cuenta personal.,neutro,com.instagram.android,,,0
89771b8b-c781-4a1f-b730-3945bfe20b9c,María José Asencio,2025-10-19,3,"ODIO QUE SE BORREN LAS NOTIFICACIONES O QUÉ SIMPLEMEMTE NO ME CAIGAN También podrían poner un ""botón"" / opción para que en los DM se vayan a los últimos mensajes no leídos y poder verlos todos sin perder ninguno, en especial si son reels y publicaciones las que se comparten. Ojalá que lo que reposteo también se pudiera anclar/fijar así como mis publicaciones",neutro,com.instagram.android,,,6
4f829a8c-cea8-4ee6-af64-bf0971b2d775,Cristian Romero Galviz,2025-10-19,3,no me salen la opción de instantáneas no importa que actualice la app o la desinstale y vuelva a instalar,neutro,com.instagram.android,,,0
852d233e-73c0-4df7-9745-e686428d73aa,FLOR GOMEZ,2025-10-19,3,INSTAGRAM ES GENIAL,neutro,com.instagram.android,,,0
87377601-9408-467d-ad22-1dba10643cba,Lucas Tomas,2025-10-19,3,"Buenas tardes! La aplicación está muy bien, me encanta que se puedan subir historias y poder chatear con mis amigos pero como que se buguea y elimina apodos de la nada, igual eso molesta así que les quería decir si lo pueden arreglar. Muchas gracias.",neutro,com.instagram.android,,,0
b4075206-ca74-4803-950a-1325606377b2,Davinson Meneses Mendoza,2025-10-19,3,muy pocas interacciones,neutro,com.instagram.android,,,0
01f949a9-4d4f-4450-9140-a793d8c6f790,saory lopez,2025-10-19,3,no sé actualiza mi cuenta principal 🥹,neutro,com.instagram.android,,,0
48c48ac6-cd77-4517-ad28-b36d0973f79b,Sam Franco,2025-10-19,3,cerraron mi cuenta los mendigos  y ni las reglas rompí,neutro,com.instagram.android,,,0
ea1d95d9-e7a9-41f1-818f-139490c664df,ricardo salazar mendoza,2025-10-19,3,porque sigue saliendo error al iniciar sesión cuando lo van a solucionar y para recuperar cuenta tbm sale error para cuando espero alguna actualización y sea cero errores en esos ámbitos ok porque su uso interno es muy buena la aplicación lo malo es esos errores,neutro,com.instagram.android,,,0
3d1ea870-c3dc-4869-8946-4ac994c92f98,Miguel Yánez,2025-10-19,3,mala,neutro,com.instagram.android,,,0
ca160d26-d77b-43d8-b7cf-67112e35fe66,Gabriel Sánchez,2025-10-19,3,solo falta que me salen bien las actualizaciones,neutro,com.instagram.android,,,0
db9df666-6812-4088-8c49-65e37f666743,Romina Lara,2025-10-19,3,Casi o más bien no me gusta esta algo reborujado el para realizar las diferentes actividades,neutro,com.instagram.android,,,0
0be2fbc3-30c0-4325-9701-62e91ba840ae,Shadow Dead,2025-10-19,3,esta bien,neutro,com.instagram.android,,,0
5d8ee568-157e-4158-a2b0-51b5581cc7b9,Jorge Acuña,2025-10-19,3,demasiadas actualizaciones,neutro,com.instagram.android,,,0
585f6c4d-7a5f-45e4-a1fc-692db54412cf,Reylli Nieves,2025-10-19,3,"es muy buena app, pero no me deja poner ecos, intentado todas las formas de lograrlo pero simplemente no puedo, pero en mi cuenta secundaria si, porqué?",neutro,com.instagram.android,,,0
50fd7f61-f5bf-4b71-bd71-7b45d4941745,Alejandro Ortiz,2025-10-19,3,"está buena la app pero sus últimas actualizaciones son realmente horribles, me gustaba cuándo podía ponerle más tiempo a las historias. no me gusta para nada las destacadas como videos, si sigue así la gente simplemente va a desinstalar, ojalá tome en cuenta todas las demás reseñas igual a esta y cambie algo.",neutro,com.instagram.android,,,2
f04c62d6-94ff-4320-ba01-1b47ce45e236,Ayrton Salvador,2025-10-19,3,"bien pero hoy mal, no me dejaba crearme otra cuenta y solamente me saltaba una ventana que no decía nada y solo podía apretar en aceptar. experiencia mala, y eso que ya reporte el fallo y ni me contestaron, si no lo arreglan les bajaré una estrella",neutro,com.instagram.android,,,0
b7bbb9d5-ee61-4f31-9bdb-1b0549cd45b9,ruth schuffer,2025-10-18,3,no anda nada,neutro,com.instagram.android,,,0
f67e260c-223d-4bd1-97b5-3552b8ff60c1,Vladimir camacho,2025-10-18,3,"Con la actualización ahora no veo la barra de iconos de la aplicación con el modo oscuro, es que no dan ni pa una",neutro,com.instagram.android,,,1
04783353-906c-41fb-afa9-36be63c39ffc,Sabrina Velazco,2025-10-18,3,tiene muchos problemas técnicos,neutro,com.instagram.android,,,0
9d736478-d7b6-43ba-9c97-96c49218987b,Leticia Elizabeth,2025-10-18,3,Para mí es de mucha ayuda está app,neutro,com.instagram.android,,,0
381f3dbd-07c6-4af1-a5bb-c152d8ff69eb,Ernesto Antonio,2025-10-18,3,falta de seguridad,neutro,com.instagram.android,,,0
3755a2ea-fc19-4559-9a23-f12ec1cd16f6,Kosem Hernández,2025-10-18,3,es muy buena pero saca al momento de revisar mi cuenta,neutro,com.instagram.android,,,0
3dc50c6c-9ffa-472c-b3bc-2695aa9d352b,Chente Arriaga,2025-10-18,3,las historias estaban mejor en la anterior versión,neutro,com.instagram.android,,,0
8c4ada0f-9de2-42d4-99c7-b32f0ad0481e,juan pablo martin,2025-10-18,3,buena,neutro,com.instagram.android,,,0
892c88e0-4a3e-4ad8-8c61-73c0f77e8a43,Alexis Crespo Zamora,2025-10-18,3,no entiendo porque no me llegan notificaciones,neutro,com.instagram.android,,,0
335ef416-e449-4567-b85c-e5eb45fc8bc4,Anahi Martell,2025-10-18,3,no se ha actuallizado aun,neutro,com.instagram.android,,,0
786018d9-12f4-47e1-b91e-b996e4e70dc5,ナミ,2025-10-18,3,"me gusta pero tengo un problema. en una de mis cuentas si puedo poner que escucho en Spotify y en otra no, eso es molesto ya que en la cuenta que más uso no puedo poner lo que escucho cuando yo quiero ponerlo. Si agregaran eso a todas las cuentas estaría mejor",neutro,com.instagram.android,,,0
ae6bf624-c837-48ff-a15c-019965c92c06,Gustavo Jofré,2025-10-18,3,Excelente me gustarían mas marcos,neutro,com.instagram.android,,,0
9af3f0bd-29b5-4fb7-b570-383650a8a2e1,Yazmin Flores jose,2025-10-18,3,no me deja seguir a nadien o etc,neutro,com.instagram.android,,,0
e5b602e3-8027-4abd-a686-b6f04ca4926c,Orlando May ramos,2025-10-18,3,lo uso muy poco pero me.gusta,neutro,com.instagram.android,,,0
e99d8fc4-f164-4912-9e64-2e2790321c64,Cinthya Maria Valdez Bermúdez,2025-10-18,3,"me gusta la app, pero no me gusta q no me aparecen los comentarios en las historias todos mis amigos lo tienen menos yo",neutro,com.instagram.android,,,0
a811f234-f243-4e56-87bc-80daf407c511,Axel Agustín (Achu),2025-10-18,3,no puedo activar los ecos en las historias,neutro,com.instagram.android,,,1
db00a540-c0c1-42d4-9da5-3d71a386fc4d,Andrea Zapata,2025-10-18,3,tengo varias cuentas abiertas y no me aparecen todas las funciones. Hay distintas funciones para cada cuenta,neutro,com.instagram.android,,,1
3db29077-f349-417b-bfb8-e010b9d68902,Daimaris Fernández,2025-10-18,3,"muy buena la app,pero me gustaría que le quiten la opción de poder ver quién le dio like, porq puede ser un tanto incómodo tener que explicar porq le diste like y eso :)",neutro,com.instagram.android,,,0
a678297d-1c85-41e5-ae56-a500a031f25d,jenifer mendez,2025-10-18,3,"no me gusta nada lo de las destacadas nuevas, la verdad es una buena app, pero tampoco me gusta como se mira ahora, que ahora sí deslizó hacia la derecha, aparecen Reels, eso no me gustó, la verdad prefiero la version de antes, es una muy buena app, tiene spr buenas funciones Pero solo eso es lo que no me gustó",neutro,com.instagram.android,,,0
e8a7b80e-4a5f-4436-b1c6-da95bb0a2112,Martín Layune,2025-10-18,3,tiene funciones muy limitadas,neutro,com.instagram.android,,,0
0d39ba62-cb23-41a8-be3e-52a3a61b879f,Camila Martinez,2025-10-18,3,"es muy bueno si, pero no me deja seguir a las personas ",neutro,com.instagram.android,,,0
6c47d41f-0bc9-471c-969d-db04149d6202,꧁༒Estrella De la Rosa༒꧂,2025-10-18,3,no me gustó la nueva actualización,neutro,com.instagram.android,,,0
1232f5d1-0814-4499-9e2f-3ff2bd88950a,Josue de jesus morales iboy,2025-10-18,3,"instagram a estado fallando muy seguido, elimina seguidores, no deja seguir otras cuentas muy mal ahi",neutro,com.instagram.android,,,0
f2d8d5a1-c065-44c3-8253-61de76169a39,Rosa Sarmiento Socorro,2025-10-18,3,está bien,neutro,com.instagram.android,,,0
8965c420-fbf5-45fc-a529-c0c0aea56e75,Ignacio Torres,2025-10-18,3,"Desde la ultima actualización, casi siempre que quiero iniciar sesión me sale que se ha producido un error con tu solicitud",neutro,com.instagram.android,,,1
635074af-4a26-473a-91d3-07ed42efb3eb,Nèstor Garay,2025-10-18,3,me gusta,neutro,com.instagram.android,,,0
715e35db-8260-446c-b94c-90d24c23f3cb,Justicewolf117,2025-10-18,3,"No permite recortar vídeos cuando se van a subir de historia. En las publicaciones, los videos se estiran en lugar de ajustarse al formato. Todo toca editarlo por aparte. Hay historias que se buggean sus canciones estando disponibles en el catálogo. etc etc",neutro,com.instagram.android,,,1
16c6c198-0cba-4252-b612-a8cf1b11e52c,Keren Magno,2025-10-18,3,siento que es buena aplicación. pero aún no llevan las actualizaciones y ns por que a mi cuenta principal no y la segunda si vro quien entiende ig bueno y solo eso deven actualizar y nose devén de olvidar de las otras cuantas tmb,neutro,com.instagram.android,,,0
1cde9694-0acf-4904-b4ea-29ba23e229cb,Migliaro Florencia N,2025-10-18,3,"la actualización, no ayuda a pasar las imágenes.",neutro,com.instagram.android,,,0
aa5b99f0-f17a-4ded-bfef-b636f6d2e0e9,Alba Castelao Ferreño,2025-10-18,3,"No entiendo porque no me paran de quitar las cuentas, desde junio hubo un error, no me puedo ni crear una cuenta ya me las quitan al segundo, en mi perfil siempre pone que está supervisado por un adulto. Por una parte es una app con muchas opciones y ami me encanta la app, por eso pido que paren ya con lo de quitar cuentas.",neutro,com.instagram.android,,,5
90221b09-e2dd-4b57-8f9c-c422e20908b6,Danna Jaramillo,2025-10-18,3,No me pueden comentar en mis historias,neutro,com.instagram.android,,,0
098e4bb7-2ead-4af5-8551-4174c0cbaf2f,619 Aquino Romero Fernando Alberto,2025-10-18,3,te banea de la nada pero esta chido,neutro,com.instagram.android,,,0
ed74a989-1a8a-453c-bd5c-4778be66143e,Arneris Verdú,2025-10-17,3,"Buena, pero hace como seis meses deje de recibir actualizaciones! ",neutro,com.instagram.android,,,0
13f8c0d8-892d-41e3-88ef-a1868e333721,》_Sugar_Caffe_《,2025-10-17,3,"Después de años, cambio mi reseña. Es good, pero, Instagram... vos y yo nos llevaríamos muchísimo mejor si me dejaras bloquear todo contenido visual hecho por Inteligencia Artificial.",neutro,com.instagram.android,,,0
afbac6f3-7bb6-4ba8-a455-311d4bc61f15,miyuki mosevich,2025-10-17,3,"me gustaría que volviera el formato anterior de las historias destacadas, ahora aparece todo mezclado y no queda bien. ¿Podrían solucionar eso?",neutro,com.instagram.android,,,0
f7b80c85-2604-41ae-820e-63097f1b0f81,Yoa Lopez,2025-10-17,3,no me a gustado la última actualización está pedorra,neutro,com.instagram.android,,,0
09d3e4ba-4a08-4b14-96ed-e3e739a26b6e,Dany Seg,2025-10-17,3,"Regresen las historias destacadas en la parte superior ,como antes plis..",neutro,com.instagram.android,,,0
2671b325-61e4-4812-9ab0-c3d7b6995906,Leyda Palacio,2025-10-17,3,"Con los reels en el teléfono se queda reproduciendo el mismo audio una y otra vez, aun cuando haz actualizado un montón de veces. También deben tener más variedad de fuentes de letra a la hora que uno quiere editar un reel o historia.",neutro,com.instagram.android,,,0
154d6394-0d59-4b45-8588-979c03da6670,강초해:,2025-10-17,3,q pdo Instagram no me dejas repostear reels arregla eso porfa,neutro,com.instagram.android,,,0
150c5bc5-89d2-40a2-95f0-501fc3ebaa84,SELINE SILVA,2025-10-17,3,"literalmente no para de suspender mis cuentas ya estoy cansada!! ni siquiera ago nada malo, ya detengan esto!",neutro,com.instagram.android,,,0
adc0361e-edf4-4b29-80e5-d9975df2b1ca,juan y mike los crack,2025-10-17,3,"es buena la aplicación ofrece una gama amplia de funciones entre otras cosas, lo único malo es la falta de actualización sobre el usuario, se quito la función de subir notas de video por fotos instantáneas, lo malo es que no tengo esa función, pero si se me quitó la otra función viéndose limitada mi interacción",neutro,com.instagram.android,,,1
65ac8fa9-9a41-49f0-994e-2730fcd8422d,Jokebed Corro,2025-10-17,3,"no me actualiza la versión más reciente, por ejemplo no me deja poner descripción, ni las historias destacadas. aún que la desinstale y la instalé.",neutro,com.instagram.android,,,0
7eeb9fdb-0c1e-4ef9-a299-eb1ae383d1c8,indiana infante (Indy),2025-10-17,3,"Aveces mi cuenta no se actualiza a tiempo, se bugue horrible",neutro,com.instagram.android,,,0
85736ac2-f939-4e95-9272-d6ad99e6c03c,isaac Loammi lemus estrada,2025-10-17,3,buena app pero no te dan opción para recuperar cuenta y no te proporcionan ayuda suficiente pero de ahí en fuera cumple con su función,neutro,com.instagram.android,,,0
3f9868b8-a143-49d5-a0da-4f910761f5d4,Dylancito UnU,2025-10-17,3,pq ya no se puede hacer live?,neutro,com.instagram.android,,,0
31ef9abc-0268-41bc-beaf-515cb878fe8f,Alem u.u,2025-10-17,3,"QUE VUELVAN LAS HISTORIAS DESTACADAS EN CIRCULO, LAS NUEVAS SON FEISIMAAAAAAS!!!!",neutro,com.instagram.android,,,0
be2a1bae-f2ff-4d91-98ef-285c97c6b4a2,Fiorella Antonella Mascheroni,2025-10-17,3,🏽,neutro,com.instagram.android,,,0
03b717fa-5993-4034-bcb6-b89f686387ee,Dannielle Ben,2025-10-17,3,"me a fallado en mi cuenta y lo reportó a soporte técnico y nada me solucionan, no puedo seguir otras cuentas y cuando envío seguir aparece pendiente y le aparece al usuario que cuidado  podría ser estafa etc. ya reporte muchas veces solucionar y nada y no he cometido alguna información. me gustaría que apoyara soporte técnico con estos puntos.",neutro,com.instagram.android,,,1
cfb961ae-9891-490e-8f1b-2f4bc35b1659,Betty Roldan,2025-10-17,3,muy buena,neutro,com.instagram.android,,,0
e719952b-eaf0-410f-8130-83ba8c9fbc91,Eliana Britos,2025-10-17,3,no funciona bien. las actualizaciones son innecesarias y añaden cosas inútiles,neutro,com.instagram.android,,,0
049fbe36-b304-49ff-a5c9-7fd21dd1d5ef,Quimey Bataglia,2025-10-17,3,"En general, todo bien con la app y su funcionamiento.. Pero pueden devolver de una vez las historias destacadas como circulitos? Qué necesidad molesta que tienen de cambiar cosas que funcionan. Si funciona, déjalo como está. La nueva forma de poner las historias destacadas en un apartado de la cuenta queda HORRIBLE y nadie lo mira a gusto. Para los negocios era clave los circulitos para información importante, horarios, etc. Actualización innecesaria.",neutro,com.instagram.android,,,26
67790231-57a6-4b12-ab71-f0c935c572c2,Isaias Pino Araya,2025-10-17,3,no puedo seleccionar la música que necesito,neutro,com.instagram.android,,,0
4ce6ef5e-7308-4014-b823-b96dae97fe56,Pamela Chamale,2025-10-17,3,"Es muy buena la aplicación pero siento q deberían dejar q las fondos de los chat se pongan fotos de galería, también la duración de las historias nose pq lo cambiaron.",neutro,com.instagram.android,,,0
38bca447-6731-4805-9974-a628c6a22614,Yair Goncebat,2025-10-17,3,"hace más de 3 meses estoy sin poder respostear las publicaciones y Reels, puede ser mi celular. Pero no. Tengo activado el repostero de publicaciones y Reels y nada, hasta desinstale para ver si funcionaba. después anda todo bien...",neutro,com.instagram.android,,,0
f3a7bdbb-8380-47eb-b8a3-21a7f3bcd7ed,Michael Vispo,2025-10-17,3,le hubiera dado todas las estrellas pero cuando entró a un live de otra persona se paraliza la pantalla y no pudo ver nada espero que arreglen eso,neutro,com.instagram.android,,,1
4595306f-8f6d-45dc-933c-b033a897dfad,Layra N,2025-10-17,3,"No me gusta nada que se hayan mezclado las historias destacadas dentro del perfil. Queda confuso así. Pir favor, que vuelvan a estar en los círculos en el feed. Los que pensáis como yo, por favor, pedid aquí que se queden como estaban o que al menos se pueda elegir el lugar para mostrarlas.",neutro,com.instagram.android,,,74
6974ffd0-416f-4e73-b386-ff2da0276181,Valentina Hernández,2025-10-16,3,no me salen las instantáneas ,neutro,com.instagram.android,,,0
59276bf0-ae45-4e63-a4c7-d75430977712,Tumamá Papas,2025-10-16,3,todo bien excepto por qué hay música que no salen las letras o se traba aparte no me deja poner ecos se tarda demasiado para ponerle una foto a la portada de una destacada ay mal,neutro,com.instagram.android,,,0
545db063-d640-4cae-9246-7904e5e2f3c2,Gabriela Gonzalez,2025-10-16,3,es muy práctica y cómoda . sin embargo no comprendo porque no me salen las actualizaciones como las instantáneas y otras.,neutro,com.instagram.android,,,1
25c1b396-96eb-4e86-ad2d-7ebe520536b4,Esther Garcia,2025-10-16,3,"me gusta pero no me llegan las actualizaciones, Instagram, checa eso porfa ",neutro,com.instagram.android,,,0
b3822ffe-0353-43be-b44e-a559973a2e1d,Daii Flores,2025-10-16,3,"no me está andando bien ,cuando tocó en comentarios aparecen 0 ,y la publicación si tiene comentarios , no me deja verlos y así con muchas publicaciones.",neutro,com.instagram.android,,,0
09cbce45-1871-4c32-a564-027c29578cf2,valen2010 lopezulloa,2025-10-16,3,"la verdad que le doy 3 likes por el echo de que es una buena aplicación,pero últimamente me cerraron una cuenta con 600 seguidores que la tenía desde febrero de 2022,me cree otra y me la cerraron a la hora,me cree otra y me la acaban de cerrar de nuevo,la verdad que nose porque,me gustaria que arreglen eso.",neutro,com.instagram.android,,,0
816c842f-2ca0-41bb-97fb-fde01e6e49f9,Maria Rodrigz,2025-10-16,3,Porque podemos interactuar con las personas,neutro,com.instagram.android,,,0
e1e9bc8e-0fe2-411c-90b2-d01ad9a22763,Natalia Soledad Molina Cejas,2025-10-16,3,"Hace semanas no puedo leer comentarios, ni comentar nada, porque se me tilda y se cierra la app. Ya mande quejas y el problema sigue!",neutro,com.instagram.android,,,0
ed93a878-4303-48e8-bd45-b2597dad765c,Juan Cordero,2025-10-16,3,buena,neutro,com.instagram.android,,,0
f081cd0b-9056-405e-bdfa-f3103f6aad76,dollycastromejia,2025-10-16,3,Es buena para chatear solo que se traba demasiado ,neutro,com.instagram.android,,,0
fe732f15-27de-4736-91da-20db1d3fc90e,Sara Guayara,2025-10-16,3,Quite las actualizaciones ,neutro,com.instagram.android,,,0
4689ecc8-dee6-4f6d-9596-265f26799809,Vivi Rodas,2025-10-16,3,"El layaout nuevo está terrible, los mensajes porque al centro, al lado derecho estaban geniales, ahora al querer ver un carrusel se desliza a los reels, la app está fallando un montón, las historias no cargan por momentos, no cargar el feed, todo mal, vuelvan a lo que todos aman.",neutro,com.instagram.android,,,10
56303c9f-1268-436a-92bc-a547d42dd0e7,Reinaldo junior Quinto Salcedo,2025-10-16,3,"por favor actualizar filtros, gracias 🫂",neutro,com.instagram.android,,,0
09a46ad1-7842-4f99-b357-c71a97bfdd7e,Ricardo Benitez,2025-10-16,3,muy malo no me sale los ecos de mensajes en historias ya voy así un año ojalá lo arreglen el problema,neutro,com.instagram.android,,,0
3454a9fd-142d-452c-872c-8dc446063f91,braddy torres vega,2025-10-16,3,ahi vamos,neutro,com.instagram.android,,,0
5686854a-d352-4f87-b728-14cbc29b52f5,LUCI ALBERT,2025-10-16,3,"me encanta disfruto mucho publicando ,con stories , reels es genial",neutro,com.instagram.android,,,0
a8a2ab76-c1d3-484c-9b16-af941f56742d,Mayely Kimzoe Condori Hinostroza,2025-10-16,3,me gusta pero necesita poner más filtros,neutro,com.instagram.android,,,0
44d00f89-6802-46f2-aef7-7ec65554f4ae,primavera777,2025-10-16,3,"me es imposible subir imágenes al muro, desapareció en icono de la parte de abajo y se cambió por compartir. y no me gusta.",neutro,com.instagram.android,,,0
ddc4bfa1-f417-4f6a-858f-20b502b6a325,Azucena Trejo,2025-10-16,3,últimamente no puedo poner música en mis historias o vídeos alguien sabe por qué??? o no sé si moví algo en la aplicación! gracias ,neutro,com.instagram.android,,,0
0c9d2a5b-24fb-49ce-be27-569289a89698,Luis Cantillo,2025-10-16,3,"Tiene fallas constantes,cuesta que se actualice el feed. Y por si fuera poco lo obliga a uno a utilizar las 2 app para hacer cosas que se podrían lograr con solo una app...lástima que no exista otra app que substituya a ig...",neutro,com.instagram.android,,,0
d7a6131f-7b47-4b04-890e-be2269210661,Tamy Cobiella,2025-10-16,3,últimamente bastantes fallos pero bien en general,neutro,com.instagram.android,,,0
3db5ab9a-e006-4448-8abe-c31b16088769,EGM 83,2025-10-16,3,"a veces cuando ya tienes preparada la publicación con un carrusel de fotos, se borra todo y no puedes regresar atrás y no lo guarda",neutro,com.instagram.android,,,0
21263371-38e5-43c8-a6f5-996fac5f5a52,xbigxil,2025-10-16,3,"Tiene bugs en los comentarios, las respuestas aparecen como menciones y las destacadas se ven horribles, se trataba contantemente. arreglen eso.",neutro,com.instagram.android,,,0
065b2ca1-8f13-44ce-b031-263f73e7e94b,César Pedro Enrique Sic sajbin,2025-10-16,3,"Muy buena y todo pero le da mas beneficios a usuarios de apple, dejando a los de Android fuera con esos cambios que tendrían que ser igualados para que sea justo para ambos usuarios.  no se si solo a mi me pasa que se congela la pantalla y no puedo abrir publicaciones o reels qué me envían mis amigos, quisiera que arreglen eso.",neutro,com.instagram.android,,,5
82f9c8dd-f9ef-42ef-8725-1451d4d1257b,María Amparo González Gutiérrez,2025-10-16,3,Podría mejorarse,neutro,com.instagram.android,,,0
4fd879fd-ff3a-43e8-ba76-3153a10c11b3,Samuel batanguero,2025-10-16,3,"la app es buena pero me equivoqué al poner mi edad y ahora esto piensa que soy menor, al intentar cambiarla esto me pide que la actualice y ya no se puede más.",neutro,com.instagram.android,,,0
1e69db24-5ca7-4d02-9a99-d4c767daeb5e,Joss Casuan,2025-10-16,3,Cambie ligeramente de opinión... Pero mantengan los gustos POR FAVOR.,neutro,com.instagram.android,,,0
22f37d47-e718-42c0-8bc0-0047370b5c0c,Olivia Gaspar,2025-10-16,3,No se actualiza como tal,neutro,com.instagram.android,,,0
ffc8989c-2fc9-47cd-a06f-ecb5b7f4c650,Alejandra Monserrath García Valencia,2025-10-15,3,me bloqueo la cuenta instagram,neutro,com.instagram.android,,,0
5a747335-149d-43e2-8869-b67a15f14b4a,Jazmin Lencina,2025-10-15,3,"es una aplicación muy buena y para conocer mucha gente,pero hoy empezo con un fallo que no me deja seguir a personas,espero esto se solucione muchas gracias.",neutro,com.instagram.android,,,0
ba1fe49d-75f1-40f8-8d3a-90aee16ee05e,isa,2025-10-15,3,Es bastante buena para comunicarse y tiene buenos reels pero se pega demasiado y tiene varias fallas lo cuál lo hace fastidioso porque no se puede ocupar en paz.,neutro,com.instagram.android,,,0
27ba3eea-029a-4c0b-8106-3153cae2d7a6,Nini,2025-10-15,3,pues me ah funcionado bien pero se me buguea mucho y no me deja escribir aveces y en las llamadas no me deja salirme de la app porque sino se corta,neutro,com.instagram.android,,,0
924dc9ed-6903-4377-8ca1-b129d2d73494,Leví Hola,2025-10-15,3,me gustaría que te den segundas oportunidades si eliminan tu cuenta y que te digan con quien comunicarse si eliminaron tu cuenta y le preguntas por qué eliminaron tu cuenta me gustaría que el servicio al cliente funcione bien,neutro,com.instagram.android,,,0
1fd283c4-2103-403a-95fa-e9c7d4df079d,Lucas joaquin Tricañir (Sunormal191),2025-10-15,3,"muy bien y todo bla bla bla y sí, Pero a ahora la aplicación no deja ver los Reels completos, se corta y se reinicia el reel hasta que pase eso 6 veces",neutro,com.instagram.android,,,0
75a9bbd8-0cc2-4e7e-be2a-94acf0790ab6,Mari,2025-10-15,3,"mi instagram no se actualiza, chequen eso",neutro,com.instagram.android,,,0
906dc42b-3403-4cff-9c5b-87069c964e76,Nicole Valverde,2025-10-15,3,"En lugar de actualizaciones sin funciones buenas como la de la ubicación, deberían agregar una que notifique quien lo deja de seguir",neutro,com.instagram.android,,,1
a322de20-47f5-4ede-81aa-67c2ddd610eb,Paula Cirer,2025-10-15,3,"No sé que pasa con las historias, ahora la persona que etiqueto no puede compartir",neutro,com.instagram.android,,,0
df2c499a-f48a-4bb1-9e4f-bfe696ded9bb,Felix Martinez,2025-10-15,3,me gusta como se mejorado la app en cuanto a funciones y manejo de privacidad.,neutro,com.instagram.android,,,0
4f7fe57a-16e9-4627-8a75-eb1fa1ca2463,Paola Silva,2025-10-15,3,"Amaba instagram, todavía, pero es que con sus actualizaciones ya no está chida, ahora ya no me gusta como se ve mi perfil, innecesarias las actualizaciones de las destacadas, ojalá ya la quiten, se ve horrible, no son a fuerzas las actualizaciones ",neutro,com.instagram.android,,,1
3ab86757-bf19-4a50-a514-2c603f58c04a,GeanB,2025-10-15,3,"todo bien, hasta que arruinaron cuando le pusieron las historias destacadas en cuadrícula, quedaban mejor en circulitos y eso era que la hacía (Instagram) ahora parece como las demás redes o no se ve nada estetico",neutro,com.instagram.android,,,0
e6585423-bd37-4b72-a623-eec02dd123f7,Fátima Girón,2025-10-15,3,es bueno pero no lo puedo instalar ,neutro,com.instagram.android,,,0
72d2dfce-779a-44f0-87b9-9ba2ef886004,La flojera,2025-10-15,3,ig es genial pero de una actualización mi cuenta de ig no podía repostear videos ni fotos,neutro,com.instagram.android,,,0
c3fdc4b2-0610-433a-b707-31e3187fea79,Marcelo Alvaro Herrera Arce,2025-10-15,3,La tube que desistalar por que estaba experimentando muchos bugs. Al ver reels y volver a la página de inicio la barra de notificaciones se me ponía negra junto con la navegación y ya no podía ver ni mis notificaciones ni la hora. Ahora estoy usando instagram lite por un tiempo.,neutro,com.instagram.android,,,3
b4f7275a-2f88-4d57-b346-cfa7a8f724a8,Fernanda Hernández,2025-10-15,3,bien,neutro,com.instagram.android,,,0
9ba0811c-4f40-43b0-a64b-d17368f9c581,Valeria Ochoa,2025-10-15,3,pq no me deja repostear,neutro,com.instagram.android,,,0
c676f01b-2467-497e-9cee-85f7f60a4bcf,Valeria D.,2025-10-15,3,"es una app demasiado buena, puedes ver reels, notas, chat y demás, todo iba bien hasta que empezaron a implementar eso de inhabilitar , incluso borrar cuentas, supuestamente por incumplimiento de normas, pues cuando no es asi, y no es válido para muchos de nosotros ya que habemos demasiados que tenemos la cuenta desde hace años como para que de un dia para otro nos la borren, quisiera que checaran eso , por que ya llevo más de 10 cuentas echas y las 10 me las estan borre y borre 🥹",neutro,com.instagram.android,,,6
e63762c5-76ac-447d-995d-526744a239f0,Mixsiu Leyton,2025-10-15,3,"la app esta bien en sí, pero lo de meta es molesto, y otro problema que me surgió es que cuando quiero responder a un comentario, me sale como otro comentario en vez de abajo del comentario, si fue algo de la actualización, por favor quítenlo, porque es molesto",neutro,com.instagram.android,,,0
fbd014aa-4603-49ee-8d52-5aa43e902955,Edith Diego,2025-10-15,3,No se me actualiza correctamente,neutro,com.instagram.android,,,0
e9ccd01f-8487-4783-a0cf-71f9baa59f14,Tilinsillo,2025-10-15,3,"Nunca ví una app agregando tantas actualizaciones innecesarias en tan poco tiempo  PERO ESO SI, SE LOS RUEGOOO, DEVUELVAN LAS HISTORIAS RECIENTESSS y sobre las destacadas en forma de publicación, se ve dlv, salu2",neutro,com.instagram.android,,,0
518def36-3227-46ec-a4c0-432bfb338db7,Ramiro Ferreyra,2025-10-15,3,"aplicación excelente realmente, lo único que le veo mal son las actualizaciones en los teléfonos, me sorprende el fallo de actualizaciones que tiene, tengo dos cuentas, en una cuenta tengo una actualización y en otra cuenta tengo otra actualizacion, es algo molesto pero tolerable pero estaría bien que arreglen el tema de actualizaciones",neutro,com.instagram.android,,,0
1edd2a59-55af-41a7-8a8f-d5c76e746ae4,Verónica Fleming,2025-10-15,3,"Desde la última actualización la barra de navegación se pone negra sin estar en modo oscuro, molesta muchísimo, hay que estar cerrando y abriendo la app para que se solucione momentáneamente porq vuelve y hace lo mismo",neutro,com.instagram.android,,,0
b7c79554-0b04-44d3-af27-22b019f481a9,Adriana Mejía,2025-10-15,3,"Actualmente no me permite actualizar mi feed, mis imágenes parecen movidas, descentradas y casi siempre se queda trabada. Era una aplicación buena pero ya es desesperante.",neutro,com.instagram.android,,,0
0690f640-27aa-4489-99c4-ebadbbc3fb24,Fran Castell,2025-10-15,3,Muchas cosas a mejorar. •La facilidad que tiene para hacer llamadas es un fracaso. No se las veces que le he dado sin querer a llamar. Me gustaría no tener esa función... •Las notificaciones llegan con retraso •Cada 3-4 publicaciones un anuncio •Aparecen publicaciones de cuentas que no sigo. La publicaciones y las stories destacadas estaban mucho mejor por separado que ahora todo junto....,neutro,com.instagram.android,,,7
ab77cb95-e766-4f49-aa41-ad6a3883e623,Brihanna,2025-10-15,3,"hola, Instagram. La vrdd q gracias por el Instagram son unos cracks, mi vida gira alrededor de Instagram... En fin, opino que deberían hacer que las notas sean más largas xq a veces uno quiere expresarse en las notas y no pueden por qué llegó al límite de las palabras. Eso era todo, bais. PD: volveré cuando mejoren las notas ",neutro,com.instagram.android,,,5
88cb280b-692b-48d8-bc85-1b6777ad4dcf,Andrea Licona,2025-10-15,3,no se me ha actualizado ,neutro,com.instagram.android,,,0
934dff26-adc6-4cc9-8132-6d91516456d7,J.M M.M.,2025-10-15,3,la experiencia no esta mal.,neutro,com.instagram.android,,,0
05cc28d4-c98f-49d9-934f-529b5599ac80,Francisco Lolli,2025-10-14,3,"La esencia de esta app son las fotos y luego videos, entonces no puede ser que comprima tan mal las imágenes e incluso se vean mal si las subis con las medidas que toma instagram",neutro,com.instagram.android,,,352
bbec1cea-12f4-4814-910f-c29fdb2e9630,Gabriel Fallas Zúñiga,2025-10-14,3,está todo bien es una buena aplicación pero las actualizaciones duran mucho en funcionar,neutro,com.instagram.android,,,0
feb8aa37-1c72-42fb-bdb2-de9160b9bdd0,Elwis Alaric Diaz toral,2025-10-14,3,Las actualizaciones tardán en llegar como se puede solucionar eso poreso 3 estrellas,neutro,com.instagram.android,,,0
dec8897d-86f6-44c0-81ba-49b104145747,Angel Emanuel Herrera Flores,2025-10-14,3,es una excelente app pero no me deja abrir mi perfil se me traba y me saca de la app y es muy estresante eso pq siempre tiene fallas,neutro,com.instagram.android,,,1