id,userName,date,score,text,sentimiento,appId,id_anotador,notas,thumbsUp
5f906104-19e8-491c-942b-9d586eaed3ac,Jhoan Villalobos,2025-10-23,5,muy buena aplicación no es lenta y muestra contenido interesante,positivo,com.twitter.android,,,0
cf3fda2c-2d37-4fb6-a658-a304c3e4bf55,Lidisitha Herrera,2025-10-23,5,pues me gusta,positivo,com.twitter.android,,,0
d4a4db30-1bd5-4d14-b0a8-d60cbc0fff91,Are,2025-10-23,5,buena,positivo,com.twitter.android,,,0
602f7139-2def-4686-925a-38adc363869d,Leo González,2025-10-23,4,Muy bien,positivo,com.twitter.android,,,0
3bc60596-5442-453f-a795-3cf62b31d92e,Segundo Martinez,2025-10-23,5,Kiero crear una cuenta pero no puedo,positivo,com.twitter.android,,,0
2f20bca1-54e8-412d-b8a0-f2df19b93cc4,Emmanuel Gonzalez Ortiz,2025-10-23,5,Es muy buena,positivo,com.twitter.android,,,0
b01d2cc9-f01a-49a3-af86-6e5aa39205f3,Fabian Heras,2025-10-23,5,me encanta ... super útil y segura,positivo,com.twitter.android,,,0
d46f8fd7-0302-44df-abf3-5f89252b02af,Gabriela Rangel,2025-10-23,5,exelente,positivo,com.twitter.android,,,0
dbb24e97-5168-421f-8844-7358ff0b676d,Anderlinson Henao Paez,2025-10-23,5,es una excelente aplicación,positivo,com.twitter.android,,,0
3a26df12-c0e8-44b3-95d0-b434aeb245bf,Kelvin Henríquez,2025-10-23,5,cool,positivo,com.twitter.android,,,0
6049a098-ef84-43b6-b78f-96eb98dec0ca,mexicano piel canela,2025-10-23,5,me gusta mucho,positivo,com.twitter.android,,,0
9f8695c6-8835-4cd7-9ae9-8a7225ec815a,pedro manuel borges oropeza,2025-10-23,5,exente,positivo,com.twitter.android,,,0
2262d2c9-3ac4-4829-96bc-e8a810f88cda,Alfredo Montoya,2025-10-23,4,"Debe priorizarse la libre expresión, NO A LA CENSURA!!",positivo,com.twitter.android,,,0
bc850960-7c65-4162-b9f0-224b4cc53388,Martin Zalazar,2025-10-23,1,"Desilusión total, me suspendieron la cuenta y la estoy apelando hace meses y no consigo respuesta de nada.",negativo,com.twitter.android,,,0
1ebd37c8-3e9f-41e5-b5a2-53a812f34e17,NeoDevanand,2025-10-23,5,me es util,positivo,com.twitter.android,,,0
5d94d345-6948-457d-baeb-c38907b04dc9,Carlos Gutierrez Gutierrez,2025-10-23,5,quiero ver todos los videos,positivo,com.twitter.android,,,0
f23a1872-343a-45c9-9105-397e6d9f39ba,EV-ZERO Neo,2025-10-23,1,han vuelto a la aplicación una basura,negativo,com.twitter.android,,,0
2e4b67fd-5d05-4a83-8dbc-f6429dce09df,Manuel Barron,2025-10-23,5,iena aplicasion miy beunos videos,positivo,com.twitter.android,,,0
15b8958a-09dd-481c-b450-93196def1393,Esteban Martinez,2025-10-23,5,Me encanta decir mi opinion sin miedo a que me funen y que exista gente que piense como yo,positivo,com.twitter.android,,,1
f013fbfb-90a5-452d-85ac-7105e5181249,sonia alvarado,2025-10-23,5,"es útil, para estar informado y comunicar, es una vía eficiente y efectiva.",positivo,com.twitter.android,,,0
82d88de3-f1f8-42be-97d6-0edc958bd783,Richardson Sánchez,2025-10-23,5,muy fluido y noticias de todo el mundo al instante,positivo,com.twitter.android,,,0
02933c00-5498-4f2b-8cc7-0b7019ac49c6,Ruben Rodriguez Z,2025-10-23,5,buena,positivo,com.twitter.android,,,0
01f9cac0-6b84-4857-891c-23db696c6d16,Geovani Sailema,2025-10-23,5,exelente,positivo,com.twitter.android,,,0
3789282b-a8ec-4525-a6d7-e7d7cd294d4c,Jaime Cortes un,2025-10-23,5,Esmuy buena Gracia a ligera buenas noticias,positivo,com.twitter.android,,,0
ae2265d4-b8cf-4044-bb41-2f920c13dcdd,Fabiola Gutiérrez,2025-10-23,5,Excelente,positivo,com.twitter.android,,,0
6a2b7061-646f-4355-83ed-1d3beaf78f95,JUAN FRANCISCO,2025-10-23,5,bien,positivo,com.twitter.android,,,0
cc7b7e16-5d93-4936-8c73-892e62f47806,LUIS MARCEL,2025-10-23,5,excelente,positivo,com.twitter.android,,,0
1252b867-314f-4e56-907c-e2eb40609be2,Edgar Coronando,2025-10-23,5,excelente,positivo,com.twitter.android,,,0
e2ff3d93-befe-408b-a52e-c37f3dabe6b0,Daniel Torres (cocteldt),2025-10-23,1,"Antes me era tan relevante la aplicación. Ahora todo es spam y bots (qué más bien es culpa de los usuarios, tal vez). Pero la razón por la que le pongo 1 estrella es por el filtrado de ""palabras silenciadas"" qué no sirve en absoluto, ya varias veces he silenciado algún # que es spam, incluso la aplicación así lo reconoce, pero simplemente no se le pega la gana filtrarlo de las tendencias, ¡hasta Excel filtra por palabras!!! Tanta inteligencia artificial y no pueden filtrar frases específicas!",negativo,com.twitter.android,,,0
297ba94a-5dd8-4e66-bd4f-79ba4960cd9c,Norberto Ramirez Guzman,2025-10-23,5,excelente,positivo,com.twitter.android,,,0
e86531b1-0b71-408d-a5f5-6b695891ca3b,José Mora Castillo,2025-10-23,5,Toda una gran experiencia y oportunidad hasta que amaneció mi cuenta bloqueada ......,positivo,com.twitter.android,,,0
77016774-2b65-4a4d-831d-118947b8fca9,Alberto Patiño,2025-10-23,5,SUPEREXCELENTE,positivo,com.twitter.android,,,0
ca764625-c45f-49ef-b738-14e2f3574305,Axel,2025-10-23,5,raro,positivo,com.twitter.android,,,0
bdc9d516-305b-411e-a1a4-74fab1fe1f8d,Ramon Gonzalez,2025-10-23,5,una APP muy práctica y en teresante,positivo,com.twitter.android,,,0
517a069b-562b-43f6-9a0f-8718152a74b3,Fredy Sarmiento alvarez,2025-10-23,5,me parece genial,positivo,com.twitter.android,,,0
2b6f292d-f3cb-446d-bb1d-44b50f1a4ba8,javier cazas,2025-10-23,5,excepcional,positivo,com.twitter.android,,,0
f4db3412-ec3f-47c9-8293-ce1313f76d0c,Gabryel Pirse,2025-10-23,1,me habéis bloqueado todo el contenido que tenía guardado por lo de la edad....esta todo restringido....y encima en el perfil sale la fecha de nacimiento....mientras arregláis esta mierda a tomar por saco X....desinstalado,negativo,com.twitter.android,,,1
659be675-53aa-4aff-97cd-f4d21b182510,Roland Peñaloza,2025-10-23,5,"Me permite enterarme en tiempo real de los acontecimientos a nivel mundial, y tambien lo ultimo de la tecnologia.",positivo,com.twitter.android,,,0
c5d8d2df-ab39-41ac-8ea7-ca2da6cffc36,Jonathan ulises Jonapa perez,2025-10-23,1,Basura intento limpiar mi perfil y me me bloquea por spam,negativo,com.twitter.android,,,1
60c76605-98e3-4b75-9ae0-7f76aeaeb9fd,TIMO PAREJA,2025-10-23,5,excelente servicio,positivo,com.twitter.android,,,0
f598e6e1-d84d-4459-9e32-c6fabcee5db4,Eduardo Morales García,2025-10-23,5,me gusta mucho,positivo,com.twitter.android,,,0
eb9c360c-fc69-4f7e-be40-8c184d183c56,Número Trabajo,2025-10-23,5,buena,positivo,com.twitter.android,,,0
6a42d347-f4b0-48fc-87e4-506270f6bbc9,sergio salas,2025-10-23,5,opciones diversas,positivo,com.twitter.android,,,0
eb31865a-cd76-4a64-9203-33364ccabaae,ANDRES CAMILO CALDERON MARIN,2025-10-23,4,"respeta el derecho a la libre expresión no como tiktok que todo bloquea, o sensura. son de entretenimiento y si a lós padres les preocupa que ven sus hijos, pues que estén más atentos a ellos, o no les den celulares desde pequeños solo para quitarse la responsabilidad de compartir y criar mejor a sus hijos. las redes sociales no son para educar.",positivo,com.twitter.android,,,1
ad758840-bcd2-4af0-b28e-cad10d9c30b1,Remigio Martínes Braulia,2025-10-22,5,entretenimiento perfecto,positivo,com.twitter.android,,,0
4306a0e8-a6ee-41bd-af60-3445181931d1,Jose Alarcón,2025-10-22,5,gooooooood,positivo,com.twitter.android,,,0
676a46bd-eb38-420b-8360-9876b6b4b8b0,Erick william Mejia,2025-10-22,5,esta en una exelente,positivo,com.twitter.android,,,0
8295bf39-2b81-4622-b517-6ced3ca42ea7,MyG4,2025-10-22,1,La última actualización hizo que los wigets se escondieran detrás de los botones de control de mi celular y ahora no sé cómo solucionarlo,negativo,com.twitter.android,,,0
03abc44f-da93-4f80-859b-04c7ae52a004,Carlos Díaz,2025-10-22,5,Buen,positivo,com.twitter.android,,,0
528048fd-aece-4b4d-a067-3f9b51b27670,Oscar Nuñez,2025-10-22,3,bien creo,neutro,com.twitter.android,,,0
9d772f67-f790-48b9-94dd-c4788b24cbdc,Vera Rodriguez,2025-10-22,5,increíble,positivo,com.twitter.android,,,0
dd731224-bd1a-4202-a53a-b0909ad5c544,Arq. Cesar Femayor,2025-10-22,5,excelente,positivo,com.twitter.android,,,0
a356ea6e-af43-4616-8da9-dec60875ec65,I'm free now!!! Montenegro,2025-10-22,5,genial!,positivo,com.twitter.android,,,0
c35c32e9-bfe1-4227-b4a1-1f17b16e45c8,René Nono,2025-10-22,5,bien,positivo,com.twitter.android,,,0
98b9abb0-e358-416d-bf01-b431dd44c2cf,Alberto Del rio,2025-10-22,5,ecxelente!,positivo,com.twitter.android,,,0
34fcb711-55f3-4966-853f-808bd4cec7d4,Juan Uz,2025-10-22,5,calidad,positivo,com.twitter.android,,,0
d80e63f8-91d5-4c7a-a6ec-1ab220d00653,Eligio Perez,2025-10-22,1,Quería ver las fotos que comparto con. Supuestos amigos suben a twiter. Lastima no aceptan ni cuenta de Facebook. Gracias,negativo,com.twitter.android,,,0
16ab63eb-a13f-43ca-b916-362d6bffce4c,Leopoldo Lomas,2025-10-22,5,buena aplicación,positivo,com.twitter.android,,,0
d6d1e790-4cf4-497a-8251-3f83394d80fb,Jesus Freitez,2025-10-22,2,"Últimamente esta muy bugeado, los videos se atrasan o adelanta se quedan pegado y sin mencionar que en la version para pc tienes que volver a darle a enviar twi como seis veces",negativo,com.twitter.android,,,1
8e65584a-27be-4eb5-b4b7-b84f12ce390f,Dennis Gab,2025-10-22,3,Mejoró bastante pero tengo un problema que al reproducir un video se superponen los audios al hacer scroll,neutro,com.twitter.android,,,4
119105d8-a0cf-42a3-a80a-e6fff787f13b,Edwin Lopez,2025-10-22,5,muy buena la app,positivo,com.twitter.android,,,0
cad65af5-be0e-4c5e-9f53-5fa607ea737f,Sergio Carpita,2025-10-22,5,excelente .....,positivo,com.twitter.android,,,0
d0fabc19-4406-49fa-a2e0-e1263c0800ed,José Darío Méndez pinzón,2025-10-22,3,regular,neutro,com.twitter.android,,,0
5f8fba33-fcb2-4c6c-9311-214281664588,Marcos,2025-10-22,5,genial,positivo,com.twitter.android,,,0
b0256561-587c-4678-a250-608c188b96d1,Patricio Pozo,2025-10-22,4,so good,positivo,com.twitter.android,,,0
86339276-7934-485f-9bbb-d74b291be5e7,Leonel Ortega,2025-10-22,4,Muy bueno!,positivo,com.twitter.android,,,0
194fa7be-bb4c-435f-9670-6f51c23417dd,JAS S.A.,2025-10-22,5,excelente app. información actualizada y relevante. de uso oficial en noticias,positivo,com.twitter.android,,,0
3da8f83f-5daa-4f6e-a4dc-e06edcbc5c31,Jorge Sandoval,2025-10-22,5,excelente,positivo,com.twitter.android,,,0
4083a172-000a-4b8b-a5bc-2107cdba5c2d,Mariluz Garcia,2025-10-22,5,Muy buena,positivo,com.twitter.android,,,0
dc52ce75-6007-4e1f-93af-77338564cf5f,lian,2025-10-22,4,quisiera que pusieran para ver las solicitudes pendientes que no pueden ver en ninguna parte del perfil y gracias a eso no se puede cancelar si no te aceptan y en tu perfil sale que sigues a gente y en realidad está pendiente y sabe dios a quien se la enviaste que no acepta y ahí te lo cuanta como seguido y no no mejoren eso,positivo,com.twitter.android,,,0
2e731e0a-4f2e-4a05-8c55-1068f613e3c3,Juan Pablo Avendano Quintana,2025-10-22,5,Me encanta esta app,positivo,com.twitter.android,,,0
dbcd921f-c093-489c-ab75-7caa0ce5d9d8,Keiry Martinez,2025-10-22,1,"¿POR QUE HAY CP? Entiendo completamente eso de la libertad de expresión, pero hay límites. Es ridículo la facilidad con la que se puede encontrar bestialidad y CP en la plataforma, y si lo denuncias muchas veces no pasa nada y aunque se les borre la cuenta pueden seguir haciendo otras infinitamente. HAGAN ALGO.",negativo,com.twitter.android,,,0
8eaa3358-28a1-46ae-b0a6-45f813c0561b,Edgar Quintana,2025-10-22,5,muy vuena,positivo,com.twitter.android,,,0
1f5b3e02-0581-4e49-b123-91990bb7d6d1,Guillermo Hernández concha,2025-10-22,5,Entretenido lo mejor de lo mejor en todos los aspectos.,positivo,com.twitter.android,,,0
8e28d2f0-6d4b-4755-a6df-695993b68db9,Francisco Moron,2025-10-22,5,Excelente apps,positivo,com.twitter.android,,,0
c76660f7-3ae9-4863-8536-307b42ba4c8d,Juan Carlos Martínez Solarte,2025-10-22,3,"ya llevo 2 meses para la verificación y nada que me la dan que debo de hacer hay, gracias",neutro,com.twitter.android,,,0
515bbdad-db2f-4dc6-96fa-0bea9e9823a8,Miguel Martinez,2025-10-22,5,"excelente app, sin anuncios incómodos",positivo,com.twitter.android,,,0
8acd240b-b7ae-469b-93fd-2702c66113ec,David Pena,2025-10-22,5,"Excelente forma de mantenerse informado. ""Leedlo todo, retened lo bueno, desechad lo malo"". Sigo pensando lo mismo, me encanta Twitter porque es libre, por el momento, y puedo leer opiniones de literalmente todo lo que a las personas se les ocurra y eso es lo mejor. Y sólo sigo mis intereses. La libertad es lo máximo.",positivo,com.twitter.android,,,14
df2be2a7-b364-497b-9016-09106c45c567,gonzalo bonilla,2025-10-22,5,buena app,positivo,com.twitter.android,,,0
76bd9b5c-bcad-4399-ba9a-75c1dc349d74,carlos gomes,2025-10-22,1,voy a rejistrame y no funciona,negativo,com.twitter.android,,,0
2632ae0f-506c-4359-9e81-44402a05a5fa,Ernesto Bretado,2025-10-22,5,genial,positivo,com.twitter.android,,,0
b90d0d91-f01a-43d5-86c4-07dc42135356,Javi Rojas,2025-10-22,1,"Horrible, de un momento a otro me empiezan a salir opiniones de personas que nunca seguiría y con la particularidad de que todos son políticos de derecha",negativo,com.twitter.android,,,0
4cfd9a4c-34a9-4f3b-b08b-a03896aca3b9,Cristo Fher Francly,2025-10-22,5,es muy buena aplicación,positivo,com.twitter.android,,,0
fc5b81c9-7a87-4688-a114-7ecd9bb43166,Morgan McGill,2025-10-22,5,Best app ever,positivo,com.twitter.android,,,4
8f9df1c4-b731-4a51-a045-23e467e1a9e4,Julian Jimenez,2025-10-22,5,cool,positivo,com.twitter.android,,,0
19eb926d-0d68-4edd-a8cf-67e05bf6d5ca,JJ SS,2025-10-22,5,Divertida,positivo,com.twitter.android,,,0
33865699-787a-4854-9c03-81a1b3cafa06,MARIA ELENA CISNEROS,2025-10-22,5,"Esta red es mi favorita, porque me mantiene informada en todo momento. Me encanta 100%.",positivo,com.twitter.android,,,0
fd56c443-cc7a-49af-8755-83623685a106,Sara Sofia Malizs Gallardo,2025-10-22,5,Magnífico,positivo,com.twitter.android,,,0
c8f50262-7354-400d-bb41-9fcc6f556f90,Guramirez Ramirez Piedra,2025-10-22,5,bueno,positivo,com.twitter.android,,,1
0defb3bd-7bda-40db-9a64-f3fa958846d6,anais gomez,2025-10-22,3,es bueno solo que ya me han bloqueado dos cuentas innecesariamente,neutro,com.twitter.android,,,0
42934aad-ab98-4859-8671-0a98eb9a1d0a,claudio lorda,2025-10-22,5,muy bueno,positivo,com.twitter.android,,,0
b6dba14d-a65a-49b8-af54-3e78a7256d88,Un usuario de Google,2025-10-22,4,mejoró,positivo,com.twitter.android,,,1
70c8b37c-d9b7-4049-a828-b5623bc18bf7,Vicente Mora,2025-10-22,5,Excelente red social. Muy completa y educativa. Tiene todo para el usuario. Recomiendo que la usen.,positivo,com.twitter.android,,,0
db4914b6-54fd-483e-9e62-95ed3eb299f8,Emil Rodríguez Guzmán,2025-10-22,5,excelente me mantiene informado,positivo,com.twitter.android,,,0
b3aca731-95ec-49c0-89e5-07ece181ffea,Octavio Sánchez,2025-10-22,5,Excelente,positivo,com.twitter.android,,,0
6a819d55-a78c-4c03-88bc-c54d446fc6e6,Ricardo González,2025-10-22,5,me gusta,positivo,com.twitter.android,,,0
5957a8c3-868e-4799-b5a0-ffbfa87f831b,Rodrigo Higuita,2025-10-22,5,excelente medio de comunicación,positivo,com.twitter.android,,,0
5c07dc18-a487-41ce-8eea-8ebc8d115c41,Ramon Blanco Palavecino,2025-10-22,5,muy buena,positivo,com.twitter.android,,,0
efdf5354-1575-4ecd-a003-5386ecdcaa5d,Nancy Mata,2025-10-22,5,Fabulosa y muy instructiva e informativa,positivo,com.twitter.android,,,0
988fb140-fb95-4ad4-acfe-02567fdb293f,Gustavo Sergio,2025-10-22,5,buena,positivo,com.twitter.android,,,0
c0b28397-69a4-40ea-b348-f641b487201a,Victor Illanes,2025-10-22,5,genial excelente,positivo,com.twitter.android,,,0
9e9940c9-a13a-4294-8d58-3b89f24223b0,Emmanuel Fuentes,2025-10-22,5,Excelente app.,positivo,com.twitter.android,,,0
baa590cb-a255-4072-a050-8cbb2c2e0e68,Alex José Baños Vargas,2025-10-22,5,"mr gusta la app, lo único es que hay un error no sé porqué, del chat x, ""conversación no encriptada no admitida"", no sé como solucionar",positivo,com.twitter.android,,,0
2d54aea0-1fea-4ee1-a390-7e485f05cc02,Dracko Rdz,2025-10-22,5,la mejor hasta ahora. necesita más y mejores herramientas de edición de fotos y videos.,positivo,com.twitter.android,,,0
e5927a65-9fff-42dc-a1e3-cec6e4ecfc34,killsnake,2025-10-22,4,"chida, solo las notas de la comunidad son una basura.",positivo,com.twitter.android,,,0
ddd77b74-77a5-428e-b2be-57845e05865b,Goon torres,2025-10-22,4,está chida la aplicacion interacción alo pndj.,positivo,com.twitter.android,,,0
fcb5aab1-0f0e-415a-993b-205208b34714,Maria Guillermina Regalado,2025-10-22,1,sin experiencia alguna con su tema gracias,negativo,com.twitter.android,,,0
3146abc6-26a5-42a6-9fad-e2fcdb57ff17,Mariano Poveds,2025-10-22,5,increible,positivo,com.twitter.android,,,0
796ff418-7116-4739-91de-1f583bfc9399,Eclesiastes,2025-10-22,5,muy buena,positivo,com.twitter.android,,,0
729e379b-9354-47da-8972-cb23b102b90b,Luis Ortiz,2025-10-22,4,full,positivo,com.twitter.android,,,0
ba2dec67-bb40-4e8a-892c-c15f9857fd36,Ivan Campos,2025-10-21,5,muy buena,positivo,com.twitter.android,,,0
9697397a-f802-4d46-98d5-dbdcb4e01519,Avita Ac “Vii.ta_Avita”,2025-10-21,1,"Un enojo tengo, me bloquea todo el tiempo el inició de sesión y nunca me deja entrar a mi cuenta. Dice q hay un error todo el tiempo, q no existe mi usuario o q la contraseña está incorrecta todo el tiempo cuándo la cambie para poder entrar. Pedí ayuda en esta aplicación y no ayudan, cada vez cae más en decadencia esta aplicación.",negativo,com.twitter.android,,,0
1502443f-997e-4ff4-97d2-6826ddd42040,Edgar alberto Cardeño brito,2025-10-21,5,bueno,positivo,com.twitter.android,,,0
d6542f54-f2d1-4d4d-998c-d08cbdd30cfa,ariel martinez,2025-10-21,5,"Es la mejor Aplicación donde las personas se enteran de todo lo que sucede en el mundo y un chin más, la recomiendo a todos descarga y comienza una vida mejor y más liviana.",positivo,com.twitter.android,,,0
28a6489f-6729-4851-aac0-e51a03bfdd71,Diego Bolivar,2025-10-21,5,me encanta la libertad de expresión (X),positivo,com.twitter.android,,,0
9458fcd7-30c9-4535-9c31-727aa0152846,Aldo Valram,2025-10-21,1,pésima aplicación. la suspenden cuando se les pega la gana y permiten a otros usuarios sumamente violentos y nada pasa.,negativo,com.twitter.android,,,1
8a5cac7a-5468-4601-bed3-b4ad20922ed4,brujolobo Xifra,2025-10-21,4,estaría bueno que pongan la opción de mensajes eliminar para todos y le doy 5 eatrellas,positivo,com.twitter.android,,,0
d64a6308-73a1-43ce-a2dc-07e0d8678cee,juan david carrasco pizarro,2025-10-21,5,excelente,positivo,com.twitter.android,,,0
797ee913-0c7d-4449-b841-a4f3f038ad4a,Bautista Escalante,2025-10-21,5,mucho naranja me gusta,positivo,com.twitter.android,,,0
2f751a57-8821-4097-a42f-89fd07df9be7,Angie Castro,2025-10-21,1,"todos los videos botan el mensaje de error de reproducción y nada arregla el problema, es fastidioso querer ver un vídeo y que todo el tiempo no me deje",negativo,com.twitter.android,,,0
d3f58b07-fb7c-490e-acce-9d5676e7296f,Javier Peraza,2025-10-21,5,funciona muy bien,positivo,com.twitter.android,,,0
9901ea8e-7611-401d-9fa0-48f7d530e3a1,Carolina Salguero,2025-10-21,4,me encanta q aclare (anteriormente Twitter) SJJSJSJS,positivo,com.twitter.android,,,0
42551cec-d1a4-4e51-8b4e-743be06384f8,Daniel Pontaza,2025-10-21,5,mejor que Google cuando quieres perder septiembre,positivo,com.twitter.android,,,0
db5bfd16-250d-4380-8035-0e4a1dc18751,Daniel Bastidas,2025-10-21,5,interesante. muy buena red social,positivo,com.twitter.android,,,0
f1b701b6-6377-42c2-ab10-e92ce993e141,Arcides Ramirez,2025-10-21,5,bien,positivo,com.twitter.android,,,0
4ddfb1ff-9b59-4e79-bcfa-215dd0ee3e1b,Saris Cuello,2025-10-21,3,"Funcionaba genial, pero hoy no me quiso abrir, la actualicé y la desinstalé y reinstalé y no me deja ni siquiera iniciar sesión. No se si es mi celular porque tengo muy buena conexión.",neutro,com.twitter.android,,,0
113141ac-e97b-4399-b074-9f25c0eed996,Jesus Andino,2025-10-21,5,buena,positivo,com.twitter.android,,,0
e8b8d600-9dc4-4dc0-aca2-dc4ff9590ae7,Juan carlos Sanchez,2025-10-21,5,fue grande en comenzar,positivo,com.twitter.android,,,0
f3e2f4c4-087d-4a72-a41d-9a901f159faf,marcelo Ramos,2025-10-21,5,Muy buena aplicación es útil para noticias,positivo,com.twitter.android,,,0
7485112c-2574-46b6-97ce-177ac9e788ec,Antonio Ornelas,2025-10-21,5,es buena la aplicación,positivo,com.twitter.android,,,0
a15122b0-43d9-4e02-a042-ad37043ebd5b,Very_Sorry,2025-10-21,5,"Ver a gente pelearse por lo más estúpido es increíble, 5 Estrellas",positivo,com.twitter.android,,,0
37838723-8347-40e3-9211-3b69c74dca79,Alejo Benjamin Carballo,2025-10-21,5,cool,positivo,com.twitter.android,,,0
803b13d2-b4cf-4bdb-9baa-32332db2d186,Jorge Gracieux,2025-10-21,5,Muy buena información tiene X,positivo,com.twitter.android,,,0
32835dab-de10-4970-abb8-0bb04ca0b364,Antonio Torres,2025-10-21,5,Suscribanse a ladry doblaje porfavor,positivo,com.twitter.android,,,0
fd781eb8-54af-4929-8eb2-f78a29db055b,Jorge Julio Pérez,2025-10-21,5,"Me parece una aplicación imprescindible, esta red es parte de nuestra vida cotidiana. Desde que Elon Musk tiene el control todo ha mejorado.",positivo,com.twitter.android,,,0
4651c55e-e6fe-4c86-bce3-65350e1c1572,jose ku,2025-10-21,4,se necesita un traductor que traduzca los gráficos en inglés que se publican y también que los videos en inglés sean subtitulados en español y últimamente los post de comentarios a publicaciones de periódicos y televisoras no se va dice no se pueden recuperar los posts,positivo,com.twitter.android,,,1
3d7aebba-94ac-4960-a91a-bba910e4aa21,Ernesto Herostep,2025-10-21,5,lico el polnito,positivo,com.twitter.android,,,0
2d790721-e883-42d7-b83c-f229beed5cf4,Alex Bendiol,2025-10-21,1,"el jefe de la app Elon Musk protege la zoofilia, boycotéenla.",negativo,com.twitter.android,,,0
579e6017-f222-4e38-b30b-3cbade1bcbcd,Darío Castellanos,2025-10-21,5,excelente,positivo,com.twitter.android,,,0
bf2f7218-f192-414c-b769-c09d9a1e9084,Felix Lora,2025-10-21,4,bien,positivo,com.twitter.android,,,0
390a9f42-85fe-439f-9e44-4c4a4731008e,Nayib Ortez,2025-10-21,5,ᴍᴜʏ ʙᴜᴇɴᴀ ᴀᴘʟɪᴄᴀᴄɪᴏɴ ʏ ʟᴀs ᴘᴇʀsᴏɴᴀs ɪɴᴛᴇʀᴀᴄᴛᴜᴀɴ ᴀʙɪᴇʀᴛᴀᴍᴇɴᴛᴇ ʏ sɪɴ ᴍɪᴇᴅᴏ,positivo,com.twitter.android,,,0
2c40d81f-c8a7-4075-a7d0-419e74f90814,daniela manzo,2025-10-21,2,"El algoritmo es malo con las cuentas pequeñas, es extraño cuando entro en un hashtag solamente me muestra 1 publicación o 2 el resto es invisible.",negativo,com.twitter.android,,,1
f9d7870d-fb17-4fd9-9419-53487e3e67a1,Juan carlos Guerrero,2025-10-21,5,ey,positivo,com.twitter.android,,,0
5bb4f5a9-9f77-4ffd-b655-d33f8db009f8,Roberto Alfaro,2025-10-21,5,Fenomenal,positivo,com.twitter.android,,,0
0df68ccd-345b-4b19-8752-9bef89ba2c2f,Gladiz Peñaloza,2025-10-21,5,bno,positivo,com.twitter.android,,,0
b5bbb4bf-74a8-49db-b400-20ef5afcda9d,Adolfo salazar,2025-10-21,5,es buena aplicación,positivo,com.twitter.android,,,0
924275f2-baf0-4c5d-8107-719f83bc4c2a,Nico,2025-10-21,5,genial interactiva,positivo,com.twitter.android,,,0
42fa5d5f-c756-4078-8484-05564602c715,Mauricio Humberto,2025-10-21,5,amo esta Apple x en un lujo,positivo,com.twitter.android,,,0
94eb66a1-dbd9-47b9-a0be-9b28b614a403,Alfred Montalvo,2025-10-21,1,"coinbase se presto para robarme para una buena cantidad de dinero, no confíes en ningunos son pillos",negativo,com.twitter.android,,,0
6cf33202-e896-4ee0-9e82-ee6b14e6cdda,Gladys Altalef,2025-10-21,5,todavia no la he usado,positivo,com.twitter.android,,,0
65fe55a3-045b-4d46-a36e-ebf75311350c,Manuel López,2025-10-21,4,Lo único malo es que con los videos se traba,positivo,com.twitter.android,,,0
add6297e-4d7a-425a-870d-82241e4d83ee,Diegoloud-41,2025-10-21,5,"es la mejor, pero extrano el anterior logo",positivo,com.twitter.android,,,0
cf036f1a-ca34-42ae-82e6-847328b09ec6,Helaman De Regil,2025-10-21,5,"un lugar para obtener la información directa de las fuentes,sin medios distorsionando",positivo,com.twitter.android,,,0
fcdaee39-41e1-44d2-947f-8f3b653adcf2,Carlos Antonio Velazco Bravo,2025-10-21,4,"Falta mejorar, pero funciona aún",positivo,com.twitter.android,,,0
24e72abc-57a9-4a5e-a357-093dba5fec48,Pilar Triviño,2025-10-21,5,excelente.,positivo,com.twitter.android,,,0
87b5dab5-bba5-4120-81e8-c4e3bdd8cae7,Un corazón de peluquera de provincia,2025-10-21,5,Me encanta x su información la rapidez.,positivo,com.twitter.android,,,0
127a7435-9f19-4806-b93e-8db5692e31b5,Natanael Figueroa,2025-10-21,5,bien,positivo,com.twitter.android,,,0
c49608c7-45d9-42d3-b8c4-1646c69134b2,Rudy Venegas,2025-10-21,5,"la verdad me gusto mucho PQ funciona bien, solo que me gustaría que salgan solo los temas q me gustan pero de ahí en fuera sirve bn la app",positivo,com.twitter.android,,,0
26e6cb8f-cd2f-42f5-a1cd-809aa82e354e,Maria Elena Arredondo Chavez,2025-10-21,1,"es un fastidio iniciar sesión, constantemente estoy haciendo todo lo qué me piden y aun así no me quieren dejar iniciar sesión, por?, ni idea",negativo,com.twitter.android,,,0
2af82fdf-2e40-45c0-bb46-1f8fcedb4815,Yunis Velásquez,2025-10-21,5,Grandioso,positivo,com.twitter.android,,,0
257fd14a-bb88-47a0-8fe1-eef4f502f070,Cindy Contreras,2025-10-21,2,"No entiendo que pasa no he podido entrar más a mi cuenta dice q algo no funciona bien y mi internet no es xq es muy bueno lo q me provoca es borrar la app x completo, desde hace días tampoco actualiza q está pasandooooooo???",negativo,com.twitter.android,,,1
3cde85ec-473b-469f-ae7c-d4ae81cf484f,DiegoloHC,2025-10-21,1,Twitter,negativo,com.twitter.android,,,0
adb860cd-f96c-4566-a4ff-302f91be101f,Julio Hernández Gutiérrez,2025-10-21,5,Excelente aplicación,positivo,com.twitter.android,,,1
1ed33360-d275-4841-add7-929401dd11a7,Simón Alberto Velásquez Pinto,2025-10-21,5,"Ha mejorado mucho pero aún le falta mas las notas de voz que tanto he pedido, el programar mensajes, cambiar la interfaz que ya esta un poco obsoleta",positivo,com.twitter.android,,,2
78eb7e5d-fac9-4ac0-b260-41b489c071cf,Angel Jiménez jacinto,2025-10-21,4,buena,positivo,com.twitter.android,,,0
7d4c4925-6588-4c54-92a9-cc1c89626277,MAS,2025-10-21,5,Excelente aplicación para conectar con millones de personas,positivo,com.twitter.android,,,0
a4b0dd38-4688-4cec-97d2-dbe2717d4c4f,Nikita Grandez Del Aguila,2025-10-21,5,"La mejor app de comunicación mundial, libre y sin censura, gracias @elonmusk por comprarla y liberarla del yugo progre-woke.",positivo,com.twitter.android,,,1
997ceea0-1a4c-420e-a13e-fc99c69b14dd,José Reyes,2025-10-21,1,No me funciona y por equivocación coloque otra fecha y no me deja hacer otra cuenta y la primera esta bloqueada el sistema no me deja hacer otra cuenta por que considera que soy menor de edad y me dice error en cada intento,negativo,com.twitter.android,,,0
bee703b9-a058-4586-80bc-328362b0bca7,Rainer rondon,2025-10-21,5,buenas,positivo,com.twitter.android,,,0
414d1e91-e561-4c5a-9b74-e9485c2f269a,Omar Hernández,2025-10-21,5,me gusta mucho X,positivo,com.twitter.android,,,0
285508b1-f883-4adf-8254-4caa912d6842,Roberto Hdz,2025-10-21,5,todo ok,positivo,com.twitter.android,,,0
0e4d4c4b-1964-4f55-aae9-ac64a6d640c7,roberto santucci,2025-10-21,5,Genial,positivo,com.twitter.android,,,1
f530adee-224a-4a98-a46e-5836ac957ccb,Ciri,2025-10-21,4,Debería desaparecer el bloqueo.,positivo,com.twitter.android,,,0
45c4ed0c-b969-4ec8-aa5c-a36e4ca9b896,Juan Carlos Cordero Resendiz,2025-10-21,5,muy buena,positivo,com.twitter.android,,,0
0c4851cb-c61b-4c0f-b7a8-4852b3f8c713,William Noda,2025-10-21,1,Genial,negativo,com.twitter.android,,,0
9934c00d-c5ca-4e87-8e44-1d56dca950c4,Wilmark Agudelo,2025-10-21,5,no es perfecta pero en su mayoría la considero funcional,positivo,com.twitter.android,,,0
43114874-e894-4da9-9b7c-e7f6dcd74a13,Gutiérrez campos Williams jesus,2025-10-21,1,"le pondría 0 si es posible, ya que no me deja crear una cuenta",negativo,com.twitter.android,,,0
7c9e9430-7a60-4fb2-8763-cd216c005356,Maria cristina Pascual,2025-10-21,1,No puedo entrar a cuenta X anda a veces otra sin motivo no funciona y así ahora hace 2 dias no funciona,negativo,com.twitter.android,,,0
588bb05f-cfa9-48e6-9abb-5bfaf216c308,Miguel Avila,2025-10-21,5,"Todo muy bien con la app! mejor que otras de su tipo, y tiene muchas más ventajas!",positivo,com.twitter.android,,,0
1b5b1f11-acd6-430d-bb46-d5a9cc4fe8ef,brayan antoni gemio cuadros,2025-10-21,5,megusta,positivo,com.twitter.android,,,0
9ad8dafa-e610-4422-80e1-13a8e333c084,Andrés Hernández,2025-10-21,5,"Muy buena aplicación, realmente te entretiene, es fácil de usar, es una lastima que no tenga tanta popularidad como otras.",positivo,com.twitter.android,,,0
69928436-1863-4ed2-bc63-93af3b9e9c3e,Jose Carlos Lea Torres,2025-10-21,5,Chevre,positivo,com.twitter.android,,,0
7336b739-def0-4b00-b866-62f09d89c013,Cinty Perez,2025-10-21,5,me entretiene,positivo,com.twitter.android,,,0
ce853fb0-a42f-4f2d-abb1-789d3202737c,Pocholito,2025-10-21,5,es una excelente herramienta,positivo,com.twitter.android,,,0
70ca822b-3edc-4067-8d64-79cbdd6b0907,Angel Amado Ramos García,2025-10-21,1,horrible ya van dos cuentas que me bloquean y siquiera veo cosas oh posteo cosas malas literal las bloquean porque si,negativo,com.twitter.android,,,0
5148777a-b38e-4f74-92a6-9d0056c8c623,Leandro Orellana,2025-10-21,5,muy buena,positivo,com.twitter.android,,,0
e93e9bfd-b281-4a7e-90c5-2e82f8fdef69,Paola,2025-10-21,4,me gustaría que no se pierdan los guardados cuando re-instalas la app,positivo,com.twitter.android,,,0
2847cf11-b680-449a-bd02-e91beb9e9dbc,Sloan Javier Corozo,2025-10-21,4,buena,positivo,com.twitter.android,,,0
43faae5e-69fb-4c00-84c4-c699ceaa7a55,Gustavo Sánchez,2025-10-21,5,solo por las noticias del Minecraft 👀,positivo,com.twitter.android,,,0
7aadfd88-13dd-4e38-b4a8-d9465e414637,Guicho Flores,2025-10-21,5,Demasiado increíble la app desde para el chismesito,positivo,com.twitter.android,,,0
314a3c2f-345b-4774-8bf3-bf9526b3c9c2,Gloria Gonza,2025-10-21,5,buena app,positivo,com.twitter.android,,,0
eb333081-4138-4e06-a240-91e066f3025c,丂丨匚ҜҜㄩ几ㄒ,2025-10-21,4,"estaría bueno que arreglen el bug de la actualización de los post, cuando uno entra aparecen pero luego se actualizan desapareciendo los post que de primero viste. deberían de aparecer sin más, nada de refrescar la página, eso no tendría que ser automático si no manual.",positivo,com.twitter.android,,,0
7ff6abaa-e84c-4053-b90b-4592ea738232,Luismanuel Barraganlaisequilla,2025-10-21,5,buena aplicación,positivo,com.twitter.android,,,0
1a1ba640-2d87-4531-a5c3-16421cf4d5fe,Walter Hernández,2025-10-21,5,está padrísima,positivo,com.twitter.android,,,0
9e3e3e9d-87b6-4a3a-85a4-f1c067f06869,Milagros Abdón,2025-10-21,1,"Me pide poner mí nombre de usuario para ""verificar"" que soy yo pero no lo recuerdo a pesar de que si sé mí contraseña no me deja entrar a mí cuenta ¿para qué la contraseña si igual me va a pedir algo que cualquiera puede ver? claro menos yo porque no puedo entrar a X ajjaj..",negativo,com.twitter.android,,,0
67a070eb-30da-46af-be4f-2f62a2d992fb,Sergio,2025-10-21,5,siempre me ha gustado!!! aunque últimamente tratan de censurar... Twitter no es así!!! debe ser totalmente abierto a las formas de expresión...,positivo,com.twitter.android,,,0
e9b977a7-c525-4987-8201-ad5804306b22,Maddy Murat,2025-10-21,5,"vivan los tweets , Grok mi mejor amigo, nadie me entiende mejor",positivo,com.twitter.android,,,0
a8e133a0-983b-472d-a31b-65ab4932721b,Robinson Bazurto,2025-10-21,5,muy buena,positivo,com.twitter.android,,,0
9ce805cb-5ec1-4252-a4c1-2138e9bb4a8b,edgar zapata,2025-10-21,5,"Muy buena, excelente aplicación",positivo,com.twitter.android,,,0
37976a09-6967-4a16-876f-6cc200f80918,Eugenio Márquez díaz,2025-10-20,5,execelente aplicación,positivo,com.twitter.android,,,0
3d58e584-876a-4ee5-bf8b-a3f449f5dbf0,Carlos Enrique Sotelo,2025-10-20,5,muy bueno,positivo,com.twitter.android,,,0
bb188672-5baa-492a-a93b-6d23af6855ce,César Chirinos,2025-10-20,5,no puedo recuperar mi acceso,positivo,com.twitter.android,,,0
b8be50fe-de74-4df5-931e-caea09e294c2,Dolores Castañeda,2025-10-20,5,muy buena,positivo,com.twitter.android,,,0
9d8ab0d3-6f21-4742-b83e-178fbf5bf5a2,Bastian Cifuentes,2025-10-20,5,muy buena,positivo,com.twitter.android,,,0
954005b4-d914-461d-8132-c42131e6caad,Victor jesus De la Cruz lopez,2025-10-20,5,bien,positivo,com.twitter.android,,,0
3f574c60-ccae-4a40-bf5e-9c977849f8d4,Un RandomXD,2025-10-20,3,no me deja cambiar mi nombre de usuario,neutro,com.twitter.android,,,0
44c0cbfd-ff3d-4b58-863d-3f63fb255cf4,mark N,2025-10-20,1,Antes era excelente y ahora no para de tener errores,negativo,com.twitter.android,,,0
6d92a5a4-0f94-4525-83f5-05e3d984c8b9,Maira Cautivo,2025-10-20,5,porque si,positivo,com.twitter.android,,,0
caef0726-e2ce-4053-9618-619e5d7bcae8,Cesia Keren,2025-10-20,5,Excelente,positivo,com.twitter.android,,,0
8941cd81-2f1d-4b5b-b9fc-ec869b6f02e9,Eliseo Acosta dela cruz,2025-10-20,5,buenas redes,positivo,com.twitter.android,,,0
7e6abd12-d84b-4d5c-b154-b6876311e4d4,Hernando Galvez,2025-10-20,5,muy buena...,positivo,com.twitter.android,,,0
bc3984a2-720b-4c7b-822f-844a8b037831,Herson Sanchez,2025-10-20,4,Buena,positivo,com.twitter.android,,,0
21bcfdda-95c4-4f24-9993-73261520ccd2,Sergio Riascos,2025-10-20,4,Cuando eliminen el nopor será 10/10.,positivo,com.twitter.android,,,0
bfc1e30e-b22b-4580-b60c-e7bc810eaf41,Dionel Enrique Baez,2025-10-20,5,muy buena,positivo,com.twitter.android,,,0
6db89621-2475-43f4-bbae-6e3c0118eced,Milton Wilfredo Herrera Miguel,2025-10-20,5,DIOS ES BUENO SOLO TE PIDO PERDÓN DEME SABIDURÍA Y SALUD,positivo,com.twitter.android,,,0
adab1b7e-9e27-4df7-b29d-f36b281fb3ef,Juan marcelo Corela,2025-10-20,5,re bueno,positivo,com.twitter.android,,,0
fb4d4410-5c1f-4257-b762-3184404882a7,Javier Amaro,2025-10-20,2,no puedo entrar no me deja,negativo,com.twitter.android,,,0
0a1feece-94a3-4b27-9fc8-c05b47180ed3,Junior Rondinel Bustamante,2025-10-20,3,Cada vez que lo instaló en un nuevo celular me bloquea la cuenta y tengo que hacer todo un proceso para recuperar,neutro,com.twitter.android,,,0
ed074121-5524-4e20-a4b8-b19bb8a6bc9c,Jhoan sebastian Garcia farfan,2025-10-20,1,no me dejar ingresar,negativo,com.twitter.android,,,0
b8e946ee-992c-4162-9b6b-f50ca4dad445,Roman Gutierrez Coro,2025-10-20,5,muy buena,positivo,com.twitter.android,,,0
053d8d95-480e-4f21-8ee2-cf4b732b2e16,Augusto Fabian Bedolla Santiago,2025-10-20,2,"Tengo Problemas, Siempre Que Descargo la Aplicación,Mi Antivirus Me Indica qué tiene un Troyano y me obliga a desinstalar la aplicación Que Hago ?",negativo,com.twitter.android,,,0
99c4623a-4ef9-451b-9217-f4c512740db5,Dano Onofre,2025-10-20,5,chido,positivo,com.twitter.android,,,0
a8fd49c8-9c90-4a41-861a-410ed7ab3867,Miguel Angel,2025-10-20,5,Excelente,positivo,com.twitter.android,,,0
445e8005-d1df-432e-b7fb-c2e40c303ee1,WILLIAM SANISACA GURUMENDI,2025-10-20,3,Buena aplicación,neutro,com.twitter.android,,,0
8a12f559-e07d-468b-be00-3f2cadd677c7,Reinigen Gt.,2025-10-20,4,exelente,positivo,com.twitter.android,,,0
86a87c09-a58e-4631-8906-5119e953046c,Yisus Guevara,2025-10-20,4,Está muy bueno sin embargo hay un fallo que no deja entrar a la galería no se si ya está arreglado,positivo,com.twitter.android,,,0
6df3869c-ad92-4063-b663-b332cc6089d5,miguelillo_proo,2025-10-20,5,cardiograna aporta alegría a X,positivo,com.twitter.android,,,0
dd586d80-fd44-4df0-89d2-7b8fccd55804,David Llorente Perez,2025-10-20,5,Aplicación estupenda,positivo,com.twitter.android,,,0
a146be2e-7000-4de5-a6f9-808fbba665d1,Jorge Fabá Ferrández,2025-10-20,1,No es compatible con Chromecast para ver los directos,negativo,com.twitter.android,,,7
ea810a15-b106-4a39-bb52-ff359c7154f2,Gloria Velasquez loaiza,2025-10-20,5,muy buena,positivo,com.twitter.android,,,0
ec39aaca-103b-4c2d-87b0-d4f084bd0e4b,Leonardo Valdivia,2025-10-20,1,"Modificaron el algoritmo para que no te salgan publicaciones de gente que sigues, solo me aparecen perfiles que jamas habia visto, se la pasan adulando al gobierno de mi pais y es detestable leer las pndejadas que escriben, no se en que momento pensaron que seria buena idea mostrarnos cosas que NO queremos ver, estaba bien el algoritmo cuando te enseñaba lo que te gustaba, ahorita solo busca que te pelees con la gente.",negativo,com.twitter.android,,,0
1f77883c-1509-4716-81b5-6840de45b56b,Donovan Roberto Fernández López,2025-10-20,5,Muy buena ap,positivo,com.twitter.android,,,0
86cadc88-fd77-416a-9450-8ce14aaccf12,Luis Asencio,2025-10-20,5,muy buena,positivo,com.twitter.android,,,0
432166d5-45be-4056-8625-ea70b9935025,Kevinfalso Noesesta,2025-10-20,5,excelente buen contenido,positivo,com.twitter.android,,,0
342a8784-6fbe-4637-8002-0e8904e25469,Yuviko Guerra,2025-10-20,1,"no me deja registrarme, porque no me permite registrarme",negativo,com.twitter.android,,,0
c3b7f378-6949-4981-802c-f674c7279c24,Eugenia Alegría Godoy,2025-10-20,1,"acabo de hacerme una cuenta. no me dejó escribir el nombre de usuario que escogí y no deja cambiarlo. tampoco me deja cambiar la contraseña. aparecen los botones de ""listo"" pero no deja apretarlos... en una cuenta recién creada...",negativo,com.twitter.android,,,0
3ab6bb0f-5490-4af0-b331-1538f427759d,Rubén Jiménez Cruz,2025-10-20,1,está aplicación es muy mala,negativo,com.twitter.android,,,0
bafd7b69-de5f-472b-bd22-27ec2f857355,Fernando daniel,2025-10-20,5,execelente,positivo,com.twitter.android,,,0
ecddf106-8413-4f89-b7b9-6b1be4b479dc,Jober Morrillo,2025-10-20,5,Me encanta,positivo,com.twitter.android,,,0
5107b2a9-d654-4d98-9736-9792f8686be6,Alvaro Delgado,2025-10-20,5,muy clara toda información,positivo,com.twitter.android,,,0
8aeb67c2-0cd5-42e8-8405-802b9465fbb5,Cecilio Patiño,2025-10-20,1,negativo. no logré instalar. siempre dice que intente más tarde porque hay un error y no dice en donde o porque,negativo,com.twitter.android,,,0
ff5c0e0b-f8eb-412f-a324-47615e92dba8,alvaro morales,2025-10-20,2,No carga nada,negativo,com.twitter.android,,,0
0cec5483-5d10-48f2-afb8-ffeb29ca8fb0,Hernan Jahir Castillo Montes,2025-10-20,1,"ME ACTIVARON EL PREMIUM CON ANUNCIOS, Y LUEGO ME HACKEARON MI CUENTA.",negativo,com.twitter.android,,,0
64bb1a83-1529-4f91-a908-580ec3714433,ps4 ps4,2025-10-20,1,"desde hace unos días que no se puede ingresar sale el cartel de a superado el límite de intentos ,intente más tarde. ya pasaron varios días y sigue en lo mismo",negativo,com.twitter.android,,,0
3442eadd-d402-4012-809c-8863a6835088,Jesus del Carmen Gallegos lopez,2025-10-20,5,Bien,positivo,com.twitter.android,,,0
e1c64b02-d4ee-4667-a8c1-33ac4b896013,Tortugo Loaiza,2025-10-20,5,bueno,positivo,com.twitter.android,,,0
afff7229-c44b-46e7-9dc3-b5b46f347eb4,klever gonzaga gomez,2025-10-20,5,genial,positivo,com.twitter.android,,,0
ea5712c2-918f-4b70-a326-7968b85dc643,Cristian Oficial,2025-10-20,4,"Uso mucho Twitter y me gusta mucho la app. Teneis que mejorar que cuando se publique un tweet salgan las visualizaciones, porque hay veces que no salen y se buguea. Deberíais de volver a poner la app como estaba con el nombre Twitter que es su esencia y con el color azul.",positivo,com.twitter.android,,,0
4a5adf7b-22f2-444c-8b5b-f44f4a7696aa,Jorge Silvers,2025-10-20,5,Excelente aplicación,positivo,com.twitter.android,,,0
16b76271-e84b-4119-8a6d-83bed7c80012,Rigoberto Ayala,2025-10-20,5,muy buena,positivo,com.twitter.android,,,0
3a8365f8-c215-496e-9bb6-5562bea677aa,Kristian Carruyo,2025-10-20,5,Elonk musk tqm,positivo,com.twitter.android,,,0
eeba1961-176d-417d-ac5a-808eb2b40a40,Danilo Estebes,2025-10-20,5,Me encanta. Solo falta que se pueda editar de manera gratuita como en otras APP.,positivo,com.twitter.android,,,5
bec8fbee-6159-48ec-9d52-e54470f6854a,angela Henriquez,2025-10-20,5,Excelente,positivo,com.twitter.android,,,0
b06637b3-b749-403c-8bd3-9a05d497ea53,Diego Ochavano,2025-10-20,5,Excelente app me mantiene informado y puedo opinar sobre muchos temas.,positivo,com.twitter.android,,,0
2e1306a0-5bd8-4e85-a057-8fee0e042efa,gustavo horacio crescente,2025-10-20,5,Muy buena app.,positivo,com.twitter.android,,,4
7df09103-69b2-42e9-89a1-7c3dbcc62a15,Camilo Granja,2025-10-20,5,Excelente gracias por la información de los resultados de la búsqueda Los temas son los correctos y precisos,positivo,com.twitter.android,,,0
0b80a564-e623-42a0-9a8c-02bbc9f739f4,Adolfo M Estevez Jimenez,2025-10-20,5,"Great!! Thanks, Elon and team!",positivo,com.twitter.android,,,0
b261ce3b-8b43-4611-89a2-f8ea58d51a80,Cintya Q.,2025-10-20,5,excelente,positivo,com.twitter.android,,,0
ee296063-1036-476b-b62f-1dae43fe13fd,Jessyka Andrea polindara osorio,2025-10-20,5,super,positivo,com.twitter.android,,,0
d712d906-81d7-4ae2-a026-5e5c57efa445,Alfonso Martin,2025-10-20,5,"información, diversión",positivo,com.twitter.android,,,0
ae7ef11c-f5ad-4535-be71-4499d21e0d1d,Ruth marlene Benítez Ramírez,2025-10-20,5,buena app informativa,positivo,com.twitter.android,,,0
cbe010f3-31bf-4a57-876f-091b8f56ebc1,Germán Tejena,2025-10-20,5,fascinante cada vez más.,positivo,com.twitter.android,,,0
5427dd56-ff0f-4325-bbb3-3a7b9620bea9,Leonardo j Rodriguez g,2025-10-20,5,genial,positivo,com.twitter.android,,,0
3f22cc57-8048-4c5b-a531-224861cbd123,Daniel Pereira González,2025-10-20,4,Hay actualizaciones que fallan y tenemos que esperar a que salga el parche.,positivo,com.twitter.android,,,0
f8349d21-d98e-4999-88ee-fb1ce3379aca,jose Castro celplas,2025-10-20,4,si consigues buena información y buenos usuarios es una excelente aplicación,positivo,com.twitter.android,,,0
c2f81bfc-04d2-4780-87e1-1f919d126d23,Francisco Ferrusola,2025-10-20,5,muy bueno,positivo,com.twitter.android,,,0
309d1272-100a-4ec9-9bd2-3dcf28cacb9a,Christian Alexander Avila Herrera,2025-10-20,5,está genial pides enterarte en tiempo real de lo que sucede en tu comunidad y en el mundo,positivo,com.twitter.android,,,0
c5bc9829-9676-42e8-a6c3-16283098e6c0,javier irisarri,2025-10-20,5,excelente !!!,positivo,com.twitter.android,,,0
5267b6e9-8883-4c25-a6bf-eaab51e5f021,Alejandro Wolf,2025-10-20,5,increíble,positivo,com.twitter.android,,,0
41ca17a3-9c74-4aa1-b9c1-15dfa4f6fbc1,Carlos Rosero,2025-10-20,5,muy buena,positivo,com.twitter.android,,,0
1e5f4113-0141-47bb-aef9-dcc61f81c46a,Héctor Anglada Jiménez (tricomax),2025-10-20,1,Ahora me he tenido que instalar esta app contaminada de anuncios para poder ver un post que consideran de adultos cuando tengo permitido todo tipo de contenido en las opciones de mi cuenta. Una excusa lamentable para molestar y ser inteusivos.,negativo,com.twitter.android,,,0
049ff0bd-325e-4fcb-a063-c50eef64f6ae,Carlos Hernandez Rodriguez,2025-10-20,5,"Es una aplicación de comunicación excelente, muy ágil, pero muy incierta con nuestro futuro, ya que es. El algoritmo es bastante libre y existe poca censura",positivo,com.twitter.android,,,4
00d06c3c-c9eb-4352-9fe6-6f0abd3ad4c7,marluy carolina escalona roman,2025-10-20,5,rápida y funcional,positivo,com.twitter.android,,,0
a4c6d866-2318-4fa5-9cfb-d1802e8bb227,Jessica Mabel Chambi,2025-10-20,5,me encanta,positivo,com.twitter.android,,,0
588f869e-624c-4934-86ae-40d8c75f0687,Harry Rojas,2025-10-20,5,excelente,positivo,com.twitter.android,,,0
0aae579c-a110-4f0b-87fc-8feed8bab199,Isaac Aguilera,2025-10-20,5,genial,positivo,com.twitter.android,,,0
8c473ba9-1890-4b8b-832d-82a277443203,Rosa Mélida,2025-10-20,5,excelente,positivo,com.twitter.android,,,0
22906439-bbe4-4293-b008-266800a1d55c,Andani Bata,2025-10-20,4,bueno,positivo,com.twitter.android,,,0
6429c649-bbf1-46cb-b5c7-e1223e482a56,Jorge. Zarza,2025-10-20,1,pésimo,negativo,com.twitter.android,,,0
09bcaccf-6372-4fb4-9f5d-4ef4b74cebf3,José Betancourt Cruz,2025-10-20,1,"últimamente me saca de la sesión y no deja autenticar, solo ""algo salió mal"" y no sé soluciona, vaya basura",negativo,com.twitter.android,,,0
07619af6-37f6-4aa3-b02f-3fd0e3a5de1c,Jorge Kondor,2025-10-20,5,La verdad es muy Buena.,positivo,com.twitter.android,,,0
23b29107-f318-4564-93ab-406d8db4558e,Giankarlo Emiliano,2025-10-20,4,me encanta,positivo,com.twitter.android,,,0
81e64577-a055-46fc-9717-8b9749127509,Nadiezda Fino,2025-10-20,5,Excelente app,positivo,com.twitter.android,,,3
6c4a1094-1835-4c7f-ad65-ebc2b04ec66f,Luis Yedra,2025-10-20,5,Genial.,positivo,com.twitter.android,,,0
bd79ef41-6bc7-487a-8498-301b802e8dd9,Jorge,2025-10-20,5,"Muy buena app, me informo con ella de todas las noticias.",positivo,com.twitter.android,,,0
55bc6f58-e7f6-4d65-b18c-7d21ce0f1004,Ricardo Flórez,2025-10-20,4,"Espacio de difusión y de información ideal, desde que la tomo Elon Musk El Mundo mejoró bastante",positivo,com.twitter.android,,,0
b8e438b7-14e6-4f27-a35d-01b3ed675a5a,Juancarlos Peralta,2025-10-20,5,es genial,positivo,com.twitter.android,,,0
3f54bdc9-e496-4cc3-8bd5-0a974080761a,De Uh,2025-10-20,5,Excelente app,positivo,com.twitter.android,,,0
c98819a4-b7f4-4840-bd01-ceda295ea3b7,Ramon,2025-10-20,5,Muy buenos,positivo,com.twitter.android,,,0
c586f6c2-396e-4606-902e-3719f578023a,Victoria Pardo Menéndez,2025-10-20,1,ahora en una de mis dos cuentas ya no puedo seguir a nadie no sé porque incomprensible e injusto baremo. Muy mal,negativo,com.twitter.android,,,0
e7a4fff8-b851-40cc-b053-92d50dd38675,Lorenzo Corral,2025-10-20,5,libertad de expresión,positivo,com.twitter.android,,,0
96607d14-e626-4eef-bf42-c3c1f62fe73e,Gilbert Salinas,2025-10-19,5,Muy buena experiencia en x,positivo,com.twitter.android,,,0
318b66b8-dfbd-4e6a-a41e-96bf6c9b57fa,Raul Gil,2025-10-19,5,excelente,positivo,com.twitter.android,,,0
542a693a-48c8-4808-b11a-c257c7c1d270,andresinio asha,2025-10-19,4,"Necesitamos reacciones como tiene la competencia, en lugar del Llano me gusta se podrían usar emojis. se podrían agregar (re) tweets temporales. También necesitamos una función para buscar y organizar nuestros propios tweets. Integrar redacción y/o corrección ortográfica con Grok vista de tarjetas como Onenote y Feedly",positivo,com.twitter.android,,,0
f1375bef-2583-4f80-859b-18a9e447e72e,Rosa María Puentes,2025-10-19,5,Es una aplicación fantástica!!,positivo,com.twitter.android,,,0
acf56933-a35e-41e1-ab1c-d885861608c0,Omar Lozana,2025-10-19,5,muy buena,positivo,com.twitter.android,,,0
16206ff9-07be-44a9-8126-31f6e8bd5733,Bernardino Cruz,2025-10-19,4,buena,positivo,com.twitter.android,,,0
c99c27ba-4d26-478b-986a-fc5498842dac,Ruben Marchin,2025-10-19,5,"Es excelente, en X se respira privacidad y libertad.",positivo,com.twitter.android,,,0
63f100d4-4167-49c9-95da-58e557ac2e82,jose gregorio acosta tamara,2025-10-19,5,excelente que sea libre y me se hayan puesto censurados como tumblr,positivo,com.twitter.android,,,0
4dc69f7e-9c80-4d60-998a-e469c2796fc4,Miqueas Giglio,2025-10-19,5,La mejor app. Sería perfecta si tuviera una opción descentralizada.,positivo,com.twitter.android,,,0
1fdc88c6-d65f-468a-a668-aa870d1b14be,Luz Amanda Ramírez O,2025-10-19,5,Excelente. Muchas gracias por tanto.,positivo,com.twitter.android,,,0
3266d385-4d2a-4f95-9bbc-7c9aff8aed33,Hector Hernandez,2025-10-19,5,sensacional gracias,positivo,com.twitter.android,,,0
2a9a1a37-4eae-4d6a-b071-10e24d321610,SAMUEL LASA music,2025-10-19,5,Es muy entretenido pero me gustaría que se pudiera guardar los videos que nos gustan en listas para poder ubicarlos,positivo,com.twitter.android,,,0
6e4717d9-5b7f-40af-900e-2b4e87430e2b,jeremy bello rojas,2025-10-19,2,ok,negativo,com.twitter.android,,,0
c89f6a17-bf88-4273-b267-a8706b635134,ANDRES ZAMORA,2025-10-19,4,Los contenidos que están en la aplicación son muy fluidos cada actualización es interesante me encanta lo ideal que no se pierda la conexión entre la aplicación y el usuario algo muy importante que sea muy segura,positivo,com.twitter.android,,,0
e929b1bb-ecd4-43ba-a186-ca3e993ed612,Eduardo Villarreal,2025-10-19,4,excelente splicacion,positivo,com.twitter.android,,,0
5a777cd8-ad54-41d2-8894-2f526675b253,Carlos Flores,2025-10-19,5,ma gusta,positivo,com.twitter.android,,,0
1b763417-c29b-4116-a089-208eee52a525,Ricardo Reynaga,2025-10-19,5,la mejor AI,positivo,com.twitter.android,,,0
69341d3a-dbfa-410f-a239-78f2171acd13,Edwin Portillo flores,2025-10-19,5,la tablet no es mia,positivo,com.twitter.android,,,0
62199a81-8b25-42fc-82dd-2c2225035dfa,Maria Irma Semelin,2025-10-19,5,me gusta por lo variado,positivo,com.twitter.android,,,0
58eed156-05d0-4c21-82ca-73b1feb7f5c2,juan,2025-10-19,1,"sería mejor si se apuraran con el tema de las medidas del reporte de cuentas, siempre tardan en suspenderlas.",negativo,com.twitter.android,,,0
2a369afc-a15b-420b-9a79-7b4500f3512b,angel mack,2025-10-19,5,excelente,positivo,com.twitter.android,,,0
79c08c76-646c-4b2b-b4a3-3bc70fa954f0,Hugo ivan Acosta,2025-10-19,5,increíble,positivo,com.twitter.android,,,0
bf7b6123-64b4-4593-adf3-c4b76caf9d18,Rayan Rivas Azzimi,2025-10-19,1,"no tiene una version para tabletas, en tablet es solo la app super estirada y ya...",negativo,com.twitter.android,,,0
6ef84779-e28e-459b-9697-66f972b95ceb,Umaru- Chan,2025-10-19,4,"La aplicación es buena, pero recientemente presenta varios Bugs con las actualizaciones",positivo,com.twitter.android,,,0
00df237a-069f-415b-a145-b7bb6cad0326,Manuelr Sandoval3,2025-10-19,5,buena,positivo,com.twitter.android,,,0
45c20242-9de7-4846-8e16-8e7404b1d330,Juan Esteban Gaviria Cardona,2025-10-19,5,maravilloso,positivo,com.twitter.android,,,0
b2c322ac-947b-4ea1-8be9-47ec72f3f84d,Andres Bap,2025-10-19,5,La mejor app! Cuando sale vine?,positivo,com.twitter.android,,,0
03dc3c0c-eb26-4380-8ebf-7ee8719eb6be,Miguel Romero,2025-10-19,4,muy buena aplicación.,positivo,com.twitter.android,,,0
a6949acc-911c-4a04-b663-9f01af7fe59c,Carlos Medina Bejarano,2025-10-19,5,Muy buena,positivo,com.twitter.android,,,0
1d510667-8b0e-4443-88ba-6bc505eb6bec,Julio cesar Hernandez,2025-10-19,5,Aplicación práctica,positivo,com.twitter.android,,,0
182438d3-39ff-4d8c-b698-0de1bee28ff3,Ismael Ramiro,2025-10-19,5,exelente app,positivo,com.twitter.android,,,0
4ab9614d-228c-4499-ac4d-62adac0e2e8a,Hugo Fernandez,2025-10-19,5,Muy buena red social.,positivo,com.twitter.android,,,0
5558fee0-6b59-402c-bea7-9fa9fa113546,Edilberto Casas,2025-10-19,5,Recibo y emito opiniones,positivo,com.twitter.android,,,0
1a00dfc4-1fba-4746-b303-7d974a912948,Jonathan Zambrana illanes,2025-10-19,5,excelente excelente,positivo,com.twitter.android,,,0
dec5ccf1-c111-4505-bf6b-6b81b7a3b7e7,Maria23matia18 Patrocinia R.M.L,2025-10-19,5,muy bueno,positivo,com.twitter.android,,,0
3654487f-c08d-4f12-aa92-f920beb87df7,jarinto butler,2025-10-19,5,buena,positivo,com.twitter.android,,,0
1653496b-9fcc-4fe3-a52f-903d02dff4b5,Mauro Aguilar,2025-10-19,1,la mayoria de videos tiene publicidad y no deja verlos en apliacion por el anuncio no ay forma de cerarlo como antes,negativo,com.twitter.android,,,0
883a6235-2904-4e3e-b125-16a107c72053,Luis facundo Rivarola,2025-10-19,5,buenas,positivo,com.twitter.android,,,0
8cba4bd1-156c-4651-b537-7574873581b7,NEZAGAMER124,2025-10-19,4,hya,positivo,com.twitter.android,,,0
d0b10b13-0acb-4223-9489-ecd50c1918d5,Luis Armando Poblete Agurto,2025-10-19,5,entretenimiento,positivo,com.twitter.android,,,0
0692c88f-12c1-4b20-ac24-9d71a9b679fb,Juan Carlos Saldaña Vargas,2025-10-19,5,Excelente App,positivo,com.twitter.android,,,0
1a2c2532-956f-4aca-b918-acf6800291f2,Sahara Lions,2025-10-19,3,"cada actualización tu @ de usuario no se actualiza, reparan uno sale otro osea no esta bien y quizá actualizar mi @ zde usuario y no da opcion ""Listo"" ni siquiera indica si esta en uso o no.",neutro,com.twitter.android,,,0
9c9ae4e0-0f34-48de-9a17-00959696cdfb,Fernando Muñoz,2025-10-19,1,"hola, el administrador no me otorga la instalación de la APP, alguien sabe por qué será??",negativo,com.twitter.android,,,0
83a98486-b503-46c7-8da1-3d4d713504c7,Yashiro,2025-10-19,3,meh,neutro,com.twitter.android,,,0
26409109-376a-43cd-9719-408b22ed74bd,Jaison Alberto García Varela,2025-10-19,5,Permite tener conocimiento de las noticias de manera inmediata e interactuar con las personas y empresas. Recomendada 100%,positivo,com.twitter.android,,,0
bee3653e-5006-4fb1-8820-5edd71361f15,luis guerrero,2025-10-19,5,excelente,positivo,com.twitter.android,,,0
4b51d8ea-f4c3-496d-a87f-4146b8e825c3,Manuel Dario Peralta,2025-10-19,5,muy buena esta app,positivo,com.twitter.android,,,0
a753cb72-b63c-4b4d-8cc9-ce7cbf02a0c6,TioPeluza,2025-10-19,1,"intento buscar ayuda para que mi cuenta no esté suspendida ya que me hackearon, pero CIERTA PÁGINA el cual me mandan dice que no existe cuando quise solucionar este problema y se está volviendo MOLESTO",negativo,com.twitter.android,,,0
797b4e2a-e209-4e0f-8dde-99bbe5962aea,tiberio raul suarez,2025-10-19,5,el algoritmo sigue mi ritmo.,positivo,com.twitter.android,,,0
56557cce-d8ad-4eef-93cc-244f36ad08db,carlos Bonilla,2025-10-19,5,exelente app para descargar nuestros dolores inconformidades gracias nos libera siiiii,positivo,com.twitter.android,,,0
f7400e65-c58e-43f4-a17f-1c00bca07d8c,Byanca Salame Perachimba Casco,2025-10-19,5,muy buena en todo,positivo,com.twitter.android,,,0
eb5481b2-ef37-4995-9087-7db56ed23c4f,Francisco Rodriguez,2025-10-19,5,muy buena aplicación funciona bien,positivo,com.twitter.android,,,0
a9aa4810-0a4e-47cb-a936-61ef15d9a8d9,Martinez Joselin,2025-10-19,5,buena,positivo,com.twitter.android,,,0
d748dd7e-dead-4150-8321-37d1f7d18d70,Luis Avila,2025-10-19,5,me serraron la cuenta y la nesesito abierta por favor,positivo,com.twitter.android,,,0
23b0830e-1ec3-4bf3-8db3-02f0433133e0,Karim Burgos,2025-10-19,4,funciona muy bien pero a veces cuando entro a un video se empieza a reproducir al mismo tiempo el video que sigue / y a veces la funcion de traducción no puede traducir nada,positivo,com.twitter.android,,,0
c458b6e6-45fa-493b-99a0-3ae70876cf3f,Gabriela Gorkin Klincovich,2025-10-19,2,No me gusta el nombre X.,negativo,com.twitter.android,,,1
90d5356a-6d9b-46da-b7ec-9be22e95c4ea,Marlon Juarez,2025-10-19,4,El botón para actualizar las noticias más recientes aparece por muy pocos segundos.,positivo,com.twitter.android,,,0
176fc9be-22d4-4e09-b173-37a57a9336f6,Jefe Dpto Especial,2025-10-19,5,"La cuenta en X, tiene un excelente contenido y muestra las diversas actividades que hacemos los revolucionarios.",positivo,com.twitter.android,,,0
0926fefc-a49e-4efd-8eb7-058b46c6a050,Marcelo Trujillo,2025-10-19,4,la experiencia de compartir o conocer muchas experiencias y opiniones.,positivo,com.twitter.android,,,0
65344414-3896-4f7d-9f3e-307032ba2a06,Antonio Dalta,2025-10-19,4,excelente app algunas cosas por mejorar pero bien,positivo,com.twitter.android,,,0
fa3b13b7-3408-4e92-949b-b9f1360f8de9,Ro Pranzoni MK,2025-10-19,5,La mejor y más completa app de opinión pública.,positivo,com.twitter.android,,,0
cd7310e9-0a83-4ac6-b905-e852d1a3291a,Jay Marin Aching,2025-10-19,5,buena app recomendada 10 de 10,positivo,com.twitter.android,,,0
b553b3d3-bab2-47cb-bd4a-b45f5b307e56,Derlis Isaac Méndez,2025-10-19,5,la mejor red social,positivo,com.twitter.android,,,0
b2f135f0-0837-4c65-8905-9a41778438f1,Papin Miranda,2025-10-19,5,excelente,positivo,com.twitter.android,,,0
9e6278ac-fc38-4249-a6b1-6e157cb9220a,Dante Albarracín,2025-10-19,1,Horrible! Te mandan un mail avisando que entraron en tu cuenta desde otro dispositivo. Claramente es un hackeo y la solución de la plataforma es bloquear la cuenta por supuesta violación de las reglas. Pedis ayuda y revisión pero en lugar de ayudar te sancionan. Es vergonzoso el tratamiento del tratamiento del centro de ayuda.,negativo,com.twitter.android,,,0
f110589b-7fc6-4981-8b50-2956b9c588b9,Leonardo Osorio,2025-10-19,5,excelente,positivo,com.twitter.android,,,0
1670e0ae-a211-4edc-b922-5d6948633a23,Eryk LOCOMOTION,2025-10-19,5,excelente,positivo,com.twitter.android,,,0
94f5bac3-1872-4e2a-a34d-5faa311d9414,Ian Jass,2025-10-19,5,excelente,positivo,com.twitter.android,,,0
698450df-197a-4872-b35e-adefc311794a,Edgar Alberto Sánchez Motta,2025-10-19,5,ok,positivo,com.twitter.android,,,0
022dfb6b-766d-4f4b-8394-233c2beb026a,Jenni Feliz,2025-10-19,5,Hasta ahora buena,positivo,com.twitter.android,,,0
ea1828d6-acf8-4406-949f-ebaa42e07ee1,Jahir Morales,2025-10-19,5,buena,positivo,com.twitter.android,,,0
cb3837b6-59aa-4171-b942-daa6b89addbc,Mariana García,2025-10-19,1,"no me deja cambiar de usuario, y eso que es nombre inexistente",negativo,com.twitter.android,,,0
cbd526c4-82c9-4f39-a617-4b6032c99f98,ISA CARDENAS,2025-10-18,1,no sirve,negativo,com.twitter.android,,,0
e8696bdd-4dcc-45f3-ab96-da34f3d7f188,Orlando Bustillo,2025-10-18,1,no me deja,negativo,com.twitter.android,,,0
f936402a-2c0d-4d5f-a846-8daf098256f4,Dylan Resendiz,2025-10-18,1,"le pusieron como anuncios varios videos y no los puedo ver porque me manda directo a páginas de Google y es muy molesto, deberían de haberlo dejado como antes horita ya no puedo ver nada porque todo me manda para Google",negativo,com.twitter.android,,,0
3c204d3e-e1f7-4243-a0a5-30d122cd2c1c,Analia,2025-10-18,1,"no me deja subir fotos, esta bugeadoo",negativo,com.twitter.android,,,0
61bf61bb-f29d-4d81-8a85-931525b5498b,Guillermo Sanchez,2025-10-18,1,"Aparece mensaje constante ""error de reproducción en videos"". Hay que reiniciar la app para que se pueda reproducir.",negativo,com.twitter.android,,,1
16d27b7c-900f-4053-a02c-f9bf3dc609e5,Jose Bedoya,2025-10-18,2,no se que pasa era muy buena y de un tiempo para aca no me salen los nuevos mensajes salen los mas viejos porque será,negativo,com.twitter.android,,,0
b1022a40-891a-4596-bb6d-9f6218e19335,Sol,2025-10-18,3,"Me gusta la app pero me aparece una notificación ""error"" cuando inteno postear",neutro,com.twitter.android,,,0
d6d5b761-4b5a-41f0-aa46-5a24023176d5,Flora Fuentes,2025-10-18,1,Mal fatal no me dice que tengo la cuenta suspendida y no sé porque hace tiempo.,negativo,com.twitter.android,,,0
cb779cb4-032b-40e3-8265-334377ffb680,Julia Balbastro,2025-10-18,1,"Desde hace más o menos una semana estoy teniendo un problema, ya que cuando intento subir fotos no me deja ni ingresar a la galería, y si las comparto desde ahí mismo, la app me dice que ""no tiene los permisos"" para realizar esta acción. Me fijé más de una vez y tiene todo lo necesario, la desinstalé e instalé de nuevo y sigue igual. No tengo idea de cómo solucionarlo, y sé de una amiga que está en la misma situación que yo.",negativo,com.twitter.android,,,25
d00f3982-6021-4aae-98c7-ed43597e56b7,AleGuis Ponce,2025-10-18,1,"no entiendo por que mi cuenta ha sido suspendida si yo no he echo nada malo, no he suplantando a nadie y solo quería usarlo para dar like y seguir las páginas que yo quería. y a este punto creo que nunca me la devolveran",negativo,com.twitter.android,,,0
2f417a4d-4dc4-4e43-a4ba-7d78269fa6a1,Fidel Garcia,2025-10-18,1,no acepta mi correo de Gmail.,negativo,com.twitter.android,,,0
e629e521-2004-4294-8fc2-55619f078bf7,Jane Wallcott,2025-10-18,3,"No se si es mi celular o esta versión de X pero muchos vídeos me los marca con error de reproducción, aunque en otras apps no me pasa eso.",neutro,com.twitter.android,,,1
8b574f7f-55ba-4ade-96ef-6d4cac41d75d,Juan Carlos Cucul,2025-10-18,1,no funciona la app,negativo,com.twitter.android,,,0
f5a7fdac-4298-47da-8d44-d5a0983cae40,Miguel Martinez Martinez,2025-10-18,1,un auténtico desastre de aplicación y te cierran las cuentas sin darte opción de reclamar,negativo,com.twitter.android,,,0
a24f4d5d-0e99-48ef-bf6f-6749310bd6e4,ANTO J,2025-10-18,1,"¿Alguien sabe por qué no puedo enviar vídeos (se quedan cargando indefinidamente), o solo me está pasando a mí?",negativo,com.twitter.android,,,0
cf090f20-9a77-4a81-ab77-c54eb01a1d36,Gastón Grebliunas,2025-10-18,3,"Fuera de las limitaciones por no registrar número de teléfono, todo bien.",neutro,com.twitter.android,,,1
4e8eab52-0792-46e7-af48-50139fd92e64,Fabian Andres Ávila López,2025-10-18,1,pésima app,negativo,com.twitter.android,,,0
ffb33c30-30f8-4a6c-a652-99341b1afb04,Gin Kitsune,2025-10-18,1,me saca de mi sesión y no me deja iniciar sesión hasta borrar todos los datos,negativo,com.twitter.android,,,0
d6dc9240-69f5-4563-a388-462fdb19aee0,Alberto López,2025-10-18,1,Por que ahora tengo que ir hasta google para ver el contenido,negativo,com.twitter.android,,,0
1611531a-9b20-4204-8253-c9a8b7db84f2,elida ojeda,2025-10-18,1,aburrida y horrible,negativo,com.twitter.android,,,0
3072ca41-64aa-4e94-91e9-61923053235b,manu,2025-10-18,1,"Pésima. Horrorosa. Twitter es un campo abierto para el insulto, para el racismo, el sionismo y la rusofilia. Cuando te opones (con respeto) a alguna de estas cosas la plataforma simplemente te banea. Quitándote visibilidad. No existes. Pero la plataforma sigue enviándote notificaciones para que leas las opiniones que le parecen más relevantes, pero sin dejarte participar. Entonces, para que usar Twitter si no dejan expresar tus ideas? Blue Sky, Threads, Mastodon, son mucho mejor en ese aspecto.",negativo,com.twitter.android,,,0
0b1b2d3b-e3bb-486b-8f11-1c21f39c5745,Zuley Escalante,2025-10-18,1,fatal,negativo,com.twitter.android,,,0
8c32108d-e70a-4d30-ad8c-9efadb83ebe5,jose Manzanero,2025-10-18,1,horrible,negativo,com.twitter.android,,,0
4244f0f0-f6b0-431d-8675-d58c52ad6994,Soyelciempies777,2025-10-17,3,tiene unos que otros problemas pero lo demás todo bien,neutro,com.twitter.android,,,0
a01a5c4c-60a6-4f65-8316-db66aba78b89,R. Pipebender,2025-10-17,2,"Demasiada publicidad. Estaba mejor antes de Musk, solo había que quitar bots y wokes",negativo,com.twitter.android,,,0
55085b64-d554-487f-8371-140747adac50,Un usuario de Google,2025-10-17,1,"tenías libre expresión y ahora ya no, ya es una plataforma que no puedes expresarte con nadie.",negativo,com.twitter.android,,,1
a112a1ef-d4b2-4ee2-9e14-587a9b613439,Eliseo Hernandez,2025-10-17,2,ahora es puro pagar,negativo,com.twitter.android,,,0
d2154b51-a273-4a29-b27c-5f382cbafdee,Ne Me,2025-10-17,1,Use aplicación una vez. Volví a Desinstalar. Volvía instalar u volví a desactivar. Hay un problema. Demasiada censura totalmente innecesaria si opina diferente en x y no piensa como los restos tratan como una oveja negra. Y no es por asuntos de grosería sino una opinión diferente. Además se ha politizado demasiado esa aplicación. Me bombardear noticias noticias y política. Sinceramente no me gusta esas cosa,negativo,com.twitter.android,,,1
af07f3f2-ee37-44bc-bf92-c2ae6a1d441f,Juan Carlos Fantino,2025-10-17,1,me pueden decir cómo recupero mi usuario y mi contraseña...? cómo me comunicó con un soporte técnico...?,negativo,com.twitter.android,,,0
ba61de51-4dd9-4368-a251-aa6dde186f52,Marie Frikkie1617 (LalaFrikkieLulu1617),2025-10-17,1,"Ultimamente tengo un error que es un fastidio. No me deja responder con fotos, ya que ""no tengo los permisos"". Ayer podia, hoy no. Le daria 0 estrellas si pudiera. Una lastima ,porque nunca he tenido problemas con la app",negativo,com.twitter.android,,,34
6160905d-bb49-4d11-82bd-96c77683b5a1,Junior Viera,2025-10-17,2,La mejor,negativo,com.twitter.android,,,0
7f6c700e-1b2a-40b8-82ad-4674efa9c029,Mireya Morote,2025-10-17,1,"No me deja ni cambiar la foto de perfil, ni subir fotos ni nada porque dice que tengo que activar los permisos pero yo tengo todos los permisos activados, después de ver eso quise suspender mi cuenta y decía todo el rato que mi contraseña es incorrecta (cosa que no es cierta).",negativo,com.twitter.android,,,34
d331a37a-5a20-480a-88f8-b55df26f6016,Jimena Rojas salas,2025-10-16,1,me a estado dando muchos errores como con la configuración de la galería que no se que hacer con ella. También el fyp intente cambiarlo pero sigo viendo el mismo contenido,negativo,com.twitter.android,,,1
ae89ba84-1b07-4053-9895-321a9c81c286,Francisco Rodriguez,2025-10-16,1,"Me tiene mamado esa cerradura de sesión, y la comprobación de que no es robot, es un fastidio pasa uno más tiempo tratando de entrar que dentro de la app",negativo,com.twitter.android,,,1
9e503b11-e0f7-41b9-b928-727090b83b25,Moon,2025-10-16,1,"Mal, la instalé e intenté ingresar con mi cuenta que ya tenía creada, se carga, se carga, sigue cargando, sigue así desde la tarde, lo volví a probar en la noche. Y no, no tengo el internet malo, de hecho es excelente, el problema es la app, y también probé tocar en crear cuenta nueva para ver si el problema solo era en el inicio de sesión, y también sale con que ""hay un problema vuelve a intentarlo de nuevo"". Horrible.",negativo,com.twitter.android,,,17
efb35537-8b11-41e0-ae01-2bc9448ca142,Manu _.,2025-10-16,3,"todo bien, pero fui a subir una foto y de la nada me sale que tengo permisos desactivados, voy a revisar y no tengo ningún permiso desactivado.",neutro,com.twitter.android,,,1
ae2fc154-3984-4c1f-a010-d50dd1fc0817,Rabia,2025-10-16,1,porque no se puede subir fotos me gustaría que volviera el viejo twitter,negativo,com.twitter.android,,,1
831a0a4b-168c-4d75-af5c-46ba3376a44b,Jose antonio Delgado lopez,2025-10-16,3,exelente,neutro,com.twitter.android,,,0
6f9a952f-7221-40de-8d04-f7d1c964b112,Day Gh,2025-10-16,3,Últimamente va lento y se cierra constantemente,neutro,com.twitter.android,,,0
3e1db184-1c8e-4ddd-9c3c-7e1312901b37,Will Terán V.,2025-10-16,1,"Le gente puede acusar de cualquier delito a las personas, sin importar si haya verdad en ellos. Pero a los moderadores les parece esto de lo más normal y no hacen absolutamente. La libertad de expresión no es lo mismo que libertad de difamación. Pésimo ambiente que han generado en X.",negativo,com.twitter.android,,,0
0afe91ef-f231-43d6-b7a1-7f12a8961e8c,porretik,2025-10-16,1,"te bloquean la cuenta sin explicion de porque, lo recurres y te dicen lo mismo, o sea nada. y luego va diciendo que es libre. lo que no sé dan cuenta que es que los pocos que quedábamos hay o se van o los tiran . está red social está muerta.",negativo,com.twitter.android,,,0
4a246808-90b7-4b44-8c65-a5cec6d01704,Agustin Fernandez,2025-10-16,1,"No me deja crearme una cuenta, no se porque, siempre me manda de nuevo a la pantalla de inicio para crear una cuenta y nunca me deja",negativo,com.twitter.android,,,0
b4f2b014-cb13-44b5-8b18-0b0e7f8590c1,Max Delupi,2025-10-16,1,"Un desastre, jamás tuve la verificación de la cuenta",negativo,com.twitter.android,,,0
64e43226-8d79-4276-92a8-a4a06265f331,GeoverAlfredo Oronoz Ascanio,2025-10-16,2,buenas tardes desde que empezó e mes de octubre no puedo trasmitir ni mucho menos menos subir fotos,negativo,com.twitter.android,,,0
7ee51f8f-e588-4f79-bfc7-397455fd3942,WolfPrime666,2025-10-16,1,"Doy una estrella, su app se ha convertido en un desastre, no sé qué diablos hicieron, pero ya no se puede postear fotos o multimedia desde la app, ponen un mensaje que dice que ""quité los permisos para utilizar multimedia"" cuando ni es cierto!!! ¡¡¡Arreglen ese problema!!! Ya van dos días sin respuesta y creo que va para más o hasta que vuelvan a actualizar. Son un desastre.",negativo,com.twitter.android,,,129
e52bb4af-6e53-45b8-a205-95c90a45b10a,Héctor Andrés Hernández Caballero,2025-10-16,1,"Tengo mi suscripción y mia Tweets no los muestras como relevantes nadie reacciona.... 2 a cada cierta cosa muestra mensaje de error intente más tarde y por último no me deja poner un post de 4 fotos como antes, tengo que estar subiendo una por una como tipo hilo, arreglen eso, es demasiado molesto.",negativo,com.twitter.android,,,7
52d57e2a-39fd-484b-bb3e-8f23a3fc9345,Leonor Valencia Bautista,2025-10-16,1,no sirve la aplicación no deja entra,negativo,com.twitter.android,,,0
63fd9946-9ba9-4abf-ac57-79efee355d01,susu,2025-10-16,1,regresen lo de las fotos nmms,negativo,com.twitter.android,,,0
92dc0ab5-1b51-4f13-819b-d80685022de0,Laura Garcia Diez,2025-10-16,1,"Funciona fatal, se cierra. Me empiezan a salir perfiles que no tienen nada que ver conmigo pero masivos. Al raro está pasando últimamente en esta aplicación. Es como si intentasen dirigirme hacia donde no quiero. Esto ya no funciona.",negativo,com.twitter.android,,,1
aa73ec73-b620-420a-8051-56857b425874,Abraham Andrade,2025-10-16,2,No permite controlar la reproducción. Siempre que intento abrir un video pulsandolo abre una página publicitaria. La experiencia se deterioró al punto de la inutilización. Tampoco me muestra actualizaciones de cuentas a las que sigo.,negativo,com.twitter.android,,,0
0fad009c-74c3-4e6d-9c91-e4808b7d2dc9,Neftaly Ablume,2025-10-16,1,"ahora en el contenido para adultos que viene de links externos no te deja acceder cómo antes, hay videos muy largos y no puedes entrar a adelantarlos porque te manda a links y a sitios de publicidad, muy mal.",negativo,com.twitter.android,,,1
f171e0c0-c41c-40f2-af81-1b534485acaf,Fredy Marcos,2025-10-16,1,basura cree mi cuenta y no me deja entrar intenté muchos métodos y nada que me deja entrar intenté crear otra cuenta y nada,negativo,com.twitter.android,,,0
4ec10c73-b294-40d6-9626-cb99a17dad4c,Nahomi Escobar,2025-10-16,1,me suspendieron mi cuenta de la nada desde hace casi un año y ni pude recuperarla para colmo no puedo borrarla,negativo,com.twitter.android,,,0
7dd7656d-9d7d-44e4-b8dd-aa636f33c217,LeMikan,2025-10-15,1,useless as always.,negativo,com.twitter.android,,,1
e4adb7d0-a349-4404-b50b-c4d15433615a,JOSE VICENTE Villamil,2025-10-15,3,muy lento y poco claro,neutro,com.twitter.android,,,0
b601ebe3-796b-45f8-88a9-e4544507bf6e,Cristian Castro,2025-10-15,1,la peor aplicación,negativo,com.twitter.android,,,0
bf53c8ae-c864-45c9-823b-b63e83172fa0,jose luis mas y rubi,2025-10-15,1,imposible subir contenido por la aplicación,negativo,com.twitter.android,,,13
43b7f6e9-2b2d-49c7-88eb-e2392ed443e9,Génesis Andrea can Lorenzana clave:5 B,2025-10-15,1,"he tenido muchos problemas últimamente con la app, tiene muchos bungs y más, sinceramente es un app muy buena enserio, pero esto le quita muchas estrellas",negativo,com.twitter.android,,,0
f9266feb-1aa1-4b5f-805e-46b7d36c7215,Danny Malave,2025-10-15,2,alguien me dice que ahora todo video que quiero ver me manda a Chrome a esa página de ecuabet....me dicen como sacar esa configuración que yo nunca puse eso por favor,negativo,com.twitter.android,,,0
f7bf26e1-de68-4a7c-8a75-146239fddc95,Agus Rodríguez,2025-10-15,1,"no se que pasa con la app, no me permite publicar imágenes, fotos o videos, me pide que active los permisos pero ya están todos activados",negativo,com.twitter.android,,,1
44193b87-8a5d-4077-8ad3-f868a058ba10,Loam Guibovich-Mendo,2025-10-15,1,tiene un bug que no me deja compartir imágenes desde la app,negativo,com.twitter.android,,,0
ae3f7f31-f502-488d-bf1b-3a7adb59b17c,Rafael Moreno,2025-10-15,1,no me deja publicar vídeos o imágenes por qué me di se que no tengo los permisos que nesesito pero es que la app no me deja modificarla.,negativo,com.twitter.android,,,1
5e428ec7-d695-4f2c-b346-fd86de5075f0,Adrian Sanchez (OdinRazyel),2025-10-15,1,esta aplicacion cada vez va empeorando,negativo,com.twitter.android,,,0
401edfbd-37b5-45a3-adae-98230e4dc746,Rosa olinda Guerrero coloma,2025-10-15,1,no puedo abrir Twitter no se da a ceso a mmmi. . cuenta,negativo,com.twitter.android,,,1
8f5b8d47-cca1-40dd-8538-f2b15ccf2f9d,Lili Ana,2025-10-15,3,"Ayer se actualizo y ahora no permite adjuntar imagenes/videos a los tuits, dice q la app no tiene permiso pero tampoco esta la opcion para habilitar el permiso en el ajuste de la app.",neutro,com.twitter.android,,,1
1311b30f-9957-4595-beb6-994629cf41cd,Veronica Ferdgelis,2025-10-15,2,la actualización del 9/10 elimina la opción de darle permiso de acceso a la carpeta multimedia por lo q no se pueden subir fotos ni videos. sí funciona en la versión web. probé desinstalando y volviendo a instalar y no funcionó. lo solucioné bajando una versión anterior de un repositorio hasta q lo solucionen.,negativo,com.twitter.android,,,1
69157585-e4f1-403e-906b-0b0c0cc6153f,Maikol M. R.,2025-10-15,1,"Estoy teniendo el inconveniente de que no me permite twittear fotos o videos porque no le doy el permiso a la app para acceder a estos, pero cuando intento darle el permiso, no me sale entre las opciones de permisos. Me salen únicamente micrófono, cámara, ubicación, teléfono y contactos; pero no archivos multimedia. Ya reinicié la app, la reinstalé, le borré el caché y reinicié el celular y nada. Ojalá me puedan ayudar, buenas tardes y gracias de antemano.",negativo,com.twitter.android,,,4
86acf3cb-0f29-4618-962a-00f01e573252,David Rama castiñeira,2025-10-15,1,No deja subir fotos.,negativo,com.twitter.android,,,1
ed9c2ea3-9856-4984-949e-4f1ad5c780d8,Dennis Domínguez Jiménez,2025-10-15,1,NO PUEDO ENTRAR A LA APP,negativo,com.twitter.android,,,0
d9254f48-981c-4fd9-b5d9-e53984cd0010,Yenni_ Animation,2025-10-15,2,desde hace días no me deja acceder a mi multimedia ni darle el permiso para esto me resulta molesto que no me permita publicar nada,negativo,com.twitter.android,,,1
1466ca24-17e3-4223-b67f-95dd9463b00f,jose gregorio briceño,2025-10-15,1,Desde hacen días presenta fallas para cargar fotos,negativo,com.twitter.android,,,0
435c4039-3468-4c67-97fd-54491425de62,Fernando Lopez,2025-10-15,1,no puedes modificar nada está bug,negativo,com.twitter.android,,,0
b072eaa1-7ae5-4ebd-8a67-ae936515f1b1,David “Bulldozer”,2025-10-15,1,"Llevo dos días sin poder publicar una imagen desde el teléfono en la red, tengo todos los permisos habilitados pero X me pide que tengo que ir a ajustes y habilitarlos, pésima actualización.",negativo,com.twitter.android,,,1
e916084f-797d-4d26-b2dc-fa885addd71e,Guillermina Pineda,2025-10-15,1,Estoy harta de ver bots y desnudos,negativo,com.twitter.android,,,0
9a3a6fc3-d7f6-4fa9-9700-0a0033fedc61,T.V. Jon,2025-10-15,3,Por favor resuelvan el error que no me permite subir imágenes en mis publicaciones.,neutro,com.twitter.android,,,0
3b952d2c-9e68-4f82-afb7-ce9b2121aee6,Kevin Martinez,2025-10-15,1,"Las imágenes que quiero publicas o comentar no me aparecen y cuando voy a fotos me dice que no le di permiso a la aplicación para esa acción, y cuando voy a configuracion no me aparece nada para que las imágenes aparezcan.",negativo,com.twitter.android,,,0
efbc83b8-582b-4b22-a30e-39591c39140f,Stellarum,2025-10-15,1,no me deja cargar imágenes a pesar de tener todos los permisos.,negativo,com.twitter.android,,,0
55fba2d7-0894-494d-9de1-b5d79c2895f2,k-6 orochi,2025-10-15,3,"hace mucho que vengo usando esta aplicación y de un para otro ya no puedo subir imágenes ni videos desde el celular, reviso los permisos y no me aparece la opción de archivos y contenido multimedia, intenté de todas las formas pero sigue sin aparecer esa opción en los permisos incluso revisando en la lista de aplicaciones tampoco aparece X",neutro,com.twitter.android,,,0
db6f20a4-b60a-4f12-9d62-3eeaff46c744,GEORGE LUKE,2025-10-15,1,no hay como contactar al operador cuando hay bug o malware,negativo,com.twitter.android,,,0
db0ab7d1-b7ac-431f-af93-f5da9d2e6675,Gerardo Hernández,2025-10-15,1,mala a cada rato pide contraseña o actualización o verificación eso es muy molesto,negativo,com.twitter.android,,,1
5bb8db21-089e-46e9-aae4-064194539892,Mariela Cancelliere,2025-10-15,1,ESTA BUGUEADA NO DEJA SUBIR CONTENIDO MULTIMEDIA CADA VEZ ANDA PEOR,negativo,com.twitter.android,,,0
cd9c809f-2502-4891-9b1d-72eec6280b89,juan carlos vera,2025-10-15,2,Últimamente no se puede adjuntar imágenes ni archivos ni nada a un post porque no funciona el icono de ir a galería. De repente dejó de funcionar...,negativo,com.twitter.android,,,0
00932d70-a3d5-41b0-bff6-b6b64427a2fb,Carlos Bermúdez-Albarrán,2025-10-15,2,"No puedo postear fotos, desde hace una semana. YO NUNCA quité ningún permiso y no me da opción para autorizar el uso de fotos. No hay ninguna explicación, ni opción para hacerlo.",negativo,com.twitter.android,,,1
48270fbc-c5b1-4260-ba35-f38b5ccd59f2,PABLO,2025-10-15,3,"no permite la aplicación subir imágenes indica que no tiene los permisos, están activados pero siguen sin permitir subir imágenes",neutro,com.twitter.android,,,0
14b94cd3-e728-4081-998a-61a59a44bba4,Salomón Vargas,2025-10-15,2,"desde hace una semana la app no se actualiza ni carga el contenido (imágenes, videos), probé desinstalar/reinstalar la app y no inicia sesión. si por favor pudieran corregir esto",negativo,com.twitter.android,,,0
53497494-fb2f-4dcb-9fca-5147995c3778,charley,2025-10-15,1,"Esta última actualización no traduce ningún texto solo se dice que esperes o lo hagas en otro momento edit: esta actualización no reconoce o no tiene la opción de permiso de archivo multimedia, básicamente no puedo acceder a mi galería para subir imágenes",negativo,com.twitter.android,,,1
0661c417-d84c-4f74-af07-31fa7bd47e46,Cristian Erazmus,2025-10-15,1,no me deja postear fotos ni darle permiso para acceder al contenido multimedia del cel,negativo,com.twitter.android,,,0
66f5e52c-3a58-4bc9-844c-d90f26a057f6,El tío Makoto,2025-10-15,3,"Ya no puedo subir imágenes o videos, dice que perdí los permisos nultimedia y en configuración; al buscar los accesos no aparece ninguno de archivos o elementos nultimedia así que no puedo usarla.",neutro,com.twitter.android,,,1
26058569-70b1-4534-8fa8-ddd1bda01026,Falow The Hedgehog,2025-10-15,1,"No me deja mandar imagenes, ni darle el permiso para hacerlo, ¿Pueden revisar eso? Después cambio mi reseña, o diganme que es apropósito para saber, igual cambio mi reseña, nomas quiero saber qué pasa, si es un bug o si es aproposito. Ah, además a veces se cierra el chat o la app de la nada, revisen eso también, aunque no molesta mucho, con que revisen lo de antes estoy conforme",negativo,com.twitter.android,,,0
847a0e93-fc1d-40d9-95b3-4b863be545ae,Skadi Alter,2025-10-15,2,Por favor saquen algo de presupuesto de SpaceX y arreglen la app!,negativo,com.twitter.android,,,0
ac517d0c-ef59-4f71-8dea-64ab7a949dbc,Javier Martín,2025-10-15,1,No se pueden adjuntar archivos por desaparecer los permisos de almacenamiento en la última actualización de octubre.,negativo,com.twitter.android,,,1
1f6deb4a-d102-4b0d-ae32-545d5fd5be68,Myriam Molina,2025-10-15,1,"Que pasa con X, que no deja publicar fotos ni tampoco enviarlas por dm???",negativo,com.twitter.android,,,4
ece1ee34-a404-4a41-8e17-2084ea33c100,Guillermo escala García.,2025-10-15,3,alguien me puede explicar porque ahora no puedo publicar fotos? me dice que no tengo los permisos activos y no hay manera de activarlos cuando miró en informe de la aplicación y otros ajustes. la última vez que lo hice fue el viernes pasado y publique un buenas noches desde Youtube y el sábado por la mañana ya no pude hasta el día de hoy.,neutro,com.twitter.android,,,1
88b1aeb9-54e9-40cb-9a6f-9dc5bd39b7e0,David E. Luna M.,2025-10-15,1,Cobro indebido para servicio inaccesible,negativo,com.twitter.android,,,0
91b3654b-bfb5-4002-9d32-42f755cf836a,Zize,2025-10-15,1,"Va terrible, ni siquiera puedo dar like a videos porque están en el mismo lado del hud de abajo de mi móvil. Tampoco puedes guardar ni subir imagenes y ni siquiera puedes dar permiso para eso porque NO existe la opción, la última actualización es horrible.",negativo,com.twitter.android,,,1
eee10632-040d-4757-8a56-427394514229,Karime Herrera,2025-10-15,1,no deja cargar multimedia no aparece el permiso de multimedia,negativo,com.twitter.android,,,1
7ecc7150-db26-44dd-abe1-5c49879c3ae5,MNight-4 Exo,2025-10-15,1,Pide permiso para acceder a la galería y el permiso ya no esta en la lista.,negativo,com.twitter.android,,,1
d46c07c7-454a-4bb6-9f90-a31e2d66788a,Isi,2025-10-15,1,"Hace tiempo me venía fallando demasiado la app, tanto así que me dejaba lento todo el teléfono, mil veces me sacaba de la app mientras estaba por subir algo o viendo algo importante y pum, se salía y perdía ya la publicación, sin embargo lo deje pasar, pero ahora si que es molesto el error. No deja subir ninguna foto, sale que no he dado un permiso pero es totalmente falso! Espero lo arreglen porque es aburrido no poder ser libre de subir lo que quieras, de hecho estoy que lo borro :/",negativo,com.twitter.android,,,1
39b0693d-6a0c-467e-af67-a4fbd8e097a8,Edgar Adrian,2025-10-15,3,"me agrada la app apenas hace algunos días empecé a tener problemas para publicar imágenes, me aparece un error indicando que parece qué """"desactivaste los permisos necesarios para usar esta función, archivos y elementos multimedia los permisos se pueden habilitar en la configuración apps permisos"""" esto es un error de la aplicación ya que yo no deshabilite los permisos a pesar de eso intenté cambiar la configuración y habilitar todos los permisos, Cómo localización micrófono cámara pero no deja",neutro,com.twitter.android,,,5
fb1b1412-bef6-44b9-8179-72791d8a196f,JOSE ANTONIO GOMEZ,2025-10-15,1,no puedo subir fotos ni vídeo,negativo,com.twitter.android,,,1
3cea0d93-a66f-4763-8435-ab839b7988d1,LAURA CARBAJAL CASTILLO,2025-10-15,1,alguien sabe porque no la puedo instalar ... intentó con cuenta de Google o registro normal y nada... dice que algo no funciona bien,negativo,com.twitter.android,,,0
38d0c9fa-c2ec-4040-a890-9f99ab8e1d45,JcoSUBS,2025-10-15,1,"le doy 1 porque ya no me permite subir fotos o videos de mi celular. amaneci un dia con esa novedad. Busque activar permisos dentro de mi mobil pero todo en orden y aun asi, el problema persistio. Una penA",negativo,com.twitter.android,,,0
89306c3a-f95c-4625-8c5a-dda8a7d0cc9a,Raquel Seral,2025-10-15,1,la aplicación da fallos y no nos deja poner imágenes o videos es imposible de publicar Espero lo solucionen gracias,negativo,com.twitter.android,,,1
b620e453-ed38-46d6-b117-b8d0db0cefc2,juan grajales,2025-10-15,1,"no puedo subir imágenes a X, dice que active permisos pero no me aparece la opción en la configuración de la aplicación",negativo,com.twitter.android,,,0
d279ec6e-7fe6-4aae-942c-50b21535bf6e,Andrea Maldonado,2025-10-15,1,no puedo publicar nada,negativo,com.twitter.android,,,0
45eb7c9b-9a3b-46ae-8af4-ae8c6864cb06,Juan Buitrago,2025-10-14,1,"en los últimos días he estado con un serio problema de permisos mi Motog20 ya no aparece la opción de permitir archivos y multimedia, por lo que ya es inútil para mí publicar contenido en esta red social",negativo,com.twitter.android,,,0
e688336b-25d5-4ac0-8289-fb6fc1e2ce64,Angel B.,2025-10-14,1,quién sabe qué tiene en android que la última actualización no deja subir imágenes.,negativo,com.twitter.android,,,0
1e7c69bf-30f2-470e-a86a-571ff0154ef3,camila,2025-10-14,1,"No me deja mandar fotos ni cambiar de icon o header, pésimo",negativo,com.twitter.android,,,0
3f39eccb-ab89-4f18-ae28-5a02105d7965,Ernesto Soto,2025-10-14,2,"No me está permitiendo Subir imágenes, no me aparecen entre los accesos el permitir el uso de multimedia, me robaron mis Cuentas anteriores tras un Hackeo, y el Servicio a Cliente es ineficaz",negativo,com.twitter.android,,,0
7526d3a1-57fd-4a65-b3de-3418726f285a,Carlos Soler,2025-10-14,1,"están censuran lo que uno publica, a través de play store.",negativo,com.twitter.android,,,0
b725fbed-db9d-4826-87f6-2fce61e9e032,Adrian Rivas mazuera,2025-10-14,1,Es muy mala la aplicación,negativo,com.twitter.android,,,0
1fdfd2ca-de25-4e6e-8c02-cbb19994d445,Shen Yuan,2025-10-14,1,"Funciona horrible, los permisos son raros no me deja postear fotos, la red social de social no tiene nada, es pura gente peleandose o preguntandole a la IA si lo que postearon es real.",negativo,com.twitter.android,,,0
68c9136b-2388-4f4a-a0e5-325d9cb7fa53,ashley tevalan,2025-10-14,1,"realmente no me había dado problemas, pero está semana no me ha dejado compartir imágenes. Disque no tiene el permiso para ingresar a mi multimedia. y cuando fue a revisar ni me aparece la opción para la aplicación y es frustrante la verdad, si pudieran arreglar esto por favor ya que somos pocos los que nos pasa este bug o error.",negativo,com.twitter.android,,,12
a5e196be-02d9-44e0-aec1-ac38422eca23,Williams Cueto,2025-10-14,1,"por alguna razón no puedo subir fotos, presiono para ver mi galería y me dice que no tengo los permisos necesarios para esta función, pero cuando entro a los permisos resulta que no aparece la opción para acceder a archivos y contenido multimedia, quisiera que arreglen eso",negativo,com.twitter.android,,,2
bbea1b4a-aca7-4e88-a029-2d49eec356bd,Rafael Ospino,2025-10-14,1,"por alguna razón la aplicación no me deja abrir archivos para publicar cosas y desde los permisos no hay un permiso para almacenamiento, arreglen eso porfa",negativo,com.twitter.android,,,0
e39f465c-c5e2-452f-b189-c02ae22bc443,mo molina,2025-10-14,1,"Hay un bug, no permite subir imagenes desde el almacenamiento, pide permisos los cuales no existen dentro de los permisos que aparecen en el telefono, cambiaré la calificación cuando se arregule",negativo,com.twitter.android,,,0
f1bf14d7-5f43-4554-963a-7d70ad8ab7b9,Ce G,2025-10-14,1,"Desde la última actualización me sale un msj de que le quite el permiso de la cámara y no es así, en configuración está todo bien. Desde eso que no me deja subir fotos ni videos a la app.",negativo,com.twitter.android,,,1
f2717865-8fcc-46ae-be16-e46ca550c59e,Martin Calvo,2025-10-14,1,"bueno, de un día para el otro, no puedo postear ni usar imágenes de la galería o la cámara, me dice que quité los permisos, pero al ir a los permisos están todos en otorgados.. es horrible tener que usar X en un navegador.",negativo,com.twitter.android,,,1
af0d626a-4396-46e7-ba7e-13ccf5a9663e,Lamat Ox,2025-10-14,1,"La aplicación no deja subir multimedia y no deja acceder a los borradores de publicaciones, Un desastre total",negativo,com.twitter.android,,,1
c1b7636b-3ebf-476d-9070-169fb64008df,Gabriel Lamberghini (GaboLamber),2025-10-14,1,"No se puede publicar una imágen porque dice que la aplicación no tiene accesos, cuando si las tiene.",negativo,com.twitter.android,,,1
e3f644eb-e78c-4121-b0ec-2ed327fc0c42,Kevin Barajas,2025-10-14,1,no me deja publicar multimedia dice que desactivé los permisos de almacenamiento y los busco en configuración y no aparecen ya reinicie el teléfono borré cache y datos también desinstale y volví a instalar la app y nada no puedo acceder a mi multimedia y soporte no me da solución,negativo,com.twitter.android,,,1
3b0ea410-dff2-492e-9e6c-b2857f3ad443,ElTrapitoYT,2025-10-14,1,pueden actualizarla y arreglar el bug de los permisos de almacenamiento?,negativo,com.twitter.android,,,1
364b96ff-8552-4cf3-9e31-689c53d75482,Camila manquelipe,2025-10-14,1,no me deja cambiarme la foto aún así cuando están todos los permisos,negativo,com.twitter.android,,,1
854e91e8-0b7a-49d7-b312-5cae78ea653f,Fabio Alberto Cortés Guavita,2025-10-14,2,no deja publicar ni fotos ni texto. dice un aviso que no se han dado permisos para ese.,negativo,com.twitter.android,,,1
567e0236-e070-4876-9c33-57429e4730fd,SAÚL MARTINEZ CASTRO 61,2025-10-14,1,no puedo habilitar para subir fotos en la app,negativo,com.twitter.android,,,1
bc0cb445-fef8-49bf-9f88-c5dd91dd26b1,Ignacio Gil,2025-10-14,1,Va horrible en esta última actualización nos ha desactivado el poder subir cualquier tipo de imagen. LAMENTABLE,negativo,com.twitter.android,,,1
addd7fd8-debe-4efb-88b9-113aaaab897b,Faddèl Wèi Gray “Lóu Ní Faddèl”,2025-10-14,2,"últimamente me ha fallado demasiado cuesta que suba fotografías pensé que era mi teléfono pero consultando con amigos me dijeron que les sucedió lo mismo, lo extraño esque me funcionaba muy bien cuando lo instalé",negativo,com.twitter.android,,,1
8834d1c7-6879-42ec-8dcf-1b08e93a3afb,Luis Quintero,2025-10-14,1,"El sistema que pusieron está bien pero con problema, ya que mi cuenta la vínculo con Google muy poco uso ""X"" decidí volver a usarlo pero lastimosamente no pude ingresar ya que me pide mi usuario y la verdad que la olvidé y no me sale la opción para recordar.",negativo,com.twitter.android,,,9
5912f77f-0538-4514-85bb-01e501ad9d1e,Fer CMr,2025-10-14,2,"Desde la última actualización anda super mal. Y me pasa ahora que no me deja poner fotos,me dice: ”Parece que desactivaste los permisos necesarios para usar esta función” Y vi que muchos usuarios tienen ese problema. Ya toque todo y no me deja. Solucionen ya eso, gracias. Ya hice que me acepten los archivos y elementos multimedia y no me deja.",negativo,com.twitter.android,,,25
fb417497-61db-4069-b3c6-3396a57f77f5,LAM AAA,2025-10-14,1,Xensura YA no permite subir archivos fotos videos desde el celular,negativo,com.twitter.android,,,2
91e4a40d-7112-4bad-bc16-aa4e41eb78e1,Mauricio Serral,2025-10-14,2,no me deja subir imagenes,negativo,com.twitter.android,,,1
a1a2bad1-a7aa-4f2e-931f-1f4e2b36f341,Santiago Ramos,2025-10-14,3,"no me deja publicar fotos ni capturas de pantalla, deben arreglar eso",neutro,com.twitter.android,,,0
4222ce55-f827-4083-8633-20c93f3e9c65,Emiliano Espinoza,2025-10-14,2,Los permisos de archivo multimedia no están disponibles. No puedo habilitarlo. Por favor solucionar de inmediato,negativo,com.twitter.android,,,0
3d4277e9-70f0-4952-a854-a19a9c9d5224,valen,2025-10-14,2,no me deja ver las imagenes,negativo,com.twitter.android,,,0
b5934e6c-5655-47e0-a473-cc66fb69816b,Lucas Montenegro,2025-10-14,1,un asco no me deja publicar ninguna fotos ó videos,negativo,com.twitter.android,,,0
fac63531-e9c5-4070-babe-9a502727113a,Oliver Ferrari,2025-10-14,1,"ya no me deja subir fotos porque supuestamente no tiene permiso, cuando en realidad lo tiene y lo ha tenido siempre",negativo,com.twitter.android,,,0
27280f43-127c-4800-bd97-d63032d3f468,Sebastian Bravo (El Sombrerero),2025-10-14,1,la peor red social por mucho te olvidas tú contraseña? hacerse otra cuenta te olvidas tú usuario? hacerse otra cuenta dio mio,negativo,com.twitter.android,,,0
61d048de-37ce-4e88-98cd-6e35761580e8,Marco Velarde,2025-10-14,1,"desde la última actualización no se pueden publicar o subir fotos en la app para android debido a que desaparecen los permisos de almacenamiento, han pasado días y no hay una solución. pésimo soporte técnico, nadie se hace cargo..",negativo,com.twitter.android,,,1
8f480b5d-318e-4081-a443-f0e1e6326113,Carmen Martin,2025-10-14,2,"Últimamente va fatal, me deja usar los gifs con los comentarios, pero no me deja subir ninguna foto. He desinstalado y vuelto a instalar la aplicación varias veces, pero el problema persiste y antes no pasaba!!!",negativo,com.twitter.android,,,0
f048a3d0-c864-4c4e-881d-342f66725b6c,Alex zzz,2025-10-14,1,"arreglen su vaina con las fotos, dizque tengo que activar permisos, lo hago y nada",negativo,com.twitter.android,,,0
e9d972f7-0db7-43dd-9d45-afec42722f43,Veronica Leiva,2025-10-14,1,por qué no me deja usar fotos de mi album? hace varios días q no me deja compartir en X que está pasando.,negativo,com.twitter.android,,,0
ea35ee51-abc4-4aee-b2c9-6e153f7cd23e,canela 123vk,2025-10-14,1,"Ya no me deja publicar nada, me dice que tengo que otorgar el permiso pero no aparece la opción",negativo,com.twitter.android,,,5
548dc34f-0350-4122-9250-669b8e762e98,Yos,2025-10-14,1,"hace días que no me deja subir imágenes porque dice que no tengo los permisos necesarios, me fijo en configuración y tengo todos los permisos, anterior mente tampoco me dejaba ver las imágenes censuradas aunque apretara el 'mostrar"" me gustaría que arreglarán eso lo más rápido posible, vi personas que tenían los mismo bugs.",negativo,com.twitter.android,,,0
da88f650-5b13-4ff3-96d4-169b7d6981dc,Ivan Cerda,2025-10-14,1,"No puedo subir imágenes ,me dice que tengo que habilitar permisos .No me anda no puedo subir nada",negativo,com.twitter.android,,,0
5158ef12-cfd8-45e4-92ef-d325120b6e34,Hit Soul,2025-10-14,1,"desde la última actualización, en Motorola One fusion no puedo comentar fotos y videos en los post, en configuraciones los permisos de multimedia desaparecieron ARREGLEN ESO PORQUE ES FUNDAMENTAL",negativo,com.twitter.android,,,0
b82f1703-3896-4303-a8e4-d99c2c88a914,Rodd Boward,2025-10-14,1,"cada vez peor, se borró solo el permiso de acceder a archivos multimedia y no hay opción para dárselos XD",negativo,com.twitter.android,,,0
e57001b4-3be0-4bda-916f-df3edb3da158,Fernanda Gimenez,2025-10-14,1,"andaba bien pero de repente se trabo y no te deja cambiar la foto de perfil, ya hice todo lo que me decía sobre cerrar la app, borrarla, entrar por google y nada. No se puede. Chequeen eso.",negativo,com.twitter.android,,,0
b36cda67-54f0-4c7f-b25d-f8c9d07b5f4a,Hell Amaw,2025-10-14,2,ya no puedo subir imágenes o fotos aún cuando todos los permisos están activados,negativo,com.twitter.android,,,2
640328d9-1b4e-4e17-a00f-04ac49a8d83f,AMAURY CORTES,2025-10-14,1,muy mala no me permite cargar imágenes para subirlas,negativo,com.twitter.android,,,2
1e56ffed-5751-444e-8f53-be3358f884f1,Seba spachn,2025-10-14,1,"El que tenga un problema con la última actualización, les conviene descargarse en Uptodown o Softonic una versión anterior al 8 de octubre, puede ser el 5 de octubre o los últimos dias de septiembre, al menos hasta que se resuelva este error, que por lo que vemos va para rato..",negativo,com.twitter.android,,,1
464f6684-4518-4c41-9487-c50912d7a077,valar morghulis,2025-10-14,1,"desde ayer no puedo subir fotos ni vídeos aunque tengo todos los permisos habilitados,pésimo servicio.",negativo,com.twitter.android,,,1
d39d3e7f-28f9-4f79-97d5-e9e9a8432e4a,Zazaza,2025-10-14,1,Desde la ultima actualizacion no se puede subir ni compartir imagenes. Dice que no tiene permisos. Al revisar tiene todos los permisos otorgados,negativo,com.twitter.android,,,0
f1cef1d5-604e-4928-b3b5-b1295b6431c8,German Galicia,2025-10-14,1,"Depues de la ultima actualización ya no se pueden adelantar y ver los videos que tiene anuncios, ante dejaba ver el video y en la parte de abajo el anuncio pero ahora solo abre el anuncio que mala actualización",negativo,com.twitter.android,,,3
25254a2f-79b1-40e3-9ade-dc92ca708ab5,Farid Chaile,2025-10-14,1,con la nueva actualización no deja subir imágenes aunque tenga activado los permisos,negativo,com.twitter.android,,,0
303b51d6-c173-401c-96a1-ac15d289908e,gabriel alfredo Gomez,2025-10-14,1,"Estoy completamente harto de los fallos constantes en la aplicación oficial de Twitter para Android 13. Todos los días me obliga a iniciar sesión, validar correo, teléfono y usuario, y en todas las ocasiones recibo errores que impiden avanzar. Me bloquean sin motivo, acusándome de incumplir normas que no he violado jamás. Además, me hacen repetir infinitamente la verificación de si soy humano, algo absurdo y agotador. Uso la app a diario de forma responsable y sin infringir ninguna regla.",negativo,com.twitter.android,,,4
4e52a5ab-a81a-4956-9a62-603878b946b8,Victor Valentine,2025-10-14,1,Es prácticamente imposible poder cambiar de foto de perfil y ahora (por alguna razon) no me permite postear imágenes sin importar de que manera lo intente.,negativo,com.twitter.android,,,2
dacba6e2-0218-4402-9f7a-095a341e84a5,Lord Morganus,2025-10-14,1,"Es mala, no me abre hace mucho y no me ha permitido recuperar mi cuenta antigua cuando era Twitter qué chafa. Odio esta aplicación no la usaré jamás",negativo,com.twitter.android,,,0
70768e8b-995c-414f-84da-733c7694f247,Mouse Naruse,2025-10-14,1,"No me deja ahora Twitter cambiar de foto, publicar fotos videos o enviar fotos por Dm",negativo,com.twitter.android,,,0
ad8abccd-6b9c-4e3f-a6b7-d4b5eee5a48f,Santi Zambrano,2025-10-14,2,"No me deja enviar imágenes, pide permisos pero cuando entro a los ajustes para darle permisos de acceder a mi galería, no aparece la opción para dar ese permiso",negativo,com.twitter.android,,,1
13b28685-8d80-4cf0-8c07-43e75106ad05,Alvaro Galeano,2025-10-14,1,"desde hace rato ocurre un ""error de reproducción"" cada vez que quiero ver un video desde la App, es un asco total",negativo,com.twitter.android,,,0
d9328e4a-7545-4224-ac56-521c2fdfb651,Xl.sl.22,2025-10-14,1,llevo varios dias sin poder subir fotos porque hay un bug en la ultima actualizacion que esta afectando a todos los android,negativo,com.twitter.android,,,3
6308b609-9081-4c65-a8a7-ad21b4cca29b,Jester_ivy,2025-10-14,1,estoy teniendo problemas para iniciar sesión con mí cuenta original por supuesta actividad sospechosa cuando solo borre la aplicación porque no me funcionaba la parte de galería y ahora no me funciona la galería y no puedo iniciar sesión en mí cuenta principal,negativo,com.twitter.android,,,1
4cc04f17-f6be-425f-bc2e-9d9c7168509b,n ä t - f u j ø s h ï,2025-10-14,1,"Terrible, la última actualización hizo que la opción de Multimedia desapareciera, soy artísta y no es posible que no me deje publicar fotos y los bugs son cada vez peores, el ""mostrar"" de las imagenes no funcíona, los videos marcan error de conexión todo el tiempo, los msj llegan mil horas despúes y las reacciones/comentarios y repost te los avisa super tarde, una decepción, si pudiera dar 0 estrellas lo haría, devuelvan al Twitter con el logo celeste, ese funcionaba perfecto y se veía bonito.",negativo,com.twitter.android,,,8
2f5db40f-593d-49e4-b4e1-ebbfe5fe8ce3,Ivan Alfonso Sanchez Salgado,2025-10-14,2,"desde el 12 de octubre la app no me permite compartir fotos y videos, dice que debo otorgar los permisos necesarios, lo hago y nada. si sigue así tendré que desinstalarla, es muy buena y por eso seri triste tener que hacerlo.",negativo,com.twitter.android,,,3
a172f3dd-9059-4c84-90ea-ab4aaa46d523,Daegon,2025-10-14,1,no sé que hicieron pero en la update más reciente ya no se pueden usar imágenes. Al app pide permisos pero tú no puedes dárselos ya que la opción no existe según la app,negativo,com.twitter.android,,,3
02c2a521-802c-4c2d-bf03-0085b8f004da,José Figueroa León,2025-10-14,1,ya no puedo subir fotos a pesar de nunca haber quitado el permiso arreglenlo,negativo,com.twitter.android,,,2
2516c14c-3f5e-4625-a5c4-d4462d6cd404,Hanna Arranz,2025-10-14,2,"no puedo subir fotografías,desde hace una semana",negativo,com.twitter.android,,,1
728839c0-161d-4034-9a68-e37f5f9673c3,Fox Enmury,2025-10-14,1,"No me deja subir imágenes!! Una función tan básica. Pésima aplicación, empeoró desde que se convirtió en X",negativo,com.twitter.android,,,3
1ef05ab3-fcc0-4b00-b2b7-4acc05870029,Hubert Cordero,2025-10-14,3,"todo bien, pero estoy teniendo un problema en la app, no me deja subir o postear imágenes o videos, me dice que debo dar los permisos pero voy a ajustes y los permisos multimedia no aparecen, no hay forma de autorizarlos. ya hice de todo hasta reinstalar la aplicación, pero nada.",neutro,com.twitter.android,,,1
d63f38a7-d873-4daa-b5ac-0cceb05450cd,cecilia alonso,2025-10-14,3,desde la última actualización me despacio el permiso de los archivos multimedia y no lo puedo cambiar.... no puedo hacer fotos ni nada,neutro,com.twitter.android,,,1
d8f93e7f-80da-4edd-97a8-97b9f8ef8bb7,luo _xd,2025-10-14,3,no sé por qué no me deja usar el almacenamiento o fotos y videos. mi trabajo es el arte y me vienen con esto?,neutro,com.twitter.android,,,0
14ed0ec0-e2e6-455b-946a-500e3dbdf80a,Luna Hernandez,2025-10-14,2,"Tengo ya tres días que no me deja subir ninguna imagen desde mi galería,dice que no tengo los permisos, cuando si los tengo,es frustrante querer subir algo y no poner imagen, espero arreglen ese problema, creo que no soy la única que lo tiene",negativo,com.twitter.android,,,1
9440a93b-8546-480f-ad34-192be89c4ec8,Rubén Pedraza,2025-10-14,1,De la nada empezó a no dectar los permisos de almacenamiento,negativo,com.twitter.android,,,1
74432c5f-6412-42d6-9fbe-0805c78de1d9,otilia perez,2025-10-14,1,ya no es tan popular como antes .,negativo,com.twitter.android,,,0
ab9faf32-e77e-4ff6-bd46-2aec263aa6e2,Eternal Lady,2025-10-14,3,Cada vez va peor...,neutro,com.twitter.android,,,0
3a296c09-5abb-4c8d-be5a-76c4d45e68c1,More Barrios,2025-10-14,3,"siempre me andaba bien pero ahora no me deja publicar fotos ni videos, no se que le paso, me pide que le de permisos a la app pero ya los tiene",neutro,com.twitter.android,,,1
491a0744-620e-4eca-9802-1c7af5f0f26c,Ian Samuell Moya Arenal,2025-10-14,1,"desde ayer no puedo postear contenido multimedia en la aplicación, se me desactivó el permiso y cuando fui a activarlo no estaba. Ya no puedo publicar mis dibujos",negativo,com.twitter.android,,,1
7e148cd4-14a4-49f4-864d-fe3add350816,Gustavo Muñoz,2025-10-14,1,No puedo acceder a los archivos multimedia y me pide que vaya a la configuración de mi teléfono pero no aparece la app entre los permisos,negativo,com.twitter.android,,,1
10d7c65a-1659-4a19-bcae-49546b19ef0e,Luna,2025-10-14,1,"X funciona mal. No se pueden subir fotos, videos o aceptar los followers.",negativo,com.twitter.android,,,3
250c7f42-ade9-40ac-acb6-65b5ef2063ed,Ruben Diaz,2025-10-14,2,"Hace un pa de días no puedo tener acceso al almacenamiento desde la app, no permite activar el acceso y no encuentro solución ni la opción de reclamo en la sección de ayuda online.",negativo,com.twitter.android,,,7
430ba253-7283-4c2c-b5c3-508f5a075cbc,Martin Evangelista,2025-10-14,2,arreglen el maldito error de que no tengo los permisos para añadir imágenes cuando si estaban y ahora desaparecieron.,negativo,com.twitter.android,,,1
9e7e1dfc-d02b-46f1-81bf-11da065c6c11,Uziel Domínguez,2025-10-14,1,empezó a fallar no cargan los post,negativo,com.twitter.android,,,0
b3b444a7-7e9d-44cd-a5ca-804e047784fc,JOSE EDUARDO (LALOJERA),2025-10-14,3,"saludos, no puedo subir imágenes, dice que necesito activar permiso, ya desde cuándo está y nada, espero lean esto y me den una aclaración o solución. Gracias",neutro,com.twitter.android,,,1
a2880520-f882-4b63-91e5-e18c07db3b06,Zunilda Monsalve,2025-10-14,1,"Me complicaron de nuevo. Por favor, ¡Necesito leer un documento urgente! Y ustedes me lo hacen difícil!",negativo,com.twitter.android,,,0
796ab673-2299-45f3-9945-222f64ce2210,Mariela Siguas,2025-10-14,3,ahora no me muestra el contenido multimedia aunque tengo los permisos activados.,neutro,com.twitter.android,,,1
1888a10e-90cc-4a65-a344-ece128bfe764,Teresa Pacheco,2025-10-14,1,"Debe ser por la última actualización o algo pero no me permite subir archivos multimedia, me redirige a configuración para dar los permisos pero no me aparece la opción de multimedia (solo cámara, contactos, micrófono...)",negativo,com.twitter.android,,,5
1ca80f61-780b-443e-a8bc-d8bec8ae789a,Mari,2025-10-14,3,"No sé qué está pasando pero ya vi que el problema persiste en varias aplicaciones y aparentemente no hay una solución para el siguiente problema: Cuando quise cambiar de foto de perfil, el sistema me pidió un permiso para acceder a archivos multimedia, el cual ya había otorgado desde que me instalé la app y ahora no aparece simplemente, ¿ni tampoco lo puedo otorgar? Quisiera que arreglen eso",neutro,com.twitter.android,,,6
9b0743f3-2db7-40f4-94c1-0dd829cd8888,Alejandro Ramos,2025-10-14,1,a ver si los desarrolladores nos escuchan porque nadie explica porqué no se pueden subir fotos y vídeos desde hace unos días.,negativo,com.twitter.android,,,5
40bd84d3-1cce-4dae-924e-71d44ef35185,Sergio bladimir Delarosamerida,2025-10-14,1,la fecha no acepta cambios modifiquen en formato,negativo,com.twitter.android,,,2
160301ef-ab9e-4c30-bd24-878c8dbc7424,Alexander Romero,2025-10-14,1,Último comentario que dejo por aquí de todo corazón creo que sí estás viendo lo que están viendo verdad parecen sus nombres iPhone buenos saludos espero que entiendan por últimas ves,negativo,com.twitter.android,,,1
d1b8a05e-012a-46fd-b22b-38f5302c56f4,Andrés Cardozo,2025-10-14,2,Pide permisos para galería y no deja solucionar el problema,negativo,com.twitter.android,,,5
0340d9aa-5cbb-428e-a0aa-3ff562624cc7,Jean Luc Pikard,2025-10-13,1,"No eh tenido problemas hasta el día de hoy que por alguna razón tiene un bug en que la propia app se autoprohibio el acceso al almacenamiento y no me deja reestablecerlo, también no puedo agregar mi número nuevo de teléfono porque alguien en su infinita sabiduría me pide que les mande mensaje de confirmación y cuando lo hago me no me esta permitiendo enviarles el mensaje a su número y la app dice que lo intente más tarde, que pedo con Elon Musk si quiere que su app funcione o solo es puro bla",negativo,com.twitter.android,,,8
c27a7065-eff1-4b8c-a452-8d013a09b6f8,KIRITOX 747,2025-10-13,1,"siempre hay un error en la app ya no me deja entrar al multimedia y publicar una foto,imagen o video.",negativo,com.twitter.android,,,5
e5a96fa6-a2c4-408b-9822-dc1ffd7d42bb,Fernando Ramirez,2025-10-13,1,"No funciona la conexión con la Galeria desde la última actualización. Salio un mensaje de algo de una nueva funcionalidad, pero para nada sirve y ahora no puedo publicar ni una sola imagen o video.",negativo,com.twitter.android,,,6
d535c345-a94f-48eb-92c6-3ae9c7113d15,HERNAN FLORES,2025-10-13,1,"Con la última actualización la aplicación en mi Samsung Galaxy A12 no puede acceder a la galería para subir fotos/videos. Al ir a Ajustes > Aplicaciones > X > Permisos, la opción 'Archivos y elementos multimedia' (o 'Almacenamiento') no aparece en el listado para concederlo. Ya limpié datos, caché y reinstalé la app y también fui al apartado de seguridad pero ni en la sección de todas aplicaciones aparece por favor corríjanlo en la próxima actualización.",negativo,com.twitter.android,,,11
b263968f-95e8-4f41-9bcb-06600adb3f36,Brickiridart,2025-10-13,2,"No puedo subir imagenes y me pide que le de permisos a la app para subir, no me sale la app para arreglar el problema.",negativo,com.twitter.android,,,2
868ed11c-47f9-42c2-a93d-58497aef88e2,Rena,2025-10-13,1,"no me deja abrir mi galería desde la app, cuando lo hago se me cierra automáticamente",negativo,com.twitter.android,,,4
4c0d38bd-8d64-405b-ad17-e178638afc8a,Alejandro Matias Espinoza,2025-10-13,2,"Me funcionaba bien pero por algún motivo no me deja compartir imágenes desde hace varias semanas. Me dice que debo habilitar el permiso para el almacenamiento, pero la opción no está disponible. Ojalá y arreglen este problema.",negativo,com.twitter.android,,,2
db4c9032-ca52-458b-aa2b-8a54678eb237,Cesar Camilo Vargas Tello,2025-10-13,3,Dios Exodo 20 Dios Shalom Dios,neutro,com.twitter.android,,,0
f22a5416-a462-4e69-a1b5-4008fbccd461,Pilar Agüero,2025-10-13,2,necesito que arreglan está apps no me deja otorgar permisos para subir fotos o videos,negativo,com.twitter.android,,,3
869d1c2f-f61c-4418-a3f7-293f9d838d36,Luna Quiroz,2025-10-13,3,por alguna razón no me deja subir fotos,neutro,com.twitter.android,,,0
ff1e8f34-238b-4ce5-9328-2a9fdc803377,Elba Alejandra González O.,2025-10-13,3,"No puedo subir multimedia, me dice que desactivé los permisos, pero no es así. Espero que puedan ayudarme. Muchas gracias",neutro,com.twitter.android,,,2
7996f243-e1be-4e58-8f00-70daf4ddfcf5,Maria Elena Garcia Hernandez,2025-10-13,1,ya no me deja subir nada,negativo,com.twitter.android,,,2
77a5d558-5669-4f48-8b90-7af07c833175,Dario Morales,2025-10-13,1,"no me funciona bien la app desde que pusieron como beta, y no me deja ver videos, el cuál es el punto por el que tengo está aplicación. mejor pongan la aplicación estaba antes, porque así ya no vale",negativo,com.twitter.android,,,2
d3a6d0f3-8373-4001-a6d9-ed053b0ae086,Rena Sabetta 666,2025-10-13,1,"Now you have broken the photo upload option. You guys are useless, you know that?",negativo,com.twitter.android,,,2
20025a4d-2c00-4fd9-a6a2-bbff53bdb0a1,Jazmin,2025-10-13,2,"no puedo poner imagenes en mis publicaciones, me pide que le de permiso a la alegría pero en configuración no me aparece galería en pociones para darle permiso. Como arreglo eso?",negativo,com.twitter.android,,,4
3627b177-f371-4d0f-ad53-84c0314984ff,:D,2025-10-13,1,no me deja subir multimedia desde la actualización,negativo,com.twitter.android,,,8
3682b8da-0a3c-4b39-8b58-707e0ff116be,Rodrido Ceballos,2025-10-13,1,"alguien más tiene problemas para publicar imágenes, aparentemente se bloquea los permisos de Android para el uso de archivos multimedia, y no aparece la opción de desbloquearlo",negativo,com.twitter.android,,,4
b71e1f5c-c583-4116-a394-8756b7f7710e,Lilian,2025-10-13,1,"no se porque no me deja subir archivos de multimedia .. fotos , videos..",negativo,com.twitter.android,,,4
aec8d0d0-20b9-4b1a-a9fa-9e153d17745b,Luis david Pérez,2025-10-13,2,"pche Twitter,dejame subir fotos",negativo,com.twitter.android,,,3
e4e8db5d-165b-4e16-9cc3-748968ebd24b,omar duron andrade,2025-10-13,2,no me deja acceder a mi cuenta me marca que soy un bot desde hace más de 4 meses,negativo,com.twitter.android,,,0
12171197-9c85-4d0e-9b45-bdd9d8964e1a,Santiago Pettinelli,2025-10-13,3,"amo la app pero no me deja poner fotos aunque antes si, y no me deja activarle la opción de multimedia, ayuda",neutro,com.twitter.android,,,3
9ac3ad35-5044-47d3-a2c6-97c3710d7f2a,Darwin Ferrera,2025-10-13,1,yo lo descargue puse mi cuenta y dice que yo soy menor de edad jajaj yo con 21,negativo,com.twitter.android,,,0
d1759c29-5b95-41f1-b4f0-7c5adf019a15,Liliana Finochietta,2025-10-13,1,"No sé qué pasó en la última actualización, pero no puedo subir fotos o videos, me notifica la app que retiré los permisos y no es así. Revisé los ajustes y sigue todo normal.",negativo,com.twitter.android,,,34
b50c0b05-b22d-4c42-aa60-011ee7c5f2a1,trebol,2025-10-13,1,no puedo subir imágenes y eso que tengo todos los permisos,negativo,com.twitter.android,,,1
0d5be47d-08f4-42e5-9cbe-ab2a3dc49e7a,Daniel Gonzalez,2025-10-13,1,"hola si no sé si es un tema de la app o mí teléfono pero no puedo habilitar los permisos para acceder a mis archivos multimedia, pero si me deja guardar imágenes no entiendo que pasa",negativo,com.twitter.android,,,3
abd401ac-6e98-4d1f-ace6-4f98ad3faf0e,ed mundo,2025-10-13,1,"Ya no permite enviar imagenes, puesto que desactivó los permisos multimedia y no es posible reactivarlos manualmente",negativo,com.twitter.android,,,0
a3d132fd-eb41-41d3-8c10-c8caa374dd81,carlos salas,2025-10-13,1,"con la nueva actualización del 8 de octubre en la aplicación de android no me deja acceder a la galería mediante la cámara ojalá los desarrolladores arreglen este inconveniente , ya lo desinstale y lo instale de nuevo pero persiste el inconveniente",negativo,com.twitter.android,,,5
d9544c77-7a6d-4837-868a-ec56014289e8,Diaz Luiz,2025-10-13,1,¿alguien sabe por qué de un día para otro no me deja subir fotos? ya le di todos los permisos que pide ni así me deja subir las fotografías,negativo,com.twitter.android,,,2
570a763c-ce66-4e7e-87f4-46e1b80e6e4a,Christian Serrano,2025-10-13,3,No está dejando subir imágenes ni muestra la opción en permisos para hacerlo.,neutro,com.twitter.android,,,1
8678953a-351b-48d9-9da7-74ea815cfebf,Barcelís García,2025-10-13,3,"No le doy 5 estrellas porque la desde q actualicé la app, no me deja acceder a la galería del móvil, o sea no me deja publicar fotos, y me dice q no puedo porque desactivé los permisos para usar esa función, y no es así. Cuando entro en la aplicaciones de mi móvil y voy a la app X para darle el permiso, no aparece la opción multimedia. Cómo le hago?",neutro,com.twitter.android,,,0
ba4be4e9-edca-4a0a-9f98-378c4987c068,Franco Galliano,2025-10-13,1,"Desde la última actualización que no me deja subir fotos, me dice que tengo que ""ir a configuración y activar el permiso para multimedia"" pero voy a Permisos y no se encuentra Busqué contactarme con alguien del Soporte y nada, es terrible",negativo,com.twitter.android,,,7
98005517-f271-4e7f-926b-621b6eeb83dc,Diego Jácome,2025-10-13,1,"Tengo un teléfono con Android 10 y X ya no me permite adjuntar archivos multimedia a mis post, aun cuando ya están otorgados todos los permisos",negativo,com.twitter.android,,,2
41e2f11a-3829-4421-9d04-a293055252eb,Porfirio Hernández,2025-10-13,1,"iba de maravilla pero a partir de hoy me dice que desactive los permisos de contenido multimedia y nunca hice tal cosa. por lo que ahora no me deja publicar contenido multimedia, y cuando vas a la configuración no te da la opción de otorgar esos permisos. así que aquí me tienen sin poder publicar ni imágenes ni videos",negativo,com.twitter.android,,,3
89b4644e-1307-4e92-8653-351f2a6688c6,horacio e Pittau,2025-10-13,2,Hasta ayer todo bien. Hoy funcionandome a medias. No puedo subir imágenes o información que son públicas como agregado a mis mensajes o comentarios.,negativo,com.twitter.android,,,1
926fe4ba-fffc-4f77-84ad-40d253cb6b37,Jaime David,2025-10-13,3,No entiendo por qué ya no me deja publicar archivos,neutro,com.twitter.android,,,1
8b75a1f7-e5c2-4970-abfc-6954526feed5,Angel Jimenez,2025-10-13,1,"no me deja subir fotos a X dice tengo que activar los permisos pero ya los tengo activados aún así no me deja subir nada que puedo hacer, alguna solución porfavor",negativo,com.twitter.android,,,3
73f02b1f-b074-4437-a9da-81e1fa4a8fbc,Alejandro Serrano,2025-10-13,2,no sé qué le pasa a x que no puedo publicar fotos,negativo,com.twitter.android,,,1
6b44c2e6-32f7-4c6b-8185-cda6c2581121,Victor Ariza,2025-10-13,3,"Muy buena app, la recomiendo muy rápida y eficaz presenta inconveniente para subir fotos y videos espero lo solucionen a pesar que tiene los permisos. Me mantiene informado de las noticias actualizadas y en contacto con diferentes personas de todo el mundo para intercambiar diferentes opiniones e ideas es rápida y eficiente puedo compartir mis opiniones fotos,videos e intercambiar ideas y opiniones se mantiene actualizada en noticias deportivas, entretenimiento y social mundialmente.........",neutro,com.twitter.android,,,136
63233c65-b644-425a-9c40-0fc02a7b93ab,Patto Aguilar Vega,2025-10-13,1,no me deja publicar imágenes desde hace varios días,negativo,com.twitter.android,,,3
e536fe5f-6cb5-4758-9d24-8c29d9ceb1f9,E-iBrahaam 720,2025-10-13,1,"desde hace unos días la aplicación no me deja subir fotos ni videos desde mi galería, no me deja transmitir en vivo por faltas de permiso multimedia, entro a la info de la app pero no aparece la opción de otorgar permisos multimedia, ya desinstale y volví a reinstalar la app pero sigue igual, también ya borre los datos de la app y sigue igual, no había tenido problemas con la app pero empezó a fallar mucho en varias cosas espero lo solucionen rápido es muy molesto.",negativo,com.twitter.android,,,6
3c6952d9-1ddb-4701-87e5-e0baeee284c0,Francisco Cunalata,2025-10-13,2,"me gusta la aplicación, pero la verdad tengo un problema, cuando quiero postear algo me sale que tengo que activar la opción de permisos en multimedia, la cosa que en mi sistema no me sale la aplicación, es como si no estuviera descargado, reinicie y configure y todo y el problema es la misma aplicación, si pudieran solucionar ese problema me ayudaría mucho :'/ La aplicación tiene muchos Bugs en cuanto al chat de mensajes directos",negativo,com.twitter.android,,,3
aa57f0fa-93db-45e4-8270-4eb93311ff9b,Gustavo Savaria,2025-10-13,3,"No puedo descargar imágenes ya que me pide habilitar descargar archivo en permisos, lo realizó y aún no puedo.",neutro,com.twitter.android,,,0
fe577a2d-16c2-49d0-bf04-255de0a6ef5b,Sozdaniey Furra,2025-10-13,1,"maaaal a algunas personas como a mi y amigos no podemos publicar fotos o video o enviar fotos porque nos dise que tenemos que tener los permisos necesarios para publicar fotos o enviar fotos, no se si es un bug pero espero que lo arreglen",negativo,com.twitter.android,,,0
db18ce0d-9211-48e7-b0ac-f2431d32d400,matias rossi,2025-10-13,3,No puedo enviar ni subir fotos. Dice que cambie los permisos y no es así,neutro,com.twitter.android,,,4
1f844c34-8917-4b72-bb98-a42aa81ccac5,Julio C Estupiñan C,2025-10-13,1,La app se cierra de manera inesperada! No me permite subir imágenes de mi galería. SOS,negativo,com.twitter.android,,,1
a02f6416-e241-4264-95d7-0c0c311d53e4,Leandro Blanche,2025-10-13,1,que vuelva twiter malisimo x,negativo,com.twitter.android,,,1
b12c3685-cb3d-4f2b-9287-022dec490389,nicolas escobar,2025-10-13,3,"Venía bien pero ahora me sale con que tengo que autorizar unos permisos que ya fueron dados para poder compartir imágenes y vídeos, lo sigo haciendo pero me sigue apareciendo que desactivé los permisos necesarios para usar esta función.",neutro,com.twitter.android,,,2
7e0a081e-c08a-4ee1-9eba-76e8235ecb36,marcela aries,2025-10-13,1,"que paso con la última actualización,no puedo subir fotos a mi twitter. que hicieron!!???",negativo,com.twitter.android,,,3
18ec25c2-d6dc-4312-b0c7-07f4f5084d6c,Christian Di Marco,2025-10-13,2,Ya le otorgué todos los permisos y sigue sin dejarme subir imágenes.,negativo,com.twitter.android,,,1
2324a0fd-eeb7-43ad-88e4-b1dc5c8b3ef4,Hugo Armas,2025-10-13,2,no da lugar a poner fecha de nacimiento,negativo,com.twitter.android,,,0
99b04bce-8277-4bb1-9b85-94382d4b36d6,Bramdon Espinoza,2025-10-13,2,"La app no me deja hacer publicaciones, me pide que active los permisos para acceder al almacenamiento, pero cuando voy a los ajuste, en permisos no párese la opción del almacén",negativo,com.twitter.android,,,1
c74e0ba0-3b46-40ae-9ee5-ef6a577b7b21,Erika Patricia Diavanera Urzola,2025-10-13,1,"la app no me permite subir fotos o videos dice que no he otorgado los permisos y no es así, en la configuración trato de corregirlo y sigue sin funcionar!!",negativo,com.twitter.android,,,4
b9d9b3be-64aa-4a20-9e33-ef61931cd990,Mia Rodríguez,2025-10-13,1,el mundo seria mejor sin esta app,negativo,com.twitter.android,,,0
7bb582cb-1e99-48da-86f6-2d4c09040cbb,Humberto Sirimarco,2025-10-13,1,No me permite subir imágenes y no puedo conceder los permisos de almacenamiento desde la configuración,negativo,com.twitter.android,,,7
f2deab0b-bcbb-46ec-b9c3-3c93c47d6208,Panda Firus,2025-10-13,2,Es buena aplicación pero desde hace dos días no permite subir fotos no descargar desde Grok. Marca que se quitaron los permisos de escritura multimedia y no hay manera de agregarlos. Por favor ayuda!,negativo,com.twitter.android,,,3
d35262da-2419-42cc-b393-c2d53ff8aefc,Franz Briones,2025-10-13,1,"Solo una estrella porque no puedo ingresar a mi cuenta ni por la aplicación ni por página web; es más, ni siquiera puedo enviar el reporte al soporte técnico, no sé qué pasa pero no tengo forma de recibir ayuda y restituir mi cuenta (o abrir una nueva, lo cual tampoco se me permite)",negativo,com.twitter.android,,,1
f250a48b-998b-40b4-ba7f-e02d46904ae1,Jenny Castellanos,2025-10-13,2,de repente la app no tiene opción de otrotgar permisos de archivos multimedia no me deja subir nada y ya revisé todo y no tiene esa opción antes no pedía nada de eso,negativo,com.twitter.android,,,2
98f94151-0920-4e69-a269-33d3fae8896a,Sara Mark,2025-10-13,1,X ¿¡POR QUE NO PERMITES QUE PUEDA ENVIAR FOTOS!? YA TENGO TODOS LOS PERMISOS ACTIVADOS Y AUN ASI ME SIGUE DICIENDO QUE NO PUEDO ENVIAR FOTOS ¿¡POR QUE PASA ESTO!? ¡¡¡ESTO NUNCA HABIA PASADO!!!,negativo,com.twitter.android,,,2
9cb32587-0a2f-43c5-b7e4-12239ac0fc9d,Caridad de jesus Rivera Cáceres,2025-10-13,3,"¿aún me funciona? si, pero últimamente la actualización va muy mal, las publicaciones recientes tardan en aparecer, y ya no me permite publicar un tweet, al menos que le ponga permiso para el audio y las fotos, sin embargo yo ya habilite los permisos y aún sigue sin funcionar. hasta desinstale y volví a instalar para ver si reaccionaba y nada. Al menos es el único problema que le veo pero esto ya me está empezando a frustar.",neutro,com.twitter.android,,,12
e35cc0fe-7319-46c7-af2f-0fc8e8aeeaa3,Alvaro Areses,2025-10-13,1,"No me deja subir fotos y videos, los permisos desaparecieron y ya no se puede autorizar a la app a acceder a multimedia en mi celular. Soy creador de contenido, he perdido días de trabajo! It won't let me upload photos and videos, the perms disappeared and now I can't authorize the app to access multimedia in my cellphone. I'm a content crator, I've lost days worth of work!",negativo,com.twitter.android,,,1
d8279a38-2249-4549-b8d7-5e5d067e47a3,Pau,2025-10-13,2,"Desde la última actualización X no permite subir archivos a la red, como fotos o videos. Salta un cartel en donde dice algo como que no di permiso o acceso a la app para que cumpla con esa función, pero ésto solo está afectando a los usuarios que tenemos Android. Ya lo reporté pero no hay respuesta, espero que mejoren esto. pd: sólo usando X web (Twitter web) se puede subir archivos sin problema.",negativo,com.twitter.android,,,39
1c26ec39-174d-480c-a5b0-d62d826bf81e,Rut Ponce,2025-10-13,1,La app no traduce los tweets,negativo,com.twitter.android,,,2
9893c665-6ae9-40d3-8c50-4cfa69e5333a,Fernanda Castillo narcizo,2025-10-13,1,La aplicación de x no me deja postear ninguna foto y ya hice todo lo posible y aún no se ha solucionado,negativo,com.twitter.android,,,3
313edf6d-8315-4618-bb5e-0115889fb893,Manuel Rivas,2025-10-13,1,"Perdí mi teléfono y compre otro pero es el mismo número. los sadicos de X simplemente, no les da la gana de devolverme mi cuenta, con la cual ya tenía varios años! solo ponen excusas y mas excusas.de mi parte, PUDRANCE!!!!!",negativo,com.twitter.android,,,0
78d50309-b815-4387-992c-51dbc19fb076,Maria Bueno Rebuena,2025-10-13,3,"No puedo publicar videos, fotos desde mi galeria, siempre lo pude hacer, desde donde lo puedo activar!?",neutro,com.twitter.android,,,10
698bf7cd-1940-493a-b1e4-f1010719d7a8,María Lugo,2025-10-13,1,"Se instala,pero no puedo abrir,dice que hay un problema que intente más tarde y así es indefinidamente.",negativo,com.twitter.android,,,1
f07c449b-fd60-4c70-b295-c8d12c2e64d8,Stiven Daza Orozco,2025-10-13,1,"Es una mala plataforma, antes de convertirse en X había mayor libertad de opinión, pero ahora así utilices tus datos reales para tener una cuenta legal y así la verifiques, te pueden denunciar cuentas falsas para que te suspendan tu cuenta, técnicamente también se ha convertido en una red social de estafa, porque de nada vale que tu pagues tu suscripción, porque terminan quedándose con tu dinero y suspenderte así pagues una verificación de marca azul. No la recomiendo y quiero alertar.",negativo,com.twitter.android,,,3
d0ed60d9-e1b0-4982-b5c2-61221512e48c,CLAN LEGACY,2025-10-13,2,Ha booqueado para subir imágenes,negativo,com.twitter.android,,,1
e1ab330f-58db-40bc-ac11-82e2972c9ba4,Mariana Rebollo,2025-10-13,2,De un momento a otro se me desactivó el permiso para subir archivo multimedia y directamente está eliminada la opción dentro de los detalles de la App. Misterio. El caso es que es como si hubiese vuelto al Twitter cuando no se podia subir imágenes guardadas.,negativo,com.twitter.android,,,6
7a707662-5123-474b-b8c7-ec464591b5af,Guada Cimino,2025-10-13,1,siempre supe que entender Twitter era difícil pero dale loco no más quiero cambiar mi foto de perfil qué tanta magia es eso,negativo,com.twitter.android,,,133
5892c5c7-205d-409e-8bfa-3d45322acb88,pilar8196,2025-10-13,1,"Me a quitado la opción de subir archivos, imágenes, dice que los servicios se quitaron y cuando voy a la configuración de la app no se arregla. Prácticamente me la retiraron. Cada vez esta peor, por favor arreglen el error.",negativo,com.twitter.android,,,9
54d3d0c9-60a1-461a-b36b-37b44f3850e0,SHORELESS,2025-10-13,1,Hay un Error que impide darle permisos de fotos y archivos,negativo,com.twitter.android,,,5
c6f90760-bde6-4919-97bc-c864c478db01,Aniley,2025-10-13,1,"No me gusta nada. Tuve graves problemas de acoso. Ahora la necesito es la única forma de contactar con una persona, después no. tiene 3,3 * por algo será. Igualmente gracias, ello me llevó a no creer en las redes sociales. Y usar lo que necesito.",negativo,com.twitter.android,,,2
b044e911-4a01-41e1-b8f7-9244fad8880b,Verónica Gross,2025-10-13,1,pasaron años y sigue teniendo errores.,negativo,com.twitter.android,,,874
3c2a1932-828d-4f48-975c-a4a09dc2effb,TiagoSplitter 04,2025-10-13,1,"Ya no me deja subir fotos o videos, me pide que de permisos pero cuándo voy a configuración no hay ningun permiso de administración de archivos para habilitar",negativo,com.twitter.android,,,5
6c8e8b35-7b56-4c3a-8d2f-19499eb6ba76,rey,2025-10-13,3,"Es buen, sí, pero últimamente me ha fallado, ya no me deja poner fotos de perfil o banner desde la app, dice que no tengo permiso y cuando lo checo en configuración, no me aparece ninguna opción sobre eso.. ojalá puedan checarlo.",neutro,com.twitter.android,,,0
b154a399-f416-42e2-90ba-a8f2bb9b7a40,Isma Sampere,2025-10-13,1,"fatal. Da la sensación que ésto va a caer en breve. Se cierra la aplicación, no deja poner fotografías etc.. de penas",negativo,com.twitter.android,,,1
ca18376a-d962-4e2e-9de7-709f00c9bdeb,yazi,2025-10-13,2,no me deja subir fotos ni cambiar el header. me sale q no tengo el permiso de la app pero entro a configuración habilito todo y sigue estando igual,negativo,com.twitter.android,,,4
a601562c-9e72-49a7-a671-e1e7890dc580,Jose A. Rguez. Hdez.,2025-10-13,1,"no me deja compartir ningún tipo de archivo, solo me dice que al parecer desactive los permisos para esa opción. entonces entro a los permisos de Android y le doy incluso todos los permisos y aún así, sigue igual. incluso la he desinstalado y vuelto a instalar yo sigue la misma tontería . lástima, era mi aplicación preferida..",negativo,com.twitter.android,,,10
389a2037-b11c-43e9-99e4-63380c85f52d,jinxed the jinx,2025-10-13,1,no deja subir archivos multimedia,negativo,com.twitter.android,,,4
5f03e774-9cfe-477e-a2b7-2051c592a92f,Kuroe Caos,2025-10-13,1,"no me deja publicar fotos, me pide activar permisos que no existen",negativo,com.twitter.android,,,4
970e00e0-3117-4367-bc2a-a37a985658f7,AbelThatchPotter,2025-10-13,1,"I can no longer watch all videos on the entire screen, there are a lot that have a link below them and by clicking on the video, it takes me to a suspicious website. Fix that.",negativo,com.twitter.android,,,2
54464b27-8243-4e74-beb8-32405c003729,Fiorella Frara,2025-10-13,1,twitter,negativo,com.twitter.android,,,0
729ae8b4-9455-45ff-a52a-12c7a9672af3,Dennis Yaret,2025-10-13,1,Hola Buenas noches bendiciones Disculpe las Molestias en mi cuenta de Twitter X no puedo subir mis fotografías no puedo hacer nada dice que desactive las publicaciones de la cuenta que quite el permiso la verdad yo no hice nada solo quiero subir mis fotografías espero que me ayuden arreglar este problema para poder subir mis fotografías mil gracias,negativo,com.twitter.android,,,2
4b50f355-3a54-4dfb-8586-adec8ba51463,Danny Salazar,2025-10-13,2,"tengo dos semanas que no puedo subir fotos, según por falta de permisos pero desde mi configuración de mi cel no hay permisos que aceptar!!",negativo,com.twitter.android,,,2
ae990385-ca08-4362-aaa6-b742e5a7b5f1,Maicol Tormes,2025-10-13,1,"Tengo problemas para continuar subiendo imagenes a mi cuenta, todos los permisos estan otorgados, pero la app me pide activarlos.",negativo,com.twitter.android,,,1
da338cf3-7f77-4473-b5cd-cf95ab53b779,Leo LC,2025-10-13,1,Los Anuncios de las empresas chinas son muchos y muy insistentes....,negativo,com.twitter.android,,,1
8c61d9c6-d817-4696-8f43-bede22fe4aa1,D̷a̷v̷i̷d̷ C̷e̷l̷e̷m̷i̷n̷,2025-10-12,1,"no me agrada que a cada rato suspendan mi cuenta sin motivo alguno literalmente ni entro a la aplicación y me aparece que estoy suspendido por incumplir una regla, al menos digan cual regla es, porque no he incumplido ninguna ya que no entro a la app y ahora que puedo hacer yo? no puedo estar creando a cada rato una cuenta nueva solo para poder tener X",negativo,com.twitter.android,,,0
77fe4686-65c3-4e86-8b35-8255cab6ab8a,Carmen Hernandez,2025-10-12,1,no me deja subir fotos,negativo,com.twitter.android,,,0
2ce3e6ba-b373-499a-91fe-be30252728da,Lara Linari,2025-10-12,1,No me deja entrar a mí cuenta y no se porque. Solo me vuelve a la pantalla para iniciar sesión cuando pongo mí usuario y contraseña,negativo,com.twitter.android,,,0
138da0eb-f6d6-4edb-b589-d5273e7a38b7,Mir Vyllarino,2025-10-12,3,Twitter era mejor que X,neutro,com.twitter.android,,,0
7d480089-2978-4cfe-9e62-3d466118167e,Ramires Ramires,2025-10-12,1,información falsa son mis vecinos,negativo,com.twitter.android,,,0
6f86a927-175d-4a4a-b4f7-c4cbdd128e9a,S,2025-10-12,1,"No deja publicar imagenes, ya que no tengo los ""permisos""...",negativo,com.twitter.android,,,3
191f70e2-4753-44bc-8cd9-0bd22fc941d3,Camilo Founes,2025-10-12,1,"me saca de mi cuenta y no me deja entrar, pésimo servicio",negativo,com.twitter.android,,,0
7fa6e503-aefc-4718-9148-d600c12181a0,Ángel,2025-10-12,3,Póngale Twitter de nuevo,neutro,com.twitter.android,,,0
751e429c-673a-473e-9903-d80366b95089,Sánchez Erick,2025-10-12,3,no me deja subir imágenes ni fotos,neutro,com.twitter.android,,,0
2af4b03e-ded8-4941-b5e3-16829f6c4505,Josefa Paz Martínez Cornejo,2025-10-12,3,"No me está permitiendo subir imágenes, diciendo que debo activar los permisos. No tengo nada bloqueado excepto la ubicación y no hay apartado para multimedia.",neutro,com.twitter.android,,,2
7d9b4f0e-1020-4f46-9535-d4e71a15d50d,Alejandro,2025-10-12,3,"últimamente no me ha dejado publicar imágenes desde la aplicación, tengo que hacerlo desde galería. Me aparece que no tengo permitido el acceso a las imágenes, pero al querer activarlo no me aparece la opción.",neutro,com.twitter.android,,,0
e0cecf6b-a824-462d-9b8a-a42420da10f0,Douglas Guerra,2025-10-12,3,"desde hace unos días , no me deja mandar fotos ? le pasará a alguno de ustedes???",neutro,com.twitter.android,,,1
61fe92b8-058f-47ae-8d6c-746a38a06416,Uzui7,2025-10-12,3,"Tengo un problema muy grande,hace unos días,la app me exige el permiso de ""Archivos y elementos multimedia"" sin embargo al ingresar a configuración no hay forma de darle ese permiso,es como si la app no lo necesitará esto está atrasando mucho mis planes, ayúdenme",neutro,com.twitter.android,,,1
ab63bae4-3b25-4626-95e5-e93e0e0afac3,Juan David Hernandez,2025-10-12,3,Que se pueda traducir lo que esta en ingles a español,neutro,com.twitter.android,,,9
226f0d60-90bb-4424-83c2-d92484a73603,federico lara,2025-10-12,3,hasta ahora no tengo opinión.. mas adelante que lo use,neutro,com.twitter.android,,,0
d754cb80-44da-48d8-b86a-17ef5519e614,luis eduardo,2025-10-12,3,regular,neutro,com.twitter.android,,,0
0399884b-6432-4d88-a63a-245f69f76779,Juan Jose Milan Lopera,2025-10-12,3,Pesima no puedo abrir las fotos me piden selfie la hago y no me deja entrar ya tengo unos añitos,neutro,com.twitter.android,,,0
c5348d26-a3f9-407e-9de7-2c30b94aab70,Yuscar guacare,2025-10-12,3,"Ayuda la app no está dejando subir contenido multimedia,me dice que se desactivaron los permisos, pero me voy a mis ajustes de la app y todos los permisos están activos. entonces no sé porque me está pasando esto... ayudaaaaa por favor",neutro,com.twitter.android,,,1
2cfa2b3b-47da-4d4a-8221-7c0acbed834b,JUAN CARLOS MONÁ HENAO,2025-10-11,3,"Le bajo porque se está dañando mucho últimamente. Parece aplicación mamerta, de izquierda.",neutro,com.twitter.android,,,0
27c504d8-7ab0-46f8-bc83-8c2176153ac8,Ana Barrionuevo,2025-10-11,3,no me permite autorizar el permiso para archivos multimedia no entiendo que pasa,neutro,com.twitter.android,,,2
7b18e8f8-d763-46ba-b257-804147c16073,Jose Luis Ortega Huazano,2025-10-11,3,Ahorita dice que desactive permisos y yo nunca desactive nada y ahora no me quiere aceptar nada,neutro,com.twitter.android,,,3
16abc0f3-2edd-419b-a8f8-45a0e17365f0,Daniel Dominguez,2025-10-11,3,porque ahora los videos me los redirecciona para otra página,neutro,com.twitter.android,,,0
76abce1e-6a2c-4bd0-bff6-607a44045672,Astrid Reyes,2025-10-11,3,"De un día a otro no me deja subir imágenes, se quitó el permiso de que pueda acceder a la multimedia, ya intenté desinstalarla y volverla a instalar, hasta creí que era mi teléfono, pero nada. Espero que arreglen eso porque no soy la única a la que le pasa",neutro,com.twitter.android,,,5
e2d041f5-3102-4fad-9bb3-ed04a907a722,José Reyes,2025-10-11,3,"Es el segundo día en el que no puedo comentar imágenes porque dice que desactivé los permisos para hacerlo, cuando nunca hice eso. En la misma aplicación te manda a los permisos para que puedas hacerlo, pero el permiso de almacenamiento ni siquiera aparece con los demás, no existe. No soy el único con ese problema, ya varios en Twitter lo han publicado, incluso en foros de Reddit Arreglen eso por favor, porque hace días si podía comentar con imágenes sin ningún problema",neutro,com.twitter.android,,,23
9a9b1b69-2a53-4a07-9720-9724de6f4232,Sr. x,2025-10-11,3,"Hola, La app se cierra sola al intentar abrirla. Ya borre datos, caché, reinstalé y reinicie el teléfono. Sigue fallando.",neutro,com.twitter.android,,,0
cc1e5d73-e3a9-461b-b6cc-3040c335b61c,Brian david,2025-10-11,3,"Hay un problema donde miras una foto en un perfil, bajas y te regresa al principio, es muy molesto",neutro,com.twitter.android,,,1
0987a336-06b1-4537-a62b-eb8d183813b2,Donald Gonzalez,2025-10-11,3,"Se entra a un video y lo redirecciona a un anuncio de xxx con ese sistema chudai , que patético.",neutro,com.twitter.android,,,0
527d4a89-91de-4138-907f-d2128982d994,Jimm Udai Cardenas Peralta,2025-10-11,3,excelent,neutro,com.twitter.android,,,0
562b230e-e897-4abe-a2c3-3206cef7bcd5,Citlali López (Conejita),2025-10-11,3,cómo que ya no servirá X en modelos viejitos,neutro,com.twitter.android,,,0
3aeb8c88-7bd5-4fe8-837d-9209cdcfba7d,José Rafael Palacios,2025-10-10,3,Saludos tengo problemas para publicar imágenes y vídeos hace unos minutos lo podía hacer y ahora no ???,neutro,com.twitter.android,,,5
945baf9c-4861-422f-a1c7-24dde18c30c6,Esteban Emmanuel Mosqueda Rocha,2025-10-10,3,"Me encanta la app y por años he conocido gente buena por ahí pero acaba de pasarme algo de que ya no puedo enviar imágenes o videos y que el permiso que requiero para los archivos multimedia ha desaparecido únicamente para esta aplicación, pero no he tocado nada para que ocurra. Revisé otras reseñas y al parecer no soy el único con este problema, solicito una explicación y de favor quisiera que se arregle pronto esto.",neutro,com.twitter.android,,,11
1a2f0ab6-3fc0-4132-a799-8f517b05d18f,Neet Dlc,2025-10-10,3,"2 estrellas, estás usando la app tranquilamente y de la nada se cierra tu cesión o de plano te dicen que ""tu cuenta ha sino bloqueada"" teniendo que hacer una verificación de si eres un robot. esto ocurre seguido aunque no hayas publicado nada ni echó nada.",neutro,com.twitter.android,,,10
7830fd48-4bfa-4fce-90a8-346769451aba,Sergio Fernando,2025-10-10,3,hay un problema con la actualizacion del cual ya no hace mandar imágenes porque supuestamente no tiene permisos,neutro,com.twitter.android,,,2
211ba4ef-c519-4420-a10b-d9612f792974,Jose Veyn,2025-10-10,3,Regular turando a bien,neutro,com.twitter.android,,,0
62c2d86b-17c9-4f41-bdb3-a77273fbb38c,Yonander Marquez (YonnyG39),2025-10-10,3,"Desde las últimas actualizaciones, no me deja subir ningún contenido multimedia",neutro,com.twitter.android,,,6
9f728c34-14e0-49e2-b0d8-f86e27de5ce5,Juan Díaz,2025-10-10,3,yo uso mucho Twitter pero ahora con la última actualización no me deja cargar imágenes o videos desde la propia aplicación. me aparece como que el permiso de almacenamiento no existe y tengo que cargar las imágenes desde compartir en la galería,neutro,com.twitter.android,,,6
2cd4f646-2c6b-4403-a2f6-dbed7ee2c03b,ED M,2025-10-10,3,"no me deja cargar imágenes, dice que no tengo activados los permisos. pero en permisos no me aparece la opción de multimedia. También me dice que no tengo activado el permiso de cámara y sí lo tengo.",neutro,com.twitter.android,,,8
680536fc-8976-4865-bc6a-9cccf41946d4,Bryant Ros,2025-10-10,3,muy bueno pero no deja poner foto de perfil,neutro,com.twitter.android,,,0
5e53336c-17b9-45f3-ba24-b3db1b700897,Freddy Mejia,2025-10-09,3,Que regrese el fav.,neutro,com.twitter.android,,,1
67332724-70a6-4911-af32-0c7b796d8502,"Nora , Buenos Aires.",2025-10-09,3,"Quiero cambiar las opciones de tendencias, no me interesa el kpop.Me dice que actualice. Lo hice y no cambió nada",neutro,com.twitter.android,,,1
dde02910-c0ee-47e1-9416-90134a6edda4,Ivan Cruz,2025-10-09,3,No importa que active o desactive todo está censurado y no entiendo por qué.,neutro,com.twitter.android,,,1
2be699a9-8d16-4493-bc93-1601f6ef40d8,Víctor Moncada Alvites,2025-10-09,3,"post muy monótonos y repetitivos, solo salen de una sola tendencia, privilegian información sesgada y posturas radicalizadas, sobre todo de gente sin ningún tipo de autoridad en el tema",neutro,com.twitter.android,,,0
34ff0eb7-552a-4224-a843-f18435f47883,Joaquin Oliva,2025-10-09,3,"dos bugs puntuales: 1. cuando voy a la lupita para buscar hay veces que al volver hacia atras se cierra la app en vez de volver al inicio. 2. se recarga el inicio involuntariamente, eso hace que pierda tweets que quería ver y es frustrante. Pasa lo mismo cuando entro en un tweet y vuelvo al inicio o simplemente termino de ver un video y vuelvo, automáticamente se recarga el inicio perdiendo el tweet que estaba viendo.",neutro,com.twitter.android,,,8
9e5d58d9-0506-472f-9b0b-f07cb49b17a1,Alfredo Malespín,2025-10-08,3,"Está mejorando, pero existe el temor de que hagan cambios a su antojo",neutro,com.twitter.android,,,0
c9481103-a4a9-429a-905a-f8e8e4bb9d72,Luisa moreno piquer,2025-10-08,3,falta de civismo,neutro,com.twitter.android,,,0
0782af59-5556-4838-91d5-fb3d1a9b3b6b,Dayana Maldonado,2025-10-07,3,buena,neutro,com.twitter.android,,,0
372797cb-3c63-4e74-b235-8caec49f4ac4,Luis Rodríguez,2025-10-07,3,a alguien mas no los deja ver videos yo quiero ver uno y me abre enlaces o paginas de internet a alguien le pasa o solo ami,neutro,com.twitter.android,,,1
15e8e471-d3cf-4ae7-8dc6-897b83b35ed4,CHOPY TRONCOSO oficial,2025-10-06,3,"es una muy buena app para compartir ideas y arte, pero el problema es que la mayoría de los usuarios y artistas hacen contenido muy fuerte +18, si podría elegir, pondría un botón para eliminar posts, es decir, si algo postea o repostera contenidos delicados, el botón de eliminar post sería como bloquear definitivamente sin bloquear al usuario",neutro,com.twitter.android,,,5
d2fdb72c-b26b-46c0-845a-c31ad51e8557,Elmer ́in,2025-10-06,3,"si le regresan el nombre de Twitter les daré 5 estrellas, y cuando sigamos pudiendo ver los mensajes como al inicio hasta que queramos no limitados ni seleccionados.",neutro,com.twitter.android,,,1
0f99de19-681c-49f9-a3d5-33df189bcff1,ORGULLO LATINO,2025-10-06,3,"porque no hay una opción de traducción. Hay varios idiomas que uno no entiende y no hay ningún icono donde se pueda traducir. X ejm en facebook, Instagram, tik tok, YouTube y threads tienen su icono de traducir idiomas. Eso le falta a X.",neutro,com.twitter.android,,,1
1d372fc6-3898-4962-8161-a8e3f3951371,Pollilopochtli,2025-10-05,3,"Todo me parece buenísimo en esta app, pero tiene un gasto excesivamente desmedido de la batería, ya mejor no quiero ni utilizarla porque drena significativamente la energía de mi Smartphone",neutro,com.twitter.android,,,1
5ae91a61-f42c-4e2a-81db-94ea28485b6b,edison,2025-10-04,3,"tengo un problema, cada cierto tiempo me sale un icono de sospecha de actividad, es muy molesto",neutro,com.twitter.android,,,0
a1f8f109-d4f6-4461-864c-e8590dab5465,David Vilches,2025-10-03,3,Me han suspendido la cuenta que tengo hace 15 años. contacté a soporte y no he recibido ninguna respuesta por correo. tampoco me dejan crear cuenta nueva al menos de respaldo. todo sin causa aparente.,neutro,com.twitter.android,,,1
30fd52ba-428c-46aa-801f-d47de17dfa3e,rosaire cova,2025-10-03,3,más o menos,neutro,com.twitter.android,,,0
5fd144c0-618c-42b6-ae83-bd8f0d32cb72,Angeles Castañeda,2025-10-03,3,es una lata que cada que la necesite no abre. me manda a registrarme o iniciar sesión. me pide fechas de nacimiento y registrarme cusndo tengo años con la app. últimamente un muy molesto,neutro,com.twitter.android,,,1
1a0c6ae4-8d01-4f81-8db3-9ce32d43d094,Israel Jamón Manchego,2025-10-03,3,esta muy bueno pero tiene muchas fallas que no se ve que le quieran arreglar.,neutro,com.twitter.android,,,0
d691dd1a-6821-4a50-8b2a-35ddac09666e,Pablo Vega,2025-10-03,3,Los videos no se reproducen muchos y otros si.,neutro,com.twitter.android,,,0
3810659a-ecd9-45d1-9241-8e95fb0666ad,Ana Espinoza,2025-10-03,3,aquí las q vemos videos de tomate488,neutro,com.twitter.android,,,0
df549157-7d56-4804-a019-0d137976bb94,Martín Ledesma,2025-10-02,3,"siempre hay problemas para reproducir los videos, sale con error de reproducción",neutro,com.twitter.android,,,1
6fddf283-70dc-4484-91da-0882cf06d6d5,Bernabe Hernandez,2025-10-02,3,"quiten el ""Anteriormente Twitter"", sólo los q3ñd3¡0s le dicen equis",neutro,com.twitter.android,,,0
1e9ddba9-443e-469e-929b-0ada309653ec,Maria de lurdes,2025-10-02,3,es buena la app pero no sé por qué no me deja meterme si puede arreglar eso,neutro,com.twitter.android,,,0
36da0da5-7647-4702-93c1-d2f40da565f5,Ronald Guerrero,2025-10-02,3,Le doy 3 estrellas porque cuando paso a ser x mucho se sierra sesión y me dise que mi cuenta asido bloqueada no se si solo me pasa a mi pero tengo ase problemas,neutro,com.twitter.android,,,0
ea5b03e8-29ff-410d-9ddc-348d6e5128b1,R1 Spamer,2025-09-30,3,"Hay errores desde hace meses que al buscar en la galería salta el teclado y no deja ver las imágenes, también hay un error donde no deja ver las imagenes nsfw ocultas con su boton, y debes desactivar la opción de censura para poder verla. Pero de ahí... está bien supongo.",neutro,com.twitter.android,,,0
d13bc065-7a79-48a5-9187-f1e204511e3e,Karen Bustamante,2025-09-30,3,"¡Hola! Lo que no me ha gustado es que me suspendieron sin razón, tuve buscando algo y lo hicieron si razón alguna, pero buena app.",neutro,com.twitter.android,,,0
f1f8628b-f4c3-43f9-8616-f20f76711401,Rodrigo Romero Aquino,2025-09-30,3,funcionaba muy bien asta que depronto no me deja reproducir los videos y no piensen que mi cuenta esta suspendida solo no funciona para reproducir los videos reposteados y posteados,neutro,com.twitter.android,,,6
a4a705d4-47e5-427b-8acb-59f30bbe1b37,Francisco Torres,2025-09-29,3,no le entendi a esa app No le encontre interes,neutro,com.twitter.android,,,0
7e3b7c38-8504-4972-afc8-9aac95e6a6ce,irving de la cruz,2025-09-29,3,que regrese el formato de los vídeos por qué ahora es un a basura,neutro,com.twitter.android,,,1
43558d7e-e293-49ec-a176-e2249ed53a20,Es el Maick,2025-09-28,3,no estoy bloqueado y mis comentarios no aparecen,neutro,com.twitter.android,,,0
9408b225-5d42-4b0b-a43c-6553ab2eb1c3,Arthur QUMO,2025-09-28,3,algo elevado de precio pero buena,neutro,com.twitter.android,,,0
90aca7f9-6520-438e-a14e-d2e0349b5bf2,Edgardo,2025-09-27,3,hay bastantes artistas pero son un poco difíciles de encontrar,neutro,com.twitter.android,,,1
1ceb179b-fcc0-497c-9cb7-f4f5f624ddbe,Ιβάν Βάθκεθ Ντελγκάδο,2025-09-27,3,Threads supera a X en usuarios activos diarios,neutro,com.twitter.android,,,0
ed99b458-c760-4144-bf2b-883536113d35,Edenilson Gracias,2025-09-27,3,"todo bien pero no puedo ver los videos dentro de la aplicación me manda para el Internet, antes no pasaba eso ahora si y es muy molesto",neutro,com.twitter.android,,,2
81574fa8-c22a-4615-9ecd-a48e3937d105,Gerardo Leon Andrés.,2025-09-26,3,"ahora me sale, que estoy incumpliendo las reglas, y ya me etiquetaron, reduciendo mis reacciones, y para colmo me dicen que si soy un robot.!!!",neutro,com.twitter.android,,,5
bc747a27-3609-4686-89a7-2db6ecbe15ef,Daniel Dominguez Espinosa,2025-09-26,3,A cada rato se cierra la sesión y hay que estar iniciandola,neutro,com.twitter.android,,,0
563b37f1-f386-4fb8-99ee-3da1c1d09f23,Gonzalo Estall martinez,2025-09-26,3,imposible ponerme en contacto con alguien estoy desesperado,neutro,com.twitter.android,,,0
bd3a5683-f2eb-45fe-9227-3e7f003485fb,Nahuel Foucault,2025-09-25,3,Nunca me va a dejar de dar gracia que al final tuvieron que mantener la palabra Twitter vigente,neutro,com.twitter.android,,,1
14c37a6a-0bec-4542-ade9-54dc8e1e3170,Juan Pablo Villagra,2025-09-25,3,"noe carga la seccion de ""seguidos"" no puedo ver lo que comparten o postea la gente",neutro,com.twitter.android,,,0
07ab4534-62b2-4434-825a-ecd925266c1e,Kevin Sanchez,2025-09-25,3,Con la actualización carga mas lento no carga las fotos y carga muy pocos twits. Porfavor arreglenlo.,neutro,com.twitter.android,,,4
7b591c33-d74c-467f-b037-e074a64e7d99,Jota,2025-09-24,3,"Estoy teniendo problemas con las funciones de X Premium, compré la suscripción y ni siquiera me dieron el check azul. Les he escrito al correo de soporte de la aplicación que aparece aquí en Play Store, pero no me responden. Ya no sé qué hacer! Ayuda!",neutro,com.twitter.android,,,0
6e40b73d-5a6f-4490-988e-5cdc3e0a05b6,Fake 99,2025-09-22,3,"La aplicación es muy buena pero con mala organización de contenido y moderación, aunque bueno, todos sabemos la mala moderación y su forma de expresar sé ahí, pero bueno, ni modos",neutro,com.twitter.android,,,1
e49e0c6c-0da3-4b02-a8ec-15eb4d2f8d81,Ownml,2025-09-22,3,pueden añadir más opciones útiles a X?,neutro,com.twitter.android,,,0
f3eff578-9380-4c0a-bf52-b36a5fd95a5c,ALEJANDRO PEREZ,2025-09-22,3,muy buena app pero le doy 3 estrellas porque van 2 cuentas que me cierra y sin poder solucionar nada,neutro,com.twitter.android,,,0
73ff4d0b-1e07-4180-b9ba-8b6bccc2550e,Josué Boussart C,2025-09-22,3,no tiene buenas resolución las fotos,neutro,com.twitter.android,,,0
59c5255a-5471-44a9-a149-a58e98962f28,Camila Ortega,2025-09-21,3,"A pesar de que mantengo la aplicación actualizada, sigue ese error/bug de no dejar observar imágenes o vídeos con contenido delicado a pesar de que tengo mi cuenta configurada para poder mirar dicho contenido. Arreglen eso, por favor, es molesto no poder ver contenido multimedia de usuarios que sigo y suben imágenes o vídeos con la advertencia de contenido delicado.",neutro,com.twitter.android,,,8
299ac990-1047-4db9-b7c7-f1af19f501f1,Yuki Mao,2025-09-21,3,"en mi experiencia las opciones de ""contenido que ves"" ni bloquean, ni habilitan el contenido sensible, en contenido que me aparece no cambia de ningun modo modificando estas opciones de filtros de contenido, esta opciones están de adorno por que no sirven de nada para lo que están destinadas",neutro,com.twitter.android,,,0
170c3c03-5ad1-440a-9073-a85edf6aa151,LUIS ADRIAN ALARCON LOOR,2025-09-21,3,falla los chat dm,neutro,com.twitter.android,,,1
45e0ae0b-b7e0-4b01-bfb5-bfc2a7c090fa,David Rogel,2025-09-21,3,no me carga bien el para ti de la apps no me carga las publicaciones bien.,neutro,com.twitter.android,,,0
02c8b05f-4e32-436b-b0fd-4efab09a3829,aymi ibz,2025-09-21,3,"Usé la app con bastante normalidad hasta hace unos dias, simplemente eliminé mi cuanta para hacerme otra, y cuando lo intento, no me carga o me dice que intente más tarde, intenté eliminando el caché, dando los permisos, utilizando una vpn, instalando y desinstalando la app y nada sirve, la verdad es bastante inconformable porque literalmente no me sale que sea un error mio, solo me sale que no se pudo hacer la solicitud y que intente mas tarde, cuando estoy hace dias intentando.",neutro,com.twitter.android,,,24
d4e15bd8-ff08-4632-92eb-110078870e55,Yanira Vásquez Miranda,2025-09-20,3,"Los estados de X deben ser eliminados en su totalidad. El hecho de que otro usuario sabe que estás conectado o no, o la situación en la que te encuentres genera problemas porque los estafadores, personas mal intencionadas y personas tóxicas están usando esto para controlar a sus víctimas y crea problemas entre usuarios no solo por no está conectados sino que agraden en mensajes a las personas y pasa igual en Facebook, WhatsApp, instagram, tiktok por mencionar algunas tomar medidas",neutro,com.twitter.android,,,1
5ef27ba5-b8c0-412a-8825-d9096648bc79,Alexandra Romero,2025-09-19,3,"No puedo ver videos, me marca error de reproducción por favor revisen, ya borré caché, actualizé y el problemas persiste. Pésimo.",neutro,com.twitter.android,,,1
d94a355b-0f5d-4e73-b4d7-c400a791de63,Erick Ventura,2025-09-18,3,"Me encanta usar Twitter en mis horas libres de trabajo y cuando llego a casa. Pero en la última dos actualizaciones han dañado la experiencia, cada vez que entro no me aparece los tweets, mensajes y notificaciones, la pantalla de queda en blanco y solo aparece mi foto en la esquina. Para poder ver los tweets tengo que entrar y salir dos, tres y hasta cinco veces hasta que aparezca la información y poder navegar. Y esto pasa cada vez que voy a entrar a la App. Espero que lo arreglen pronto.",neutro,com.twitter.android,,,90
d5823d46-467b-463f-b5a9-908fa09fee59,Elí Centeno,2025-09-17,3,"Es raro que la app corte los chats, dejándolos incompletos (y otras falencias). Deben mejorar bastante.",neutro,com.twitter.android,,,1
e27c8181-3fdf-41aa-8f61-c3b0c30dd4e6,Agustin Sanchez luna,2025-09-17,3,"me gustaría que se puedan publicar más de 4 imágenes en un solo post, así como Instagram o Facebook.",neutro,com.twitter.android,,,0
bad2cc13-45ea-4979-ae6a-fd2d9ca28e7d,Víctor Ramírez Almonacid,2025-09-17,3,"igual ya es hora de que deje de salir la frase ""(Anteriormente Twitter)""",neutro,com.twitter.android,,,0
0ab78468-80b2-4522-8e23-c0020c2e844e,salvador paloma ceriche salinas,2025-09-16,3,cuando pongo un vídeo el audio casi siempre está descoordinado,neutro,com.twitter.android,,,0
4eca2219-64de-4da4-9c72-789327ec17ab,Hugo Alberto Polanco Canul,2025-09-16,3,a cada rato me cierra la cuenta y me pide verificación,neutro,com.twitter.android,,,1
addbd1ad-9744-41fc-b78a-f5149c1aaf8d,AAA AAA,2025-09-16,3,tiene muchos errores la aplicación en varios dispositivos congela,neutro,com.twitter.android,,,0
ba3e4f8d-04b5-48d4-8406-f0f95b2cd134,Nora Rivas Vilera,2025-09-15,3,No me permite usarla,neutro,com.twitter.android,,,0
3cc6a57b-0c63-4bfe-b107-4d4a901bb547,Isaac García,2025-09-15,3,Hola como estas,neutro,com.twitter.android,,,0
bc24a8b0-ea69-4fdd-8707-18ba98fa0550,Alan Tapia,2025-09-13,3,"Lastimosamente, X no está enviando los mensajes en conversaciones, deben mejorar eso",neutro,com.twitter.android,,,0
d38298e2-be0a-4ae1-bb5b-a4608888b852,Maria Guzmán santiago,2025-09-13,3,cuando pueda recuperar mi cuenta te lo diré porque soy incapaz de entrar,neutro,com.twitter.android,,,0
5a720420-b530-492d-ac19-cfb47a86455f,Danjey Surick,2025-09-12,3,"En contenido sensible no me funciona el botón ""mostrar"", ya eliminé caché y datos, también ya desinstalé, reinstalé, la aplicación ya recibió actualización, y el problema persiste.",neutro,com.twitter.android,,,5
befd22fa-363c-4c3d-b3a8-379a6f19b8e4,Roberto Enrique Quintero,2025-09-12,3,"Interesante y entretenida. Pero por el amor de DIOS. PORQUESE ACTUALIZA AUTOMÁTICAMENTE LA PUBLICACIONES!? Que función más detestable de esta app. Limita el contenido que miras en el app, por más que lo cambies.",neutro,com.twitter.android,,,288
1bc712fe-7617-4497-9432-29ad8aea8d71,Cosme Fulanita,2025-09-11,3,"Llevo ya un tiempo largo teniendo un problema con las solicitudes de DM (Mensaje directo). Ya que a veces me doy cuenta que me escriben pero veo la hora y es de muchas horas antes, pero antes había revisado y no tenía nada. O a veces me marca el típico punto azul avisándome que tengo solicitud, voy a revisar y sale ""No se pueden recuperar los mensajes"" y no puedo verlos hasta mucho después. Es un fastidio que lleva pasandome muchos meses ya.",neutro,com.twitter.android,,,0
1ed7bd3b-ac3a-4e2c-9c50-1f3eef9c512b,Florencia Rey Leyes,2025-09-11,3,buena,neutro,com.twitter.android,,,0
3fd1b04f-5eb1-4ddc-b1ac-4651d101326e,S,2025-09-11,3,"Nose porque cuando trato de *dejar de seguir* ""temas guardados"" los vuelve a poner de la nada, puede solucionar ese error por favor, de ahí en fuera me encanta la app",neutro,com.twitter.android,,,1
834138e5-fd7d-42d8-b2a7-ab5ede6b1fb8,M. S.,2025-09-10,3,"Su reproductor de video es un asco , termino de ver algo y el sonido del vídeo se superpone , tengo que cerrar la aplicación completamente para que se detenga , es muy nefasto.",neutro,com.twitter.android,,,8
e582a869-be99-4c17-865c-3d2bf9597bf6,Juan Miguel García Ruiz,2025-09-10,3,muy agresiva los comentarios no son nada constructivos Además después de darme de baja no he podido conectar otra vez,neutro,com.twitter.android,,,0
1c46228f-1371-4230-a7fa-2d8a20366dc6,Expreso Internacional Ormeño,2025-09-10,3,no se puede modificar para ver los contenidos que están con restricción,neutro,com.twitter.android,,,3
6a88a941-807f-4a0c-b59d-20acbe49dc60,Manuel Maidana,2025-09-10,3,"la aplicación en si es buena, pero el botón Mostrar no funciona desde la última actualización, arreglen eso porfa !!",neutro,com.twitter.android,,,0
0845a5a2-1baa-46d8-98b5-b5e1c6a569c5,Dayana Gonzalez,2025-09-10,3,app tiene fallas con la nueva actualización no me deja ver contenido sensible cuando yo lo configure para verlo pero si me permite ver otros contenido igual de censurable así que no entiendo porque los que tiene la etiqueta de contenido sensible no se puede ver y solo me pasa en la app porque uso mi cuenta en un navegador y si me lo deja ver.,neutro,com.twitter.android,,,2
3e9aedc2-1799-4795-85f2-cfb81f4964d4,Jesus Eduardo Angulo,2025-09-09,3,es buen sería perfecta que dejarán ver las foto un sola vez que tiene el perfil bloqueado,neutro,com.twitter.android,,,0
c1fa0720-7669-4517-b888-79dbffbdce11,Rene Gutiérrez,2025-09-09,3,Por favor necesito que me ayuden gracias,neutro,com.twitter.android,,,0
956ea982-25c9-4800-af51-2b9e409ace75,Gohu 015,2025-09-09,3,"Los botones de la app, se ponen detrás de los botones del celular de regresar y Home",neutro,com.twitter.android,,,0
f6336ce2-34e0-4667-bdf4-1dceaecba9c9,kitsune gaming :3,2025-09-09,3,"cada que entro me pide iniciar sesion, y ahora cada que inicio sesion me manda de regreso a la pantalla de inicio de sesion",neutro,com.twitter.android,,,0
a0707407-957d-4ad8-a856-77056122d5de,Lidia Gallardo Cortés,2025-09-09,3,"Le doy 4 estrellas porque no es un app que use tanto, pero reconozco que para el contenido de la gente que sigo y la sección de noticias, estoy contenta.",neutro,com.twitter.android,,,5
8e7d1d39-66d9-44e0-b462-926103b85745,Criss,2025-09-09,3,Le tengo un amor/odio,neutro,com.twitter.android,,,0
5394645c-213b-43be-a22a-fc3009059eba,mai - sbra,2025-09-09,3,"no me deja darle al botón de ""mostrar"" la imagen en las fotos censuradas :c",neutro,com.twitter.android,,,1
4d0235a5-604f-4878-be56-67843dc69f91,Marcelo Parra,2025-09-08,3,"no funciona el botón de mostrar esta todo bien configurado y no funciona, solucionarlo y vuelvo a poner 5 estrellas",neutro,com.twitter.android,,,0
0f960047-c201-4fb5-8de8-19d7030291f7,Paul Emmanuel Alacama Salas,2025-09-08,3,Tengo muchas fallas al iniciar sesión o crear cuenta con la app móvil ni me deja visualizar imágenes con advertencia esta mal optimizada y pésimo servicio X,neutro,com.twitter.android,,,0
33c34e1a-a592-4b30-9acd-79e4380a14d4,Mercedes Mejias,2025-09-08,3,buenas tardes todavía la aplicación no esta disponible para Venezuela gracias,neutro,com.twitter.android,,,0
9204db60-961f-42e8-b889-d0b2ac5abcd2,Rosil Espanol visaez,2025-09-08,3,mi app X dice error al reproducir los videos q sera porfa ayuda,neutro,com.twitter.android,,,0
4c57a9f1-762c-494a-b9f1-6f867a010553,ilussia1331 rodrigo,2025-09-07,3,"He tenido errores constantes sobre que la sesión se cierra y tengo que iniciar otra vez, así como no ver contenido delicado, alguien como solucionar esto",neutro,com.twitter.android,,,2
e3dc6d99-9d92-4d1e-881e-6866cc5d6f29,Jorge Enrique Zubieta posada,2025-09-07,3,"en la actualización de contenido , tienen problemas y no se carga la imagen, por favor solucionen esto lo antes posible",neutro,com.twitter.android,,,0
cedc2aa9-9911-4df7-97bf-a8f3c14127f5,Steven Melendez,2025-09-07,3,"tras todo este tiempo de ser X la app sigue con los mismos errores de twitter, 3 estrellas por Gork",neutro,com.twitter.android,,,2
6828ff42-79fb-4eac-a861-14e3d9056af7,Sindy Paola Cardenas,2025-09-07,3,lo utilizo solo lo necesario,neutro,com.twitter.android,,,0
35b89e21-ca59-430b-8d5b-5eb8b46ca871,Anyelo Hernandez,2025-09-06,3,aveces se complica para iniciar cesión a pesar de estar recién instalado,neutro,com.twitter.android,,,0
fedd5bdf-cc34-43fe-9637-f4b05e19625c,Valeria FB,2025-09-06,3,"Los videos tardan demasiado en cargar y verse bien (y no, no es mi teléfono el problema).",neutro,com.twitter.android,,,1
bdc40ac4-9e7b-4696-9351-2c3dcd1d2f1f,Blix Kat,2025-09-06,3,"Todo bien, pero desde hace un año las cuentas que tienen contenido sensible son censuradas sin importar que haga, desactive las advertencias y aun pasa con algunos post, cree otra cuenta para ver si lo arreglaba pero ahora se censura aun mas que antes, arreglenlo porfavor",neutro,com.twitter.android,,,1
a3c3a98a-c513-4a2a-a37c-2aabf6c07799,yuzukifandubs,2025-09-06,3,Me gusta la app pero recientemente no me deja abrir las imágenes y ahora que la volví a descargar no me deja acceder,neutro,com.twitter.android,,,0
f0fcb882-2110-4ce4-9303-4c97e4691401,Mjfi 2024,2025-09-06,3,"ha estado fallado bastante, mas que ahora no se pueden ver las fotos con contenido delicado a menos que se inicie sesión en un navegador, y además de eso cuando bajas demasiado en los post de alguna cuenta simplemente se reinicia y es muy molesto.",neutro,com.twitter.android,,,14
0a255e33-a254-4316-b203-4e07067a12cb,carlos antonio diaz-garzon almada,2025-09-05,3,Acabo de descargar. Tiempo al tiempo. En consecuencia aplicaré solamente el tres. . . . . .,neutro,com.twitter.android,,,0
4eaf08ea-7f65-4144-a7af-0ac2cc003877,Nicolas Robayo,2025-09-05,3,mejoró pero sigue algo mal,neutro,com.twitter.android,,,8
506ef5ce-92c6-46e6-b161-e325e63308f7,ギミードラゴン•\\\w\\\•,2025-09-05,3,la app ya no abre las imágenes...funciona fatal desde la última actualización,neutro,com.twitter.android,,,1
9d83d619-6c4d-4960-a68a-5309dff23b3a,Alejandro Alejos,2025-09-05,3,"se extraña como era antes podria cambiar mis post editarlos y todo era un poco libre pero ahora debo pagar en algunas cosas que antes estaban gratis... ok pero bueno, esta bien",neutro,com.twitter.android,,,1
ada9cb07-8cf5-42b3-8b92-fcd74bd289ad,R69K,2025-09-05,3,"ya no me deja ver publicaciones sensibles aunque tengo mas de 18 y el filtro esté en ""permitir"" ni me deja subir mas de 1 imagen en una misma publicación",neutro,com.twitter.android,,,1
d28247ee-3514-40a9-8afb-effd41381390,Alexis Vasques16,2025-09-05,3,problema en la de reproducion de video sale error de reproduccion,neutro,com.twitter.android,,,0
9b893646-a5ea-48f4-b0ec-9d71ad1a2938,Abdiel Arturo Lule Diaz,2025-09-05,3,carga muy lento,neutro,com.twitter.android,,,0
b22d1505-24dd-4bac-8aea-bc2f7b14989b,Edward Fabián Barón,2025-09-05,3,"La app tiene un bug. Cuándo estoy viendo un video, lo pauso y luego bloqueo el dispositivo, el sonido vuelve a activarse y queda sonando con el dispositivo bloqueado.",neutro,com.twitter.android,,,2
6a0d7046-217c-4a17-a8f8-ee896bb1e5ef,Kikuharu Nakamura,2025-09-04,3,"Muchas actualizaciones y siguen sin arreglan errores, llevo meses sin recibir notificaciones de mensajes y la advertencia de contenido no se puede quitar (problemas que no tiene la versión navegador y escritorio)",neutro,com.twitter.android,,,4
6e544a65-ec6c-498d-afe8-1f73b4b3d9da,Brayan Torres,2025-09-04,3,el botón de advertencia de contenido está bug,neutro,com.twitter.android,,,0
a87452d2-ed76-4303-b30e-cd3b2729ef30,Un usuario de Google,2025-09-04,3,El reproductor de video sigue tan malo como en 2016,neutro,com.twitter.android,,,0
7999e8f1-63e6-4474-94f8-9cc579719448,Diego Indalecio,2025-09-04,3,enredosa,neutro,com.twitter.android,,,0
b66d509e-1a5a-45f6-bf4b-b55644be1d7e,Jhon Doe,2025-09-04,3,por alguna razon marca algunas fotografias como material delicado y no deja visualizarlas aunque le presiones mostrar incluso en la configuracion ya seleccione que se muestre todo tipo de contenido sin censura sigue bloqueado,neutro,com.twitter.android,,,7
70abfcc6-d4c0-4782-83b9-790898c81e80,manuel jacobo duarte,2025-09-04,3,no me quiere abrir la cuenta X,neutro,com.twitter.android,,,0
79bbc92f-349b-4ad2-a139-e99f0dd0bf45,Nekomimi's World,2025-09-03,3,ya no me notifica como se debe,neutro,com.twitter.android,,,0
dd23235f-9540-4b4a-9789-0481ddb36cb7,faustino juarez,2025-09-03,3,"algo que me gustaría sugerir es que al igual que en otras redes sociales cuando se bloquee a alguien,esa persona no pueda ver o encontrar el perfil ya que no ayuda mucho el que solo se le restringan los comentarios y reacciones",neutro,com.twitter.android,,,1
55cec35a-9771-4d53-8ad2-12842af1f33e,Jes,2025-09-03,3,"La app no sirve, Llevo mucho tiempo donde las advertencias no las puedo quitar, hay contenido que sale con una tipo de advertencia y le debes picar mostrar si quieres verlo y ya no me deja, no puedo acceder a el contenido de la aplicación",neutro,com.twitter.android,,,2
d4c75733-60b6-4caf-b29d-9b4a82c96f19,NethKings,2025-09-03,3,buena..,neutro,com.twitter.android,,,0
a9a8e067-574d-42d2-822f-4a2f2695fa55,caesar toyou,2025-09-02,3,muy buena app pero no sé no me deja ver contenido con post que marcan contenido sensible apesar que soy mayor de edad y como que ahí se queda la imagen sin mostrar nada apesar de que antes si servía pero ya no,neutro,com.twitter.android,,,0
152cf8ca-3ebe-4a6c-8019-5f71ab80b182,Jaime Stewart Gavilan Terrones,2025-09-02,3,"Cada vez hay bichos raros de los NSFW polémicos y bots acosadores, ugh.",neutro,com.twitter.android,,,0
586a813e-5c68-4c55-9484-f27a873ea893,Maximiliano Guzmán,2025-09-02,3,excelente. habiliten todas las funciones gratuitamente y les pongo 5 estrellas,neutro,com.twitter.android,,,0
898bffd0-09fe-4133-9337-080e2eb325c5,Apocalypse,2025-09-02,3,"El botón de ""mostrar contenido delicado"" no funciona y tampoco aparece el de ""cargar imagen con mayor calidad"", de ahí en fuera todo normal Ojalá lo arreglen pronto",neutro,com.twitter.android,,,2
b309069f-6e0a-4e93-ab3e-d7c9b17f73b9,J.V Angel,2025-09-02,3,"Hay muchos bots, vean eso.",neutro,com.twitter.android,,,0
243099c2-a4b1-4bf0-a157-157d0fa6fa87,mvrvdxnix,2025-09-02,3,le falta pantalla completawe,neutro,com.twitter.android,,,0
7d0b71cb-19ad-4f6a-b59e-051cf532daef,Cesar Fuentes,2025-09-02,3,"Es buena, me gusta el diseño y siento que es mas facil de usar Me gustaría que siguiera siendo Twitter, han cambiado algunos aspectos creo que para mal",neutro,com.twitter.android,,,1
9b973b9c-5f43-42e6-aa25-cad34399f430,Diana,2025-09-02,3,aprendiendo,neutro,com.twitter.android,,,0
54e0f3bf-9992-42ce-b44f-0d2bc4b4a29c,WII2D,2025-09-01,3,Falta servicio al cliente,neutro,com.twitter.android,,,0
60151f3b-58b6-4b41-bcc1-3f55458b7a2a,Paz Argueta,2025-09-01,3,"después de unos días no puedo ver mi lista de las personas que me están siguiendo para poderles dar el seguimiento, no se que está pasando",neutro,com.twitter.android,,,0
df48bc74-42e5-4aed-a8f1-f3898d1271cb,saull 28,2025-09-01,3,Mediocre,neutro,com.twitter.android,,,0
9986751f-cbb9-478c-b689-6c459f64c8b6,HabanalokoPlus,2025-09-01,3,"Hasta este momento he valorado la aplicación con 5 estrellas porque se lo merecía, pero esta pasando que el contenido delicado o sensible que lo tengo habilitado, muchas publicaciones me muestran el cartel de advertencia y cuando aplico para que lo muestre, este no muestra el contenido de la publicación (tuve que desinstalar y regresar a una version mas vieja y esta funciona como debe ser) me gustaría contar con las ultimas versiones pero estas tienen problema y mal funcionamiento",neutro,com.twitter.android,,,4
c22e30e4-363c-43ec-9674-bf04030d7f6d,Dana Robles,2025-09-01,3,bien,neutro,com.twitter.android,,,0
dce71a13-1a19-4e0e-a234-0b0d4884ee5e,Montserrat Haaz.,2025-09-01,3,"la aplicación es genial, solo que no me permite ver contenido sensible y mi configuración no es.",neutro,com.twitter.android,,,0
8a5f50e6-521c-48af-b89c-be2ac8a86b26,Darck,2025-08-31,3,"actualmente tengo un problema, hay momentos que entro a la app y no me quiere conectar y otras veces si, empezó hace un mes y solo ocurre con X las otras apps están normales.",neutro,com.twitter.android,,,1
47b053fd-4203-426a-b66f-e7b5eba592ca,Maykot Ortiz muñoz,2025-08-31,3,La apk es muy bueno el único detalle es que tiene varios bugs con el contenido multimedia qué no deja reproducirlo,neutro,com.twitter.android,,,0
610eb8f7-f452-4a21-b3be-5f4fc9df3862,Ma. Fernanda Aranda Calderón,2025-08-31,3,No he podido instalar la última actualización...,neutro,com.twitter.android,,,0
a17f791c-704f-4b43-ae9e-95b97697bd88,Cristian Cisterna,2025-08-30,3,"aunque dicen haber solucionado el problema, aún me aparecen publicaciones con la advertencia de contenido y aunque de en ""Mostrar Más"" no lo quita",neutro,com.twitter.android,,,2
29a0f7aa-ccb8-4be5-a4ee-1e5545eee9d9,kmilo sanhueza,2025-08-30,3,"arreglen el botón de ""ver más"" en teléfonos no sirve y no deja ver las imágenes",neutro,com.twitter.android,,,0
ea550b53-2e6f-4286-a05a-2b5e754fa710,Diego Vásquez,2025-08-30,3,la aplicación está bien pero últimamente estoy teniendo un problema y no soy el único al que le a pasado es que en las fotos de contenido sensible le das click en mostrar y no hace nada y no forma de ver las fotos o videos incluso con la opción de mostrar contenido sensible activado,neutro,com.twitter.android,,,2
bc91903d-bc32-4535-adbf-ce673f9f500a,Julio Cesar Tejadilla Sanchez,2025-08-30,3,"todo bien, pero el bloqueo por una palabra está complicado, eso no está bien",neutro,com.twitter.android,,,0
15d250ec-74ad-41a3-a95c-efc828cc3ab6,Jorge Manuel Vázquez,2025-08-30,3,Hola muy buena App agradecer a los desarrolladore de la App,neutro,com.twitter.android,,,0
aa331ecc-8282-4ec8-bdae-b30a80555555,coco sete,2025-08-30,3,no me deja darle al botón de mostrar con las publicaciones ocultas. arreglen eso por favor,neutro,com.twitter.android,,,0
297ea677-3105-4ef8-a315-1e02ef2a2a69,mila nesa,2025-08-29,3,"mas problemas la app esta, ni me alcanzan los caracteres para empezar a describirlos",neutro,com.twitter.android,,,0
e38831b1-35a6-41f9-b5b6-bbfa0cf705d4,Tengo Miedo,2025-08-29,3,"si bien es una app buena, X comenzó a tener problemas para varios usuarios donde no deja que varios vean contenido sensible, está la advertencia, Pero al dar a Mostrar no se revela dicha imagen o vídeo adjunto, me gustaría que arreglen eso",neutro,com.twitter.android,,,0
b16b794e-bd82-4b60-8b8b-175f1e4aa1b5,Jhon Fredy Giraldo López,2025-08-29,3,casi no hablé,neutro,com.twitter.android,,,0
3cad62fd-7719-4ae4-a911-e849055dd58d,Cristian Camilo Londoño,2025-08-29,3,casi no me gusta no utilizo la inteligencia artificial x por qué la inteligencia artificial es algo fascista racista,neutro,com.twitter.android,,,1
b039dec0-17f6-4db3-9456-09ddf61abcc8,Josefina Bermudez Perez,2025-08-29,3,fantásticas,neutro,com.twitter.android,,,0
1a12ebb4-43b2-4269-9fdf-3e95665e1e18,Carlos Castillo Salazar,2025-08-29,3,aveces se sale de la app,neutro,com.twitter.android,,,0
885fd90d-1a78-4234-a3c4-66fde2337905,Benjamin Ulloa,2025-08-28,3,las últimas actualizaciones están fallando mucho,neutro,com.twitter.android,,,0
b408e68c-c704-41ee-8767-5dfafdf7c06d,Ana maria Barbosa,2025-08-28,3,"La app es muy buena, pero algo que no me gusta es q al iniciar sesión sea MUY difícil, tipo, cuando apenas inicie sesión, se me hizo demasiado difícil por qué todo el tiempo me aparecía que error en esto, que error en lo otro, y la verdad me costó demasiado iniciar sesión, espero y arreglen eso",neutro,com.twitter.android,,,6
f3d2ad81-7456-47f7-b449-a9e4e82e39fb,Carolina bZ,2025-08-28,3,3 estrellas porque no me marca o me va desapareciendo los me gusta que le he dado a posts...,neutro,com.twitter.android,,,0
67be3d38-aab6-4478-9075-77c1c0abc4c4,Catlune,2025-08-28,3,Desde las 2 últimas actualizaciones no se puede quitar el blur a las publicaciones con censura desde dispositivos Android,neutro,com.twitter.android,,,0
af532e11-727e-41f7-9610-59a2ecdec88e,Jordan Stward,2025-08-28,3,"Está fallando el botón de ""Mostrar"" cuando hay un post catalogado como sensible.",neutro,com.twitter.android,,,0
007704ee-aaff-4a65-b4c2-23238f0b3a7d,Gonka Tronka,2025-08-28,3,FUE EMPEORANDO y empeorando...y no volvió a ser la misma y salieron otras mejores pero con menos público,neutro,com.twitter.android,,,0
23a06d15-6420-4206-b060-2092b452cfc1,Стивен Куcленд,2025-08-28,3,"gracias por nada, Elon",neutro,com.twitter.android,,,0
4a224e30-5f61-4d0b-b3d7-a23ee3d2cfec,omar cortes,2025-08-28,3,¿por qué tantas actualizaciones en tan poco tiempo? Se está haciendo tedioso entrar a la app y recibir mensajes de actualización. Además funciona lento.,neutro,com.twitter.android,,,1
e7d775c9-045e-433f-83ab-43f23c480458,ElZoo Taku,2025-08-28,3,ya van 5 veces esta semana que tengo que actualizar la app elon musk exijo respuestas,neutro,com.twitter.android,,,0
cf30330e-ab2f-4abc-9e58-d9335431cd98,Sugo R,2025-08-28,3,"oigan, hasta cuándo van a solucionar lo del botón de mostrar, porque luego quiero ver las noticias y si lo marca como contenido delicado (porque luego hay sangre o accidentes) no puedo verlo, y eso tiene desde hace 3 semanas, por favor arreglenlo.",neutro,com.twitter.android,,,2
41374451-e342-41d0-baf0-7a29db603040,xeneize 12,2025-08-27,3,en ésta semana los vídeos comenzaron a fallar errores de reproducción!,neutro,com.twitter.android,,,0
cb5f8e08-7d25-43da-92ca-3a26a1085781,Kevin Alexander Hidalgo,2025-08-27,3,los vídeos seguidos se traba el sonido y no se va hasta salir de la aplicación,neutro,com.twitter.android,,,1
fefd72ed-bfb2-478e-b1aa-cd4817a6abd1,Santiago Sosa “El Master X”,2025-08-26,3,"Esto no me deja ver las fotos con ""contenido sensible"". Aunque las toco, se mantienen censuradas y no puedo verlas.",neutro,com.twitter.android,,,0
509c7510-7a6d-44ba-8eae-b6d6a78b0633,Yautja PRM,2025-08-26,3,"arreglen lo de ver el contenido delicado, no se ve por más que le de ""mostrar""",neutro,com.twitter.android,,,0
351a85d9-99eb-423b-9314-2d7d87b163b3,nmss T_T,2025-08-26,3,meh,neutro,com.twitter.android,,,0
f0841073-5cd5-4508-bc93-8a6ae2d6be17,Carlos Gomez,2025-08-26,3,"Solo el 50% de los videos carga sin problemas, las imágenes tardan en cargar, las listas no muestran post. No es comoda de navegar.",neutro,com.twitter.android,,,1
9cce3d88-2cd2-4478-9748-00a5db0c16de,Alfres 36,2025-08-26,3,"cuando un tweet dice que está marcado por el creador que tiene contenido delicado no se puede cliquear en la opción de ver simplemente no deja ver, eso es en la versión de celular // When a tweet says it's flagged by the creator as having sensitive content, you can't click on the view option; it simply doesn't let you see it. That's on the mobile version.",neutro,com.twitter.android,,,0
56608b6f-5bfc-49cf-ab14-a6e026b07f88,Emil,2025-08-26,3,"He usado la aplicación casi 4 años y últimamente he tenido un problema bastante molesto al cuál puedo afirmar que más de uno lo tiene, y es la opción de ver contenido sensible o más bien contenido +18 según te viene la opción de mostrar si quieres, pero hasta falla eso, llevo como 2 meses con ese problema y siempre me viene eso de ""actualiza la app para arreglarlo"" hago eso y no me sale nada, sigue igual. Quisiera que arreglaran ese problema por favor.",neutro,com.twitter.android,,,0
b953c0c5-f6b8-4bc1-8194-63078432b9b3,Una araña,2025-08-26,3,"estaba joya pero de la nada no me dejaba ver el ""contenido delicado"" por más que el apretara en ver de todos modos...",neutro,com.twitter.android,,,0
ed454459-a310-472c-bf56-a5466fc387bc,—Virginia.,2025-08-25,3,"se cierra cuando quiere, falla horriblemente en los chats, se me ha cerrado hasta tres veces tratando de enviar un mensaje y llega a sacarme de la aplicación. no he tenido problemas de ningún otro tipo pero esa falla es bastante molesta, espero puedan arreglarla pronto.",neutro,com.twitter.android,,,0
11e38515-504e-4b02-9a07-fc9dae2993e1,Eduardo Rosales,2025-08-25,3,Creo que para uso de las personas que no tienen una identificación a la mano es muy difícil usarlo por que la opción de foto no está.,neutro,com.twitter.android,,,0
9d0606c7-17f3-42bf-9724-50f0f358ea5d,Samanta B.Rabbit,2025-08-25,3,todo Hiba bien hasta que de pronto sale una publicación con advertencia de contenido sensible ya no deja verlo aunque le demos en mostrar,neutro,com.twitter.android,,,0
7bc78e0c-ceda-4262-a5e8-ab4715ae4d16,Milagros Sojo,2025-08-25,3,con la nueva actualización no puedo reproducir los vídeos. dice error en reproducción,neutro,com.twitter.android,,,0
a6f6b583-9453-431a-a6f7-ae8c6020c568,Norman Calderon,2025-08-25,3,cuando trato de ver contenido sensible no deja verlo por más que doy a ver no pasa nada y se traba,neutro,com.twitter.android,,,0
60f0531b-6069-4356-8bc3-24a323042306,Estefany Chalan terrones,2025-08-25,3,muy buena aplicación,neutro,com.twitter.android,,,0
ddac3406-ba41-4477-8eb7-1a7da5e99c50,Francisco Javier Estrada Cardenas,2025-08-25,3,luego tardan mis mensajes en abrir,neutro,com.twitter.android,,,0
914e8d09-5081-48cc-b22a-e4c4789f432b,paco rodriguez,2025-08-24,3,"actualizan demasiadas veces por mes está aplicación, y no entiendo cómo aún así, los mensajes de esta app tiene el error de sacarte de mensajería todo el tiempo, apenas está uno contestando un mensaje y te saca de mensajería... así, 3 o 5 veces seguidas en menos de 2 minutos.",neutro,com.twitter.android,,,3
19163c7a-7e31-44de-8626-f64bf964f42a,Shael Morales,2025-08-23,3,"No puedo ver contenido sensible, el boton de ocultar no funciona, no me deja ver como si estuviera bloqueado..",neutro,com.twitter.android,,,0
bb00e96c-74ba-4288-b1bf-46ee9d2dc6b4,Gerardo Argüello,2025-08-23,3,es muy buena la aplicación pero restringe muchas cosas para que nos pregunta si somos mayores si no podemos publicar pero es muy buena en otro cosas,neutro,com.twitter.android,,,0
1572ccd7-db76-44d7-ac4a-c444f897c7a5,Manuel Amestica Saldia,2025-08-23,3,"Cuando entro a la app se me suele cerrar sola después de un rato, como si se sobre cargara. Y no es que mi celular sea lento, es gama Media-alta.",neutro,com.twitter.android,,,1
f7938f94-06e6-4220-8a5a-300bcb593a63,Lilith,2025-08-22,3,me gusta pero no me permite ver ningun contenido marcado como advertencia de contenido y por lo que veo en los comentarios de dichas publicaciones es lo mismo para varios usuarios,neutro,com.twitter.android,,,3
52b49e41-b8ec-4059-8e12-a2bc01e81f91,Violeta Chaparro,2025-08-22,3,me gusta mucho pero debe mejorar algunas cositas,neutro,com.twitter.android,,,0
3afdc8e2-bbe3-4ae3-bda8-cc6d9959b5f3,Pedro Jose Muro Villacampa,2025-08-22,3,"me suspendió la cuenta por decir que Gabi no tenía huevos para poner dos delanteros,no lo entiendo",neutro,com.twitter.android,,,0
b62a929d-a491-40a1-b17c-03dc66d8f627,Nubia Neira,2025-08-22,3,"después que Twitter pasó a ser X se presentan muchos problemas. en muchas ocasiones la misma aplicación lo expulsa a uno de la red. En verdad que los estresa a uno con tanto problema, que limpie caché, que actualice la aplicación. que falta de respeto con los usuarios.",neutro,com.twitter.android,,,1
c8b87d6b-c061-4b48-b9f0-d371fd6a8534,Abraham Partida,2025-08-22,3,no sé abren algunas imágenes censuradas,neutro,com.twitter.android,,,0
2cdc77a9-38be-4f3d-9d86-91e103648fcc,Marti Marcayata,2025-08-21,3,"es una app bien tóxica, pero si solo la usas para ver dibujos o hablar con compas pues está bastante chévere",neutro,com.twitter.android,,,1
fa35df40-2ae9-4cc6-a363-94491a9756b6,࿐ᄊノイ丂んノ,2025-08-21,3,"no se por que está fallando tanto, se cierra, se reinicia sola y no me deja ver imágenes, le doy en la opción de mostrar en la imagen y no me deja verla, ya revise en configuración y aún nada, no se qué está pasando, espero se solucione pronto, no me gusta como está ahora.",neutro,com.twitter.android,,,4