id,userName,date,score,text,sentimiento,appId,id_anotador,notas,thumbsUp
1c43d244-c1e0-4d72-acb3-512c25c8269f,Gustavo Bauer,2025-10-23,4,"poner dual subtitulos gracias, claro eso la app es un 5 de 5",positivo,com.netflix.mediaclient,,,0
438d1d06-9818-4f5b-bd2d-5a859033520b,Francisco Giuliano Oyola,2025-10-23,1,tiene muchas películas positivo,negativo,com.netflix.mediaclient,,,0
6255cef8-811e-404a-8b12-632e7d65359c,***,2025-10-23,2,se disfrazan de políticamente correctos incluyendo más mujeres y etnias pero hacen tremenda apología de la droga y el bullying. Si son tan correctos como simulan podrían empezar a avisar cuando hay escenas de maltrato o crueldad infantil y animal que afecta a un público muy amplio. Las series pasan al capítulo siguiente antes de terminar y hay que volver y seleccionar manualmente para poder ver el final 😐.,negativo,com.netflix.mediaclient,,,7
784c83e8-66f3-4524-9ff1-88e4af2001e8,Eduardo Neila,2025-10-23,1,"No para de dar problemas con android 15, basura de app",negativo,com.netflix.mediaclient,,,0
362bb8f8-23ab-43a2-8a3c-10e9612b9280,Said movie,2025-10-23,5,Netflix se genial y se cool,positivo,com.netflix.mediaclient,,,0
84dbb3b6-7785-4f8c-b81a-03a6fed01e30,Lucila Lopez,2025-10-23,1,no me deja entrar a la app Desde ningún lado 😞,negativo,com.netflix.mediaclient,,,0
1b07e270-a943-45e0-9c86-e3f8cb4bfb58,Brenda Montero,2025-10-23,5,tiene películas de terror🥶peroesicreible,positivo,com.netflix.mediaclient,,,0
1d4b2184-5ed3-4780-83a3-ed3ad0b16930,Maria cristina Contreras,2025-10-23,5,el mejor,positivo,com.netflix.mediaclient,,,0
585aad50-479a-4462-9d86-52f338bef047,Luis Alvarez,2025-10-23,1,Pésimo catálogo. Precios abusivos. Portal cinematográfico de extrema izquierda.,negativo,com.netflix.mediaclient,,,1
216ff6ed-f3f9-4b29-8425-7e65020dd43d,Rosanna Gabriela Del Rosario Beltran,2025-10-23,3,Aveces no me permite acceder a la aplicación.,neutro,com.netflix.mediaclient,,,0
f9858dd7-3254-44e7-af1e-a835276db55a,Guadalupe Reynaga alvarado,2025-10-23,5,excelente y,positivo,com.netflix.mediaclient,,,0
ab172aa3-7bee-4088-abcd-8b9415af8b29,leandro abalos,2025-10-23,3,netflix se escucha bajo en cualquier dispositivo,neutro,com.netflix.mediaclient,,,1
82d9b9e8-2d85-4082-b749-7ab5341a4027,Alonso Lianita,2025-10-23,5,es muy linda y es útil pata ver todo lo que quieras de Netflix,positivo,com.netflix.mediaclient,,,0
caa28c67-0e12-418e-bae1-1d70a5848c97,Máximo A. Conde,2025-10-23,2,"No puedo ver algunas series en mi A56, se traba a los pocos segundos de reproducción. También es molesto no tener subtítulos en mi idioma configurado, dado que la uso para practicar",negativo,com.netflix.mediaclient,,,0
337fe7fd-b3a8-497a-ab74-f6d8883ba1ba,Alejandro Luja,2025-10-23,1,malaa,negativo,com.netflix.mediaclient,,,1
f9c5bf61-e9ca-4622-96ef-297518088ce6,Milagros the kitsune,2025-10-23,1,antes miraba en esta aplicación y estaba todo bien hasta que empezó con las cancelaciones innecesarias de todas las series la serie que miraba a mis viejos fue cancelada y el anime que miraba antes también fue cancelada Y eso que todas las series que tenían para mantener a ese público a raya se han ido a diferente plataforma ya que en Netflix pone demasiado contenido preescolar para niños que nadie los pone para ver es una vergüenza totalmente,negativo,com.netflix.mediaclient,,,1
55176e3a-d113-4b7d-af9a-22fa788a8db8,Kei Ritzeĺ,2025-10-23,3,"puede subir todas las series coreanas doblada a español y puede cambiar el audio doble la a español de series coreanas que ya están publicadas por ejemplo tu sonrisa tuya, pone tu cabeza en mi hombro",neutro,com.netflix.mediaclient,,,0
45e87a48-9ad5-425a-9a39-fe76c3a1aa4b,Elizabeth Tarqui,2025-10-23,1,no me reproduce ninguna película ni serie y cuando lo hace tiene cortes,negativo,com.netflix.mediaclient,,,0
b438a01d-c4cb-4bbb-865d-46496a477bd3,Henry Paúl Bernal Trinidad,2025-10-23,2,cada vez se ponen mas estrictos para poder ver a pesar de que uno paga los servicios y ahora con sus nuevas actualizaciones ya no se puede ver por perfil cada tv que usa...actualizaciones sin sentido hacen,negativo,com.netflix.mediaclient,,,0
3a6ae8de-2d6d-4954-8590-2660704e72bf,Vicky Delgado,2025-10-23,5,muy entretenida y catalogo extenso,positivo,com.netflix.mediaclient,,,0
25344acb-f8fc-40c3-91f5-8691cbf9ad0b,josepo,2025-10-23,4,"De momento,es la mejor plataforma,mucho catálogo,publicidad responsable(ya veremos lo que dura,,) y la aplicación funciona decentemente.",positivo,com.netflix.mediaclient,,,0
8b159a43-7034-46a5-a440-5d088dfffc43,Yulieth Garcia leon,2025-10-22,1,aveces falla no se ve nada solo en negro deben de correjir los errores para que se vea porque siempre falla,negativo,com.netflix.mediaclient,,,0
79586889-8050-4dd8-b549-910d0fd4158e,Rafael chacón Salas,2025-10-22,5,excelente,positivo,com.netflix.mediaclient,,,0
7ae14e15-aa05-4897-84e2-e4bf938ef720,Ivanka Valdez,2025-10-22,5,La verdad es muy muy buena la app puedes ver muchísimas películas como por ejemplo de acción drama etc y la verdad me gusta mucho jeje 💜,positivo,com.netflix.mediaclient,,,0
17aa1c23-98ad-4274-9c71-23c0d06ef2aa,J Aaron Cruz,2025-10-22,1,muy caro y la verdad no hay películas buenas,negativo,com.netflix.mediaclient,,,0
9f40d3a9-2980-4548-9c50-773954a968a8,José Antonio Alcántar Muñoz,2025-10-22,1,NO SIRVE SEGUIDO SE VA LA SEÑAL,negativo,com.netflix.mediaclient,,,0
2f12084b-fe0d-4d1b-a9f3-92fc03d8823a,Enrique Omar Carmona Quijano,2025-10-22,5,Exelente,positivo,com.netflix.mediaclient,,,0
537e20d4-5967-4732-8e47-c7e287063391,jaquelin ron,2025-10-22,1,"O lo arreglan o mejor me instalo y pago en HBO todo el rato desde que lo tengo instalado en el celular, todo el maldito tiempo me aparece con que hay un problema al reproducir el video, tengo mi internet bien, tengo datos, ni siquiera tengo la memoria llena, ni tengo mi perfil o cuentas abiertas en otro lado y como que se crashea a cada rato, para que tienen una app así si tiene un monton de errores",negativo,com.netflix.mediaclient,,,0
24fa3033-c477-4bd2-a8e4-7f3badb256d4,luz adriana lopez diaz,2025-10-22,4,no me abre Netflix por favor ayúdenme abrir mi Netflix tengo internet en casa,positivo,com.netflix.mediaclient,,,0
932025fd-1014-4011-a0af-bd19c2869aee,Marlon Es para probar 2,2025-10-22,1,porque metieron anuncios en la aplicación😡😡😡😡,negativo,com.netflix.mediaclient,,,0
131c8f83-3136-4754-bb37-a2ea7eaaa986,Yaneth Leon Jacobo,2025-10-22,3,es buna en series pero tarda mucho,neutro,com.netflix.mediaclient,,,0
ba27ae4d-1b66-4bf4-86b8-acb68d19a4cb,Jazmin Angulo,2025-10-22,5,muy buena,positivo,com.netflix.mediaclient,,,0
0e24116a-e56a-46be-be57-ba11cf02a8d8,Héctor Jesús Flores García,2025-10-22,5,good movies,positivo,com.netflix.mediaclient,,,0
0da993de-435d-4e46-b2a9-e0fb9e930fc0,Norma Ivette Lobato Chavarria,2025-10-22,5,me gusta mucho,positivo,com.netflix.mediaclient,,,0
9e9c7965-f001-42b2-aa13-38353d62c585,norman fletcher,2025-10-22,2,ya van varias series que se acaba la estación inconclusa y se espera la segunda para dentro de dos años cuando ya uno ni se acuerda de que se trata también usan mucho relleno de baja calidad y muchas películas y series no tienen subtítulos en español como si los hispanos no pagaríamos en dólares !!,negativo,com.netflix.mediaclient,,,0
b2985d7d-a105-4432-8abe-0a1c96acfc67,Jocelyn Hernández Domínguez,2025-10-22,1,"Basura de app, llevo 2 semanas con el servicio y me sacó que porque no formo parte del hogar con netflix, cuando me estoy conectando desde donde siempre, y ahora qué hago con lo que pagué si me quedan dos semanas del mes?",negativo,com.netflix.mediaclient,,,0
63029dfe-ce88-4ded-aa9f-f6c698e378f8,Edi Estuardo Zuñiga,2025-10-22,5,"......... ❤️ . . ' 🐼 😘 🐻 "" . . ❤️ ...........",positivo,com.netflix.mediaclient,,,0
2991cbaa-7b79-4a23-922b-c87aa2f57c74,Joaquin,2025-10-22,5,Gracias a Netflix puedo entretenerme fácilmente y ver mis series favoritas,positivo,com.netflix.mediaclient,,,0
ccc002e6-debe-43b3-acb0-639f707e3cc4,Martin Alejo,2025-10-22,5,exelente,positivo,com.netflix.mediaclient,,,0
ed8d7da4-7e99-4463-ad35-c9686a58e004,Jimena Areválo,2025-10-22,1,fuera genial q fuese gratis 😊,negativo,com.netflix.mediaclient,,,0
a8cf85fd-5beb-425b-89e3-f8b471bdf264,Dylan Crear una nueva Música Nueva Música para IA,2025-10-22,5,hola soy dylan una pregunta no quiero esta historia final llegando el castillo infinito ese personaje de la mariposa pila se muere Shinobu Kochō Tomioka oyó un mensaje un cuerpo dijo la Pilar de la mariposa está muerta no quiero eso esta historia cambia esta otra diferente todas las personas viendo esa parte final está llorando le gusta ese personaje la pila de la mariposa,positivo,com.netflix.mediaclient,,,0
77d7adb0-46db-4d24-8de9-992d61fd3f34,Alicia Cucchiara,2025-10-22,5,muy. buena,positivo,com.netflix.mediaclient,,,0
36adda94-6822-4fa0-9f2e-0f282b0c3832,Sergio Dávila,2025-10-22,1,"Porque la serie de SEINFELD, al menos el primer episodio, no está doblado al completo al español... durante el capítulo, te saltan frases en inglés...???",negativo,com.netflix.mediaclient,,,0
397e0959-57f8-4b4f-8e5d-d245e013fd3e,Jesus Bautista,2025-10-22,1,no me carga ningún video y eso que tengo buen internet,negativo,com.netflix.mediaclient,,,0
388a6454-d1c8-4acd-89fb-52b488dc75d7,Manuel Solis Velázquez,2025-10-22,1,muy bueno,positivo,com.netflix.mediaclient,,,0
c99f1127-f01f-4644-90e4-5881ae1c049c,luis alfredo bartolo guillen,2025-10-22,1,"ES PESIMO ESTA PLAFORMA. ESO DE ""ACTUALIZAR HOGAR"" O ""ESTOY DE VIAJE"" SI UNO PAGA Y TIENE DIFERENDES PUNTOS DE.CONEXIÓN A INTERNET NO DEBERIA SALIR SE SUPONE QUE PARA ESO PAGAR PARA ABRIR EN DIFERENTES TV Y DIFERENTES CONEXIONES MIENTRAS SEA 1 SOLO DISPOSITIVO O PERFIL NO DEBERIA HABER PROBLEMAS PORQUE ES DEMACIADO INCOMODO. EN TODO CASO SOLO DEBERIA SER VALIDADO POR EL TITULAR Y NO ESTAR SALIENDO ESAS OPCIONES POR MAS QUE ESTE CONECTADO A DIFERENTES RED DE.INTERNET",negativo,com.netflix.mediaclient,,,2
431c99d9-d9e8-4b73-8548-6508878bf5aa,Pablo Quezada,2025-10-22,3,"añadan ""the turning"" ^^♡",neutro,com.netflix.mediaclient,,,0
a4fe92f7-f673-4a6e-9ba8-cd50d5c18078,Luzgardo Peralta,2025-10-22,5,buenas,positivo,com.netflix.mediaclient,,,0
7b612eb5-f40b-48ec-b95f-990596193e5a,Valentina Perez baldini,2025-10-22,1,no me deja cargar las películas en ninguno de los dispositivos q uso para verlas,negativo,com.netflix.mediaclient,,,0
d3dc22a2-c3f7-468a-8a2a-06c33afd26af,elvia rivera arias,2025-10-22,1,"Hace un año que dejé de usar la app porque en algunas series o películas se quedaba cargando y salia error, hace unos días lo volvi a instalar pensando que ya se había solucionado pero sigue igual",negativo,com.netflix.mediaclient,,,0
437ca02e-94a4-4855-beb9-ec5253b23790,Gaby Alvarado,2025-10-22,5,me encanta ....,positivo,com.netflix.mediaclient,,,0
f63f30eb-9e76-4853-99e6-0d5e118cb4f2,Adriana Perez,2025-10-22,5,muy buena,positivo,com.netflix.mediaclient,,,0
c22f21ac-aef8-4a4d-8f76-9c29a8c0e095,manuela canosa martinez,2025-10-22,5,Perfect,positivo,com.netflix.mediaclient,,,0
7486d39a-7789-445f-9e52-b13b7b4e5d54,Gerardo Meza Gutierez,2025-10-22,5,esta chido,positivo,com.netflix.mediaclient,,,0
fa6e8398-1552-4c58-b7ca-ec4eed8eb955,Montserrat Jiménez,2025-10-22,5,exelente,positivo,com.netflix.mediaclient,,,0
0b07a7f0-10a5-48a2-8e4d-e1c1322934f4,geraldin diogena,2025-10-22,1,anda bien y todo pero re aburre compren mas peliculas de todos lo generos,negativo,com.netflix.mediaclient,,,0
90c19ebc-7f8e-46db-9796-e65b1a4939ca,Sandra Giordana,2025-10-22,5,éxito excelente,positivo,com.netflix.mediaclient,,,0
abbe8df3-5456-42e2-83a2-aeeb010e1e0c,Josue Cabello,2025-10-22,1,"Pague el Netflix y no he podido utilizarlo por culpa del error 5.10, la aplicación me dice que hacer y aún así hago todo y he buscado muchos más métodos y nada, igualmente me aparece no he podido ver ninguna serie/película debido a esto!",negativo,com.netflix.mediaclient,,,0
5e64c298-f1ca-4bf7-9321-030d5af4f2a2,Andreina Martinez,2025-10-22,5,"Excelente experiencia con Netflix, siempre veo la programación",positivo,com.netflix.mediaclient,,,0
0ced7e38-0169-4bca-88a2-1977501c3b00,Ashly Ramirez Luna,2025-10-22,5,me encanta su contenido,positivo,com.netflix.mediaclient,,,0
a0f13f69-9076-49f6-ac23-0568bea70572,Alberth Austin tello garcia,2025-10-22,5,la app me gusta pero quiero q quiten las peliculas de drama esas peliculas koreanas no me gustan,positivo,com.netflix.mediaclient,,,0
0834a76e-7cf9-4322-95b3-c29419fbd992,Darkveide,2025-10-22,5,"la verdad increíble se ha conseguido no matar el sueño español a un módico precio pero hay un inconveniente, surge en el momento en el que descargo una serie o película por qué quiero tenerla guardada para verla cuando quiera para eso la guarde por si desaparece de Netflix del catálogo principal siga en mi cuenta para yo poder ver cuando quiera tengo varias series que no puedo verlas por qué ya no están disponibles y creo que si estoy pagando debería tener acceso a los títulos si los guardé",positivo,com.netflix.mediaclient,,,0
d9240e04-49fb-42c8-8524-21511876a460,Alejandro Barrios Santa María,2025-10-22,3,"I like Mexican American movies, Chicano movies, history movies, crusade movies vikings and Celtic movies in general mid Eastern movies etc. and the menu is very poor in those categories.",neutro,com.netflix.mediaclient,,,0
06f45da5-7ca4-4ec0-b57c-46183bd211bd,Alba Ballesteros Berrocal,2025-10-22,2,es imposible mirar nada desde el móvil,negativo,com.netflix.mediaclient,,,0
37ea1ead-2ffc-4ea1-a4c8-d6cb7d64562f,M Rosa Forcén,2025-10-22,1,"Edito. Ha pasado de necesitas 10 intentos para ver un capitulo en el móvil, a, directamente, no poder ver nada. hace ya dos meses que no funciona, directamente. siempre da error al intentar leer el capítulo. Espero que los que pagáis sin anuncios, podáis ver algo, porque los que vemos anuncios ya, ni eso. La tengo porque viene incluida en el contrato del teléfono, si me suben la tarifa por ella, la quitaré y a por otra. mis hijos prefieren Disney, está claro.",negativo,com.netflix.mediaclient,,,0
5922ee90-66b2-4bbf-9c05-c74fd1331d94,Javier Muños,2025-10-22,1,no trae las series completas como honpic,negativo,com.netflix.mediaclient,,,0
0651a12e-7926-47c6-8de7-ffab6a34b110,sath btc,2025-10-22,1,no puedo evitar que me caigas bien,negativo,com.netflix.mediaclient,,,0
ce57a2d9-0561-4364-acec-66b82f6fd1d2,Sofía Guadalupe Chel Jiménez,2025-10-22,5,la plicasion es la mejor,positivo,com.netflix.mediaclient,,,0
aed4a082-824b-4815-989c-a0354448d176,Adan Medina Mata,2025-10-22,1,"me saca de la aplicación, no entra, me reinicia el celular",negativo,com.netflix.mediaclient,,,0
07805adb-a490-4d88-b899-b53f150736ed,Sara,2025-10-22,3,Mira esta aplicacion esta genial tienes un monton de pelis y series pero Netflix lo voy a poner claro. Porque en vez de poner anuncios como todas las plataformas de pelis que hay ahora porque no quitarlos? De hecho atraeria a mas gente. Empezar a oensar,neutro,com.netflix.mediaclient,,,0
3a5fdfe1-60a6-4a27-bef4-242a114f71a0,Sky Nube,2025-10-22,1,"Sacan las mejores peliculas para agregar otras? eso como, es algun tipo de forma para promocionar porque, tienen muchisimo espacio para dejarlas ahí, en vez de quitar las",negativo,com.netflix.mediaclient,,,0
5163f27c-ae2c-4866-b400-9dace17f7014,MARLON EREDERO,2025-10-22,4,Hola. está vin,positivo,com.netflix.mediaclient,,,0
8219b5da-4183-4f2c-bb09-373c92582970,Luis Vargas,2025-10-22,1,"Solo tiene películas que nadie ve, es super aburrido, y no vale la pena el precio de las suscripciones, he buscado más de 100 películas o series y no las tiene.",negativo,com.netflix.mediaclient,,,0
62033d9b-c92e-4a64-877c-4a850654cd41,Gerardo Pacheco,2025-10-22,1,"tengo una s10 de plus y no puedo reproducir ninguna serie ni película dentro de la app, pesimo",negativo,com.netflix.mediaclient,,,0
1463f3a3-2fb6-4772-abf6-1aa24e4307e2,Feryi Garcia,2025-10-22,2,devuelvan la película de el cadáver de la novia,negativo,com.netflix.mediaclient,,,0
e9944672-a8a1-4064-b824-d647c602173c,Belen Rios,2025-10-22,1,"Estoy teniendo problemas con la aplicación. Más de tres veces sucede que quiero reproducir algo y se pone la pantalla en negro cargando y QUEDA AHÍ POR HORAS ASÍ CIERRE LA APLICACIÓN Y NO TENGA ACTUALIZACIONES PENDIENTES. Es algo MUY molesto por qué no puedo ver cuando quiero mirar y se supone, que pago INTERNET MÁS NETFLIX para mirar cuando quiera ""sin problemas"", por el precio que pago, tendrían que haber menos errores.",negativo,com.netflix.mediaclient,,,0
a108f4e8-bb9e-4b2e-9e06-4af48faf0200,Kirjam Megam,2025-10-22,1,"pésima no puedo transmitir a mi pantalla desde mi celular, hasta plataformas como Tubi que son gratuitas con publicidad si se puede transmitir. Han hecho de Netflix algo pésimo apenas terminé mi subscripción con mi telefonía la cancelo y regreso a los piratas de paga con mejor funcionalidad.",negativo,com.netflix.mediaclient,,,0
ea1337d1-9cd8-4a5c-adbd-f51888eb3edb,Cesar Romero Cortes,2025-10-22,1,excelente aplicación para ver el contenido de películas y series,positivo,com.netflix.mediaclient,,,0
3f684bfb-c006-4413-8fe6-67402de04a2d,María Auxiliadora navarro NavarroRIVERA,2025-10-22,5,HONOR,positivo,com.netflix.mediaclient,,,0
fc6b0310-07c6-4bf4-9c65-9c4396d0da1f,Alfredo Rivas,2025-10-22,1,"Es imposible poder visualizar algo de noche, ya que la aplicación tiene su propio control de brillo y su brillo mínimo es demasiado alto que hasta lastima. Este problema lleva años y no es posible que no lo hayan podido arreglar.",negativo,com.netflix.mediaclient,,,0
f4543f5e-8c11-4bc4-b957-28aa0898c4f7,Ramon Gallardo,2025-10-21,5,chida,positivo,com.netflix.mediaclient,,,0
b21d7b1a-54dc-4a23-95d2-3d3ba0be920d,Kamila Castillo Rodríguez,2025-10-21,5,muy buena app,positivo,com.netflix.mediaclient,,,0
d93c2845-e27f-4af0-b5fb-d181a8ac33d0,Brayan Ramos,2025-10-21,1,"actualmente Netflix esta fallando mucho, llevo más de un año recargando mi cuenta con pin de Netflix y en estos días me encuentro con la sorpresa que compre mi pin y a los dos días me aparecía renovar suscripción y quién responde por eso? exacto.. nadie les pido encarecidamente que arreglen esa falla lo más pronto posible",negativo,com.netflix.mediaclient,,,0
923eba4f-6ef8-4f9c-a5dc-040819d87348,Suri Miranda Rivera,2025-10-21,5,"excelente, sin anuncios",positivo,com.netflix.mediaclient,,,0
06189add-3536-4f4d-95e6-6f427550385e,Emanuel Chávez Barrantes,2025-10-21,2,mira no quiero juzgar ni nada pero les puedo pedir un favor porfavor pongan las siguientes temporadas de my hero academia yo solo me a mirado la 1 y la 2 pero quiero ver las demas porfavor pongan las siguientes temporadas de mi hero academia porfa,negativo,com.netflix.mediaclient,,,0
818a091f-2923-4ceb-81ab-775384d34083,Jerónimo Rojas,2025-10-21,1,estan acabando con el aplicativo con eso de inclusión ya toda serie toda película tiene homosexualidad hasta los programas infantiles,negativo,com.netflix.mediaclient,,,0
98c672bd-e326-4b73-a810-dbe08a929faa,Emilio trabulse Kaim,2025-10-21,5,Netflix es la mejor aplicación para películas,positivo,com.netflix.mediaclient,,,0
d2098cd7-67da-4f19-858d-708b8370b301,Marigell Aguirre Guzmán,2025-10-21,5,Pongan más animes y k-dramas,positivo,com.netflix.mediaclient,,,0
0d5f27a1-c30b-4d23-9b7e-5b6f82495401,Mary Velasquez,2025-10-21,5,excelente aplicación,positivo,com.netflix.mediaclient,,,0
ca2cbe17-d6c5-45c5-9fdf-7e088b87fb61,Luis Miguel Castillo Moreno,2025-10-21,1,Pésima aplicación. Es demasiado lo que cobran y por lo que cobran,negativo,com.netflix.mediaclient,,,0
c13f412c-6dcd-4f33-bbaa-43754142f305,Victoria Obligado,2025-10-21,5,muy buena,positivo,com.netflix.mediaclient,,,0
4b2db7a3-48ae-4004-81d6-cbac84a1177f,Manuel Salazar,2025-10-21,3,me encanta cuando la última actualización de Netflix en el Smart TV tiene errores Por qué inmediatamente uso los otros canales de streaming,neutro,com.netflix.mediaclient,,,0
d5481720-4402-4642-9209-858205bc1fa1,Christian Fernando Almaraz martinez,2025-10-21,5,bien omal no lo ce solo che,positivo,com.netflix.mediaclient,,,0
9e335e88-e468-4056-9ccb-7149731f96c9,CARMEN S.,2025-10-21,5,Buena,positivo,com.netflix.mediaclient,,,0
538aade9-bc3f-4ef7-acf6-06dc2634ce46,Mimi A.A,2025-10-21,1,triste que hayan metido anuncios,negativo,com.netflix.mediaclient,,,0
7ded761e-17ee-4f6c-a0be-3f4c2ba612c8,Kenneth Briones,2025-10-21,1,veo más anuncios que series,negativo,com.netflix.mediaclient,,,0
600e36d4-2d98-47ea-b393-1431458fa2f2,Juan carlos Reyes Hernandez,2025-10-21,1,se convirtió basura quitaron muchas cosas y restringieron no la recomendaría,negativo,com.netflix.mediaclient,,,0
4168627c-483f-465f-94be-48b37aab42dd,Andy GM,2025-10-21,4,buena,positivo,com.netflix.mediaclient,,,0
b9294c09-e30c-4034-b43a-2f65acc9d754,José Ramirez,2025-10-21,5,está chido,positivo,com.netflix.mediaclient,,,0
33f2940f-8915-414d-9469-9365264bdcb1,Anny G,2025-10-21,1,no chngen jajaj como que tengo que ver pagar por ver anuncios? pa eso mejor veo pluto tv gratis 🫠,negativo,com.netflix.mediaclient,,,17
35ab9c16-9a07-4f94-95b9-5a11bbde3b2b,Isaac Villalobos,2025-10-21,4,Me gustaría que terminen de poner todas las temporadas de series como naruto shipuden o hora de aventura que no siquiera la tienen desde la primera temporada también me gustaría que agregarán un show mas todas las temporadas si es posible y ordenar notificaciones en otro lado que no sea donde avances pero esta muy bien.,positivo,com.netflix.mediaclient,,,7
efa5fdb5-e542-47a2-9beb-22f40d7fc0c5,Misael Cerón Vaca,2025-10-21,4,es muy buena la app pero el problema es que hay algunas películas que no puedes encontrar porque ya las quitaron.,positivo,com.netflix.mediaclient,,,1
cdcffaed-07a6-441b-8200-d940d4715d0e,Jose Alfonso,2025-10-21,5,exelente,positivo,com.netflix.mediaclient,,,0
9f91c776-9e7f-42ad-a38a-323d58711383,Rosa Peñaloza,2025-10-21,5,excelente,positivo,com.netflix.mediaclient,,,0
cc11cd1e-68a9-4dd2-870b-15c5191e7c84,Tania Liceth Cuellar Sandoval,2025-10-21,1,"cancelé la suscripción y entro a mi cuenta y me llevo la sorpresa que Netflix se paga solo sin alguna verificación ni nada solo te quitan el dinero sin saber que lo puedes utilizar para otra cosa en mi caso una ""emergencia que no se soluciona viendo películas"" 😭😡",negativo,com.netflix.mediaclient,,,0
baee5f94-3234-44ec-8e69-8d1f3f425618,lisseth herrera,2025-10-21,5,bueno,positivo,com.netflix.mediaclient,,,0
193439f5-0acd-4d61-93ce-8fe2f1cbead0,World Of Vortex,2025-10-21,1,"De que les sirve hacer buenas series si siempre las cancelan, la verdad están bien tontos, pero bueno que se espera de una plataforma de segunda",negativo,com.netflix.mediaclient,,,0
77bebf9d-cf9f-4442-870d-267ddacc9d9a,Jaime Valdes,2025-10-21,5,muy buenA,positivo,com.netflix.mediaclient,,,0
0689e23d-53ac-4c9e-940e-ad9715b10c33,Abel Anilema,2025-10-21,5,excelente,positivo,com.netflix.mediaclient,,,0
d993ea22-c9b6-434c-9761-b327b40c8cee,Javier Sanchez,2025-10-21,1,"que bajen el brillo, que el límite inferior es demasiado alto en móvil.",negativo,com.netflix.mediaclient,,,0
52c63d1e-dd4e-4b3f-9a15-3cfee2a3844b,José Alejandro Salazar tzel,2025-10-21,5,bueno,positivo,com.netflix.mediaclient,,,0
49cfe1c7-8915-49a7-9108-306d33bdd02b,Humberto Ordóñez Tobar,2025-10-21,2,no es compatible con radio de auto,negativo,com.netflix.mediaclient,,,0
14c32f29-6d5d-4388-b556-06b941b9531f,Raul Serna,2025-10-21,1,"mala decisión de parte de Netflix al quitar la opción de tener múltiples usuarios, aparte de que eso lo hacía tener más clientes ahora lo está arruinando",negativo,com.netflix.mediaclient,,,0
455a332e-46ff-449d-a79c-d910c74886fd,Chicle10,2025-10-21,5,muy buena,positivo,com.netflix.mediaclient,,,0
89bccf31-a833-4a4b-9df1-fbff83e6a7df,Obed Pineda,2025-10-21,5,mecusta Ber Netflix,positivo,com.netflix.mediaclient,,,0
25c8a6f6-ba6f-46db-a7b2-c7b9e64fd9e1,Daniel Rigat,2025-10-21,5,bien,positivo,com.netflix.mediaclient,,,0
eb47cfc3-cfec-4fa0-825e-6d51f72090c7,ALDO RAMIREZ,2025-10-21,5,excelente,positivo,com.netflix.mediaclient,,,0
eb0c8eca-8c8f-4791-ac28-a392c0ae6341,Nico,2025-10-21,5,genial para pelis y pasar tiempo en familia,positivo,com.netflix.mediaclient,,,0
90d04abf-7d69-4e51-b130-743ab8f4ef36,Ximena Galban,2025-10-21,5,"buena muy buena hay demasiadas series películas y asta películas de terror, pero no an puesto la del conjuro 4?",positivo,com.netflix.mediaclient,,,0
a28fc34a-62bd-4533-b514-19731ae740fe,Cristian Madrigal,2025-10-21,1,No me deja ver Netflix en el celular y ya no hay nada bueno,negativo,com.netflix.mediaclient,,,0
50e17333-0eb8-4b14-b614-1cf6fee0b294,Mario alberto Martinez,2025-10-21,3,piden mucho requisitos quieren muchos correos,neutro,com.netflix.mediaclient,,,0
f8f952c7-1b24-4ce4-9e8f-ee98c4135ea7,Diego Alejandro Uzcategui flores,2025-10-21,5,serie linda a lo igual de terror,positivo,com.netflix.mediaclient,,,0
9b60241b-01e0-4e0f-9850-67755706c95d,Alejandro Centeno,2025-10-21,5,Me encantaría que compraran los derechos de la liga Española y la champions para verla lo espero y que me oiga el creador y dueños,positivo,com.netflix.mediaclient,,,1
d56aa4d2-16bb-450e-817c-fbc385143676,karem dominguez ayala,2025-10-21,5,buena,positivo,com.netflix.mediaclient,,,0
2e79a71a-bdc8-4b35-a74e-47ba70f946bb,Cristian ulloa,2025-10-21,1,falla un chingo,negativo,com.netflix.mediaclient,,,0
0a25eafd-793c-47d1-8feb-c81257f0ece0,Jonathan Albino,2025-10-21,5,es lo último en tendencia en películas y series en todos los idiomas,positivo,com.netflix.mediaclient,,,0
2147d21b-0be9-4282-8cf9-c1261c7e7669,Trinity Dreams,2025-10-21,3,"No puedo poner el Netflix en mi televisor, lo contraté por el móvil",neutro,com.netflix.mediaclient,,,0
12ce766b-a8ab-4da9-8a3a-0636dd66fe6a,pirata rojo muñoz,2025-10-21,1,es una vergüenza de aplicación se quitan los vídeos no toda la temporada de las series está mezclada en español y japonés no hay novedad para lo que cobra hay series antiguas,negativo,com.netflix.mediaclient,,,1
eb5a51c8-8ba5-4fde-82e5-a809fbfe6946,Bertha Valadez,2025-10-21,5,me gusto la app,positivo,com.netflix.mediaclient,,,0
38b06c84-8e21-4ed6-b5ce-03e7127a8ae3,Pedro José Vidal Hurtado,2025-10-21,5,Extraordinario,positivo,com.netflix.mediaclient,,,0
1b4cec7c-e1ca-4bbb-a996-22263cab32eb,Amanda Rangel Pineda,2025-10-21,5,👍,positivo,com.netflix.mediaclient,,,0
96e8d461-5fe7-48ba-82b2-a7023abd5fdf,paola amador hoyos,2025-10-21,5,me encanta,positivo,com.netflix.mediaclient,,,0
60f3238d-6409-4e9f-bfcf-1cf5dd36d4f0,Jorge Raul Ferrer Gutierrez,2025-10-21,5,genial,positivo,com.netflix.mediaclient,,,0
3db8d6f4-d940-433a-8adc-919655777aa8,Keily cristabel Lopez santos,2025-10-21,5,la mejor APP para ver series 👏😍,positivo,com.netflix.mediaclient,,,0
4d38fb15-2419-436b-96db-3609e6cc4aea,Guillermo San Martin,2025-10-21,1,se ha vuelto muy costoso el servicio,negativo,com.netflix.mediaclient,,,0
ae8c57a9-f2bc-4bea-bd19-664a2139b9ce,Mariluz Alvarez,2025-10-21,5,Me encanta. Me entretengo mucho con esta aplicación. Excelente.👍,positivo,com.netflix.mediaclient,,,0
cbc6743f-4558-48df-b4d6-98a3f3ce1dce,deku midoriya,2025-10-21,1,demasiados errores que no dejan ver a gusto,negativo,com.netflix.mediaclient,,,0
0a0bd18c-f316-46d3-956f-2d7a0ba36be2,Morena Márquez,2025-10-21,1,"no puedo conectar netflix al crome cast, he intentado desintalar netflix de MI telefono para volverlo a instalar y O SORPRESA! no puedo desinstarlo!!! por que no puedo desinstalar netflix de mi teléfono si no es una aplicación imprescindible para su funcionamiento???? y por qué no puedo conectar netflix a mi crome cast cuando antes podía hacerlo???",negativo,com.netflix.mediaclient,,,0
e48e6f76-4b45-49a7-9bc7-d30827f12322,Jose' D. Vargas,2025-10-21,5,👍👌❤️⭐️⭐️⭐️⭐️⭐️💯✔️,positivo,com.netflix.mediaclient,,,0
93e4659b-99fb-46ef-b437-b0b3f791bc79,Juan Antonio Herrera utrera,2025-10-21,5,gracias virgen de Guadalupe,positivo,com.netflix.mediaclient,,,0
4ca72ff1-66da-4391-b109-40af3922faff,Francisco Rosas,2025-10-21,5,excelente trabajo,positivo,com.netflix.mediaclient,,,0
a8c67c38-bfe0-4ac1-b822-97da8de02d00,Saul Daniel,2025-10-21,1,dónde pongo mi cuenta de tiktok.,negativo,com.netflix.mediaclient,,,0
7c4c58aa-aa41-439f-b9f6-4e61e4fdc365,miguel alejandro centeno barron,2025-10-21,3,se desfasa en los envíos no puedo ver un capitulo completo sin que se despache,neutro,com.netflix.mediaclient,,,0
ced9da7d-1f53-48d6-a78c-04a40d3f8cd2,Paola Ellemberger,2025-10-21,5,no funciona.muy mala apps,negativo,com.netflix.mediaclient,,,0
7d60cf86-81fd-4c23-bba0-cc32fae38044,Alberto alfaro,2025-10-20,5,práctico,positivo,com.netflix.mediaclient,,,0
5a6e98d2-ebbe-4def-95a7-0ef0d14cdf9e,Guzman Balin,2025-10-20,2,muy caro,negativo,com.netflix.mediaclient,,,0
b5797a28-7c5c-4894-a979-4d9af93b6b15,Pablo Inzunza,2025-10-20,1,cada vez que intento ver un capítulo me dice error 5:10,negativo,com.netflix.mediaclient,,,1
ee2db798-0693-48cb-ba69-5ab6dcfc776d,Francisco Osuna,2025-10-20,5,excelente,positivo,com.netflix.mediaclient,,,0
1e2febd6-6c02-4637-82a1-b599b6799243,Nelly Roca Vidal,2025-10-20,5,Gracias DIOS los bendiga y proteja siempre 🙏 EN CRISTO JESÚS AMÉN 💖 🙏 🥰 💞,positivo,com.netflix.mediaclient,,,0
64252f11-bcd7-49ba-8ec5-5ff0c279c79c,Luis Capo,2025-10-20,5,De 10,positivo,com.netflix.mediaclient,,,0
d3aa451b-0761-42e2-a2fe-2823fc953f47,Dilan Alejandro García Sarrion,2025-10-20,1,no me deja iniciar sesión,negativo,com.netflix.mediaclient,,,0
99433835-3e17-44e5-8d2f-3ba59da0db03,Carola,2025-10-20,1,se traba y saca de la programación cada minuto,negativo,com.netflix.mediaclient,,,0
9d4cc08b-cc5d-417a-a382-dc091301f57c,Roberto Tajin,2025-10-20,4,"App super confiable, amigable y divertida",positivo,com.netflix.mediaclient,,,0
283a3f06-59d5-4b8f-ae94-487b837fc8f5,Angel Robles,2025-10-20,5,puedo ver películas,positivo,com.netflix.mediaclient,,,0
9ceab763-3c68-42f0-898c-a1b592ed4dbe,Gustavo Ríos,2025-10-20,5,Super,positivo,com.netflix.mediaclient,,,0
000e887e-bdea-4e56-be4b-55df4c2d2aac,Tiffany San Lucas Carchi,2025-10-20,1,"La app me encanta pero cada vez que quiero ver en la tv me aparece ""Tu tv no forma parte del hogar"" al inicio estuvo bien hasta que cada vez que abría Netflix en la tv aparecía el mismo mensaje, se está volviendo tedioso!!!!!",negativo,com.netflix.mediaclient,,,0
1a882843-be01-4db4-ac3b-62cb1c94e921,Karina Sm,2025-10-20,1,no me reproduce ninguna pelicula solo se queda cargando,negativo,com.netflix.mediaclient,,,0
54c1f6da-cd99-4e3e-bb28-edfbe6881252,David Olivera,2025-10-20,5,😻😻😻😻,positivo,com.netflix.mediaclient,,,0
29f87fab-a6fe-46ce-89f5-cecafe6f1cb3,Marlon,2025-10-20,5,es un buen servicio lo único es la entrada más nada si no era una aplicación buenucima,positivo,com.netflix.mediaclient,,,0
33834d70-b45e-483f-80c3-de630ead2aca,Emilio Chavez,2025-10-20,5,nomas pon el arco de wano en one piece,positivo,com.netflix.mediaclient,,,0
8f40b936-fdb1-48bb-8a52-3d92ceb5f469,fabian stqly garcis mahecha,2025-10-20,1,tantas restricciones y verificaciónes y costos muy altos,negativo,com.netflix.mediaclient,,,0
a4584ba4-7685-41b6-8964-2f49f473157a,Romina Almazán,2025-10-20,5,amo la calidad,positivo,com.netflix.mediaclient,,,0
4180356c-1a80-4c11-b579-c52f6e787435,William Velásquez,2025-10-20,5,excelente Bueno,positivo,com.netflix.mediaclient,,,0
7f3e746f-8874-48c5-a4ec-b62eed194ffc,Yuranis Casas,2025-10-20,5,Porque me parece muy chebre,positivo,com.netflix.mediaclient,,,0
7d3b6bbf-bafa-4b07-8c05-b5b8fa8f74e6,Yola Martin,2025-10-20,5,good,positivo,com.netflix.mediaclient,,,0
1d2ca7e6-b880-4b5b-b0fd-6cc7274e48dc,Sergio Loria Madrigal,2025-10-20,4,Buena,positivo,com.netflix.mediaclient,,,0
b739c86a-5a9c-4391-9091-f20b2fc6b34c,Revi Rosarito Cisneros,2025-10-20,5,genial,positivo,com.netflix.mediaclient,,,0
eac6bad9-abc9-46f6-9c9e-46aaf8df5581,Kiara Hinojo,2025-10-20,4,"estaría bueno que saquen los contenidos de la lista una vez que ya se hayan visto, también necesita mejoras en el algoritmo para dejar de recomendar cosas que ya vi.",positivo,com.netflix.mediaclient,,,1
fa5eb88a-36fc-4dd0-b18f-e194ac43c8ec,Fernando Vega,2025-10-20,5,excelente,positivo,com.netflix.mediaclient,,,0
c8fcef05-0357-48d2-be39-f1ffdf97fbe0,juan silvio perellon lopez,2025-10-20,1,"muy caro el plan con anuncios,lo veo un disparate que aún pagando la cantidad de anuncios.",negativo,com.netflix.mediaclient,,,0
c7d8c3a1-4378-4a68-b5e3-e78cc34b693f,Diego Monge,2025-10-20,1,"Estoy buscando un filtro o alguna opcion para que no me aparescan ni resultados woke ni homosexuales ni nada con esa tematica entre toda la cartelera, y dejarla limpia de todo eso, pero no la encuentro , por eso.. una estrella",negativo,com.netflix.mediaclient,,,5
324096b7-9db4-4033-a046-a2cb9e7347c0,María José Contreras duran,2025-10-20,2,la verdad la verdad yo apenas la estoy descargando y no e revisado si es bueno o mala no les puedo decir ni tampoco creerles a mucha personas que dice que es mala o buena por si algo es bueno yo la dejo con mucho gusto y si es mala yo la elimino asi de sencillo y para mí al parecer es más o menos ver tantos comentarios que es bueno es malo y no se me confundo pero bueno esperemos a ver qué pasa porque todos lo teléfono no son iguales voy aver si es mi teléfono o la app aunque Netflix Seve bien,negativo,com.netflix.mediaclient,,,0
fa03d826-bd15-49e0-ae6e-31dad5d8c4ff,Jonathan Martínez Acuña,2025-10-20,5,muy bueno,positivo,com.netflix.mediaclient,,,0
55283eee-92f9-48fc-afb7-84c54aecb337,Jhonny Reyes,2025-10-20,5,muy 👍,positivo,com.netflix.mediaclient,,,0
1f1cc079-d073-4f1a-9eba-f04f5785cede,Hugo Tubio,2025-10-20,4,muy bien pero faltan temporadas de series que Estoi viendo cómo Henry Danger y por favor leer este comentario y sacar la quinta temporada en Netflix porque quiero verla por favor 😭,positivo,com.netflix.mediaclient,,,0
30c4a8d5-44c9-4b4c-8dfe-bc17b9a26b23,Marisol Breton,2025-10-20,1,"PESIMO me mandan un código para hacer el pago y nunca llego el servicio y jamas me ayudaron en nada, perdí mi dinero y 1 mes del servicio. No lo recomiendo nada confiables es una estafa y no resuelven nada, primero que si esta bien el código luego que el pago no entro por culpa de oxxo y así le hechan la culpa a medio mundo menos ellos.",negativo,com.netflix.mediaclient,,,0
6b561ec3-2489-48a8-b506-f4d06b0e1ac6,Hilda Gonzalez,2025-10-20,5,"exelente, muchas gracias!!!!!",positivo,com.netflix.mediaclient,,,0
181fa1c8-ebe6-4013-b61b-6f07198422f6,Sebastian .15,2025-10-20,5,es muy lindo por qué hay vida secreta de las mascotas que me encanta y la dos me gustaría que saquen las 3 gracias,positivo,com.netflix.mediaclient,,,0
83ad8a8a-737e-4b5c-9644-ec8083064aa9,Mariana Mansilla,2025-10-20,1,hola no me anda la aplicación en mi celu,negativo,com.netflix.mediaclient,,,0
5b6f36d9-c4c5-4548-bcc9-d97f702995dd,Àlex Trotzig Bovet,2025-10-20,1,hasta el moño del house hold voy a cancelar mi suscripción,negativo,com.netflix.mediaclient,,,0
f586cd60-9a07-48c8-8b40-61bcc0403f96,Raúl Fernández,2025-10-20,1,Algunas películas buenas pero mucha agenda woke de por medio.,negativo,com.netflix.mediaclient,,,0
5427c392-88e8-44b0-b366-219466534df9,Leonel Villavicencio,2025-10-20,5,fácil de usar,positivo,com.netflix.mediaclient,,,0
378e4e5d-36b2-4e9c-9d39-9eceddd2a2a6,Krystyna Danuta Sobon,2025-10-20,5,Me gusta mucho 😍,positivo,com.netflix.mediaclient,,,0
61b17c21-ff38-47ba-abeb-b6c55ad37c72,JOHNNY IVAN LLUNCOR LEYVA,2025-10-20,5,Me encanto,positivo,com.netflix.mediaclient,,,0
dc4f0bbf-7b58-4356-901d-c34bde1d026f,Dayana Monserrat Martínez Leòn,2025-10-20,5,caricaturas,positivo,com.netflix.mediaclient,,,0
1db774d8-a6fc-4408-8574-ece1b2e95eab,Luis Lopez,2025-10-20,5,muy buena aplicación,positivo,com.netflix.mediaclient,,,0
31307736-956c-48de-8e1f-04fda77fd0e6,Frank Milanes,2025-10-20,1,es bueno,positivo,com.netflix.mediaclient,,,0
efd67bbc-3f19-4610-902a-eb934eef44fc,Oscar Jacome,2025-10-20,2,tiene muchas películas y todo pero me gustaría que vuelven a poner lo que son de jugar y explorar como por ejemplo You vs WilD ahí tenía que explorar y era muy chévere así pero lo ha quitado y eso no me gustó mucho así que me gustaría que vuelven a poner eso porque si estuviera ahí pondría cinco estrellas pero como no está lo pongo dos estrellas.,negativo,com.netflix.mediaclient,,,0
197a96c9-e8af-4573-a732-7585c3acdab8,mildredMacias,2025-10-20,3,Cuando van a meter la tercera temporada de spy x family?,neutro,com.netflix.mediaclient,,,568
f2f64e6e-b19e-4d29-9248-0f8385732cc3,Javier Flores,2025-10-20,5,Una increíble app tiene una gran variedad de películas entretenidas,positivo,com.netflix.mediaclient,,,0
4aea9ecb-5489-4dd7-a41e-f8a38df4107e,Vero J.E.,2025-10-20,1,no se guarda lo q estas viendo.,negativo,com.netflix.mediaclient,,,0
0be0e1ea-5e43-4533-b562-a2206276b107,Icnacia Mukul chuc,2025-10-20,5,🔢,positivo,com.netflix.mediaclient,,,0
1abba8f2-15f9-46bf-85f7-135690737167,Clara Arribas,2025-10-20,1,vergonzoso que pagando 7€ mensuales te planten un minuto mínimo de anuncios por capítulo de serie. Ademas muchas de las series y películas incluso de su propia producción las acaban retirando. Cada año que pasa vais a peor,negativo,com.netflix.mediaclient,,,0
c81f0454-6359-4d90-98cb-e6e68c661434,Alberto Castrillón,2025-10-20,4,muy bien,positivo,com.netflix.mediaclient,,,0
e4298eca-925f-4161-a229-14d8a328b0a9,Rocio Perez,2025-10-20,5,me gusta esta aplicación,positivo,com.netflix.mediaclient,,,0
2870e93b-8f3b-4f10-8207-72de476e248b,Ana Trejo,2025-10-20,5,me encanta toda su programación lo único que si les falla el la traducción en español en unos dramas coreanos hay unas que no están en español,positivo,com.netflix.mediaclient,,,0
2510ac99-84da-4939-84ce-44b3d5fb2502,Francisco Roque,2025-10-20,5,es ver las películas tan bacanes que niciquiera quieres ir ha trabajar,positivo,com.netflix.mediaclient,,,0
16e5be19-f487-41a7-86f2-07cb7fd07a62,Fernando Diaz Mayorga,2025-10-20,1,No la quiero para nada en el móvil y no puedo borrarla,negativo,com.netflix.mediaclient,,,0
c63208d1-968f-400f-a848-28989f51b036,KB,2025-10-20,1,"Se traba en la pantalla de carga y no deja iniciar sesión, se bugea y no conforme con eso a pesar de no poder iniciar sesión quiere cobrar igualmente la membresía sin siquiera haber adquirido una.",negativo,com.netflix.mediaclient,,,0
47d6c98e-5cd1-4d0f-99bf-63da95dad536,victor Peñaranda,2025-10-20,5,Ok,positivo,com.netflix.mediaclient,,,0
d4387289-0a70-4001-ab61-5809d1d48f0f,Tere Segura,2025-10-20,5,excelente,positivo,com.netflix.mediaclient,,,0
8d892a00-da5e-413a-a493-9632c9948a60,Karla Vaquera,2025-10-19,3,"el contenido es bueno, sólo que la app en mi celular no funciona, tendría que pasar un milagro para que cargue o descargue algo. Ya intenté con la red doméstica y con datos móviles... borré datos, borré caché, desinstalé y volví a instalar y simplemente no funciona.",neutro,com.netflix.mediaclient,,,1
6b8d6722-784b-48a6-858e-a99dcacfc90b,Alejandro Gutierrez suerez,2025-10-19,5,excelente,positivo,com.netflix.mediaclient,,,0
a786bac9-b9be-43f4-87f2-59894701c887,Betsy Sosa,2025-10-19,5,bien,positivo,com.netflix.mediaclient,,,0
d2bb37a6-8f04-460c-8698-6e7849c62127,Marea Lonato,2025-10-19,1,"Desde el nuevo invento ese de ""Hogar"" la app se volvió tediosa, si viajas no puedes ver nada, tan solo por tiempo muy limitado y además me recomienda o casi todo lo que encontro no tiene subtítulos al español, me salen en alemán o qué se yo otro idioma, Si mi idioma principal es español y luego inglés porqué me ponen cosas con japonés, alemán, italiano? 👎",negativo,com.netflix.mediaclient,,,0
da701a3b-711e-458d-bae1-85551972a929,Trooper_JGG,2025-10-19,1,El nuevo plan forzoso con anuncios también incluye demasiadas escenas cortadas. Que asco,negativo,com.netflix.mediaclient,,,0
5cb1f0c2-a706-4bb2-814a-3d812fc02144,Nana Travel,2025-10-19,3,como puedo corregir un error lleva dias pixeleandose la imagen?,neutro,com.netflix.mediaclient,,,0
c4422625-8f28-4b74-b0f9-673783e61623,Alex Garcia,2025-10-19,5,Bueno,positivo,com.netflix.mediaclient,,,0
ca8e9cd2-ae77-40ef-8c0a-1a29694b1c95,Mayanin Cristel López Méndez,2025-10-19,1,"van dos veces que la instalo, ahorita y hace meses y me sale el mismo error de 5.10. No me deja ver nada ni aunque descargue los episodios",negativo,com.netflix.mediaclient,,,0
456e8f48-fd2f-498d-aeb0-871bb2ef7769,Delys Valladares,2025-10-19,5,lo mejor que puede aver,positivo,com.netflix.mediaclient,,,0
f893f7ae-99b5-4279-9213-35a8ecd47d5b,Roberto Dominguez,2025-10-19,5,Paciente,positivo,com.netflix.mediaclient,,,0
70f301e4-4477-440d-aeb5-d43134ae4897,Sandra Corina Cruz Cespedes,2025-10-19,5,muy buenos gráficos,positivo,com.netflix.mediaclient,,,0
2e058ae8-f8a9-46a0-b04b-d209582ed1c2,Jose Angel Cedano,2025-10-19,1,"ustedes son unos verdugos que películas que se van a ver en República Dominicana la ponen en otro idioma que no sea español, y la ponen que no se le puede cambiar el título, ponga la película en español.",negativo,com.netflix.mediaclient,,,0
6654e128-557a-4f79-8f59-bcacc5a16ed1,Esperanza Vargas Flores,2025-10-19,4,es mucho problema abrir mi cuenta en TV en otra Ciudad,positivo,com.netflix.mediaclient,,,0
8c88f030-abb8-4d2f-8fb9-40705e5b8b7a,Carlos Moreno,2025-10-19,1,cancele la suscripción hace meses y ahora me la cobraron otra ves me robo mi dinero ni instalada tengo la app,negativo,com.netflix.mediaclient,,,0
36bb6d9e-4db9-4c36-b309-dec378879d65,Geor,2025-10-19,1,"la configuración del hogar es sólo para sacarle mas dinero a sus clientes, tengo una suscripción de 2018 con mi familia (solo somos 4 personas) y no la podemos usar correctamente porque no nos encontramos en el mismo lugar físico. pagamos premium hace 8 años, y encima de que ya es carisimo quieren que paguemos más por no convivir, estafadores.",negativo,com.netflix.mediaclient,,,0
d52ef104-3500-4e67-a727-e1914a68c027,Saul Esparza,2025-10-19,1,no carga la app,negativo,com.netflix.mediaclient,,,0
5701fc24-3a99-4d30-aff6-9479829a9f39,Xiuren Shaina,2025-10-19,2,porque me hacen pagar ahora dos veces mensual? es algún problema de la plataforma o que? busco información pero no me la dan,negativo,com.netflix.mediaclient,,,0
b56efa67-1b0d-4b60-9261-dbb882107dfd,Israel,2025-10-19,5,el mejor pasatiempo,positivo,com.netflix.mediaclient,,,0
53d65d41-406f-401c-a010-c0d0b47079fb,Maykel,2025-10-19,5,muy bueno,positivo,com.netflix.mediaclient,,,0
a9920b6a-ec7b-4ecd-a3b1-5fb42ead8d2f,Jack Molina,2025-10-19,5,Jack molina 23,positivo,com.netflix.mediaclient,,,0
8dd8776a-46ed-4175-ac15-05c91264a2ce,Erika Rubio villegas,2025-10-19,5,muy bueno,positivo,com.netflix.mediaclient,,,0
3a81a304-48f2-473f-8021-cd99e1b568a9,Mery jane,2025-10-19,5,excelente,positivo,com.netflix.mediaclient,,,0
dc801ce1-53c1-4212-bb30-361dbb39f618,Army Weed,2025-10-19,1,"No entiendo porque piden pago y después hasta que la canceles, se te facture la cuota de membresía y después dice q Podrás cancelarla cuando lo desees para evitar cargos en el futuro... Osea cobran 1ro poniéndole uno la tarjeta y después vuelven a cobrar de nuevo xq cobrar cuando colocan uno la tarjeta 💳 eso. Qno entiendo 🤔",negativo,com.netflix.mediaclient,,,0
eb33952f-0e7b-4460-862a-f93d03d52a3a,Juan Domngez,2025-10-19,5,perfec,positivo,com.netflix.mediaclient,,,0
eb4dadd9-a21f-45b8-93fe-1a80f4d4077c,Arturo Carrera Paredes,2025-10-19,1,"Antes eras chevere,¿que te paso viejo?",negativo,com.netflix.mediaclient,,,0
e7fc3671-296a-4f1f-b1bb-0872d8d0f504,Antonio De La O Grapin,2025-10-19,5,mubueno,positivo,com.netflix.mediaclient,,,0
98e0065a-90ee-42ac-8f8c-f964ffd462b0,Ben Jhoson,2025-10-19,1,solo contenido woke,negativo,com.netflix.mediaclient,,,0
88dbecfe-8df0-4c97-b8b4-655ad62ad481,Eliana Arce,2025-10-19,1,"quiero desinstalar de mi telefono pero no me deja, que fastidio",negativo,com.netflix.mediaclient,,,0
f91fdaed-0758-4008-826c-f88c617ef5de,Cristian Ruiz,2025-10-19,1,ladrones,negativo,com.netflix.mediaclient,,,0
620dcf7c-0082-4384-a400-af9501a7a53f,Soraida Romero,2025-10-19,5,Es muy buena,positivo,com.netflix.mediaclient,,,0
e01a2be3-67fc-4145-b91e-fd2d586c543a,Vanessajunior,2025-10-19,5,es muy bueno,positivo,com.netflix.mediaclient,,,0
928ab571-b444-42f2-aa17-f4a3099360f5,COSTAS COSTAS,2025-10-19,5,buena .,positivo,com.netflix.mediaclient,,,0
9443b764-bc09-4836-962c-7bc8be6fc4f1,Msrcos Gaibor,2025-10-19,5,muy buena app de streaming,positivo,com.netflix.mediaclient,,,0
47c51bf1-2a8b-4e1e-a4e0-7ab3acde0440,Venus,2025-10-19,5,"Super buena, solo que el la temporada 3 de haikyuu el audio empezo a estar en japones, intente llendo a cuenta, etc y no se me cambia.",positivo,com.netflix.mediaclient,,,0
7b9c4953-ca60-4441-bd88-050c08453fcc,Bhren BM,2025-10-19,1,"no me deja crear una cuenta, me sale puero error",negativo,com.netflix.mediaclient,,,0
1bb2acce-3869-430d-b59e-69b7cf25ad5c,Rodrigo Barquero Arley,2025-10-19,5,muy bien,positivo,com.netflix.mediaclient,,,0
eb5bab20-7268-4b02-982a-c0f830ed02f7,gabriel val ortiz,2025-10-19,1,cada vez más caro y te matan a anuncios,negativo,com.netflix.mediaclient,,,0
ebd3debc-fd29-4069-bbfc-47284343ded2,Sophia Utria,2025-10-19,5,no me deja descargar películas,negativo,com.netflix.mediaclient,,,0
f3bf4d53-7e69-402a-a75e-2e111a867abe,Sebastian Hazael,2025-10-19,1,Me lo dijo Elon Musk,negativo,com.netflix.mediaclient,,,0
e93c1b08-ec4f-45f6-babe-285034ef43a4,Ruben Martinez,2025-10-19,5,muy buena para entretenerse,positivo,com.netflix.mediaclient,,,0
0ef4db4e-a747-49de-b36b-e7527fe02d1f,elizabeth ramos aguirre,2025-10-19,5,buenas peliculas,positivo,com.netflix.mediaclient,,,0
899e3f1e-9955-4809-ade1-4a2ff165327c,Karlenny Valeria Hernández,2025-10-19,4,amo,positivo,com.netflix.mediaclient,,,0
50855fdf-0727-46fd-bef9-0da1f9bedebc,Caca,2025-10-19,1,Está aplicación es una basura pide dinero para sus servicios,negativo,com.netflix.mediaclient,,,0
7b133096-f5cc-4fa9-afca-c3eedd1b2e2c,Ivette Morales,2025-10-19,5,ME ENCANTA ESTA APLICACIÓN,positivo,com.netflix.mediaclient,,,0
5ae8aad6-090e-4764-ba94-8a371da0929b,Eduardo Aguirre Carrera,2025-10-19,1,Quisiera saber para cuando subiran thor ragnarok y las otras peliculas como la pantera y el doctor strange ya que para estados unidos ya estan esas peliculas y muchas mas y para peru aun nada. El catálogo ya es muy aburrido y lo único que estrenan son series que ni finales tienen. Netflix tienen que aumentar mas sus peliculas o poner en el catalogo las peliculas que si estan en estados unidos ya que ellos si disfrutan de una buena variedad de películas y los paises de sur america nada un catalog,negativo,com.netflix.mediaclient,,,0
764ebafb-3f7c-4f5b-8705-80781d7e3a71,Roger Gonzales,2025-10-19,5,muy buena.,positivo,com.netflix.mediaclient,,,0
f4db0c9b-a3d5-42ae-91b6-d82a90c4539d,Susana Gamarra,2025-10-19,1,no me dejo entrar y nisiquiera pude probar y ise una perdida de tiempo intentando entrar,negativo,com.netflix.mediaclient,,,0
d310c608-29ff-4a4a-8f2f-73725a70bce7,R. Elena Rmz. Vázquez,2025-10-19,1,"No puedo ingresar a la aplicación desde mi tablet, al parecer es algo de los vacantes del programa beta, no se que a que se refiere pero solucionen esto",negativo,com.netflix.mediaclient,,,0
f2f6dc59-ba8f-4f13-81b9-3c4fa0220175,Brayson C Donatien Mendez,2025-10-19,5,tiene mui buenas peliculas,positivo,com.netflix.mediaclient,,,0
62961e5e-1f0a-49c3-a874-0d8b5d17fe55,Andrés Escobedo,2025-10-19,1,deberían de dar un mes gratis a nuevos usuarios,negativo,com.netflix.mediaclient,,,0
6e159271-c1aa-4cd8-949b-2bea720e20df,Maria Casal,2025-10-19,5,muy complicada para poner contraseña y códigos,positivo,com.netflix.mediaclient,,,0
15a4b2db-0e40-401d-bcaf-c5702bf8d762,rosember cedeño,2025-10-19,3,"Agradezco a Netflix por resolver el problema de crear miembro extra, ahora mayor seguridad con la verificación por correo",neutro,com.netflix.mediaclient,,,2
676f83e9-3272-403d-8da2-87e8fcc7a9a1,Benjamin Delgado,2025-10-19,5,excelente,positivo,com.netflix.mediaclient,,,0
1d954065-1d1d-4adf-814f-13155591b27c,Sergio Glez Mtnez,2025-10-19,1,"pésima plataforma de streaming, se ve muy mal, sobre todo en escenas oscuras, más pixelado que canal plus en los 90. una vergüenza que un servicio de pago se vea tan mal, y no vengáis con la excusa de paga la tarifa más cara, porque ya me estoy viendo anuncios , además de que la calidad no llegará ni a 240p en ocasiones. Una lástima, en decadencia!",negativo,com.netflix.mediaclient,,,0
e4d3b069-7034-4b9c-a667-65ef1b9505d2,Yeray Ávila montes,2025-10-19,4,le doy esta puntuación porque me han quitado dos series muy buenas y esas series son teen wolf y minecraft Your history pero por todo lo demás está bien por favor si esto llega hasta las personas que hacen Netflix que pongan teen wolf de nuevo por favor y la serie de Minecraft Your history,positivo,com.netflix.mediaclient,,,0
031fa803-bebf-4d8c-b622-dbbacc095b3e,Diana Maria,2025-10-19,5,neflix no lo veo mucho pero para mi es lo más en todo lo que ofrece la plataforma gracias,positivo,com.netflix.mediaclient,,,0
3fce63dc-ae90-45f5-b313-e21873d7a0c2,Iremi Cuevas bravo,2025-10-19,5,está muy buena la aplicación 10 de 10 le doy,positivo,com.netflix.mediaclient,,,0
fd69ff89-7ea2-4cad-98d0-487dd3ea1f59,Yessenia Carolina Gómez Soto,2025-10-19,5,MUY bueno,positivo,com.netflix.mediaclient,,,0
eb1adfa1-7f37-4ea3-93a1-f519b57d6649,virginia vidal,2025-10-19,5,aprendiendo,positivo,com.netflix.mediaclient,,,0
e8a2c444-eeee-4599-8a0d-29c02c03b8f6,MILKA MONTOYA,2025-10-19,5,excelente,positivo,com.netflix.mediaclient,,,0
26a0a717-3021-4c4a-a014-11a1a6e7183a,EL JEFECITO Patroncito,2025-10-19,5,amo la application lo que no me gusta es Que hay cortes commerciales.,positivo,com.netflix.mediaclient,,,0
52ecb535-738a-4fd8-8138-a8b2179f4718,Maribel Duchtil,2025-10-19,5,buenas,positivo,com.netflix.mediaclient,,,0
29a5efb4-a392-4b96-9f2c-214dbc0e83c7,Felipe Saitz,2025-10-19,5,muy buena,positivo,com.netflix.mediaclient,,,0
a188a8e7-e778-49d1-99dc-5c2f51c06d89,Alejandro Diaz Calvo,2025-10-19,5,Está asociada a mi cuenta laboral; el móvil es de mi propiedad. Necesito hacer el cambio de la cuenta y Uds. no me permiten hacerlo.,positivo,com.netflix.mediaclient,,,1
fa95e32d-aaab-4000-b243-fe31c4fb1bc8,Ariana Valencia,2025-10-19,1,hay mucho lag,negativo,com.netflix.mediaclient,,,0
da266698-7674-4313-ae45-cc2e70b1a7d8,Yanet Tovilla Escobedo,2025-10-19,5,excelente,positivo,com.netflix.mediaclient,,,0
1313635b-52d1-43cc-bf96-e8f2c1463978,July López,2025-10-18,5,buena,positivo,com.netflix.mediaclient,,,0
5d955509-3ee4-40b6-876b-82b7e788a07f,S Ramirez,2025-10-18,4,"todo esta bien lo unico es que deberían hacer una actualización con una pestaña aparte con todas las películas que el usuario ya vio y completo, para tener una organización de películas o series que aun no ha visto aparte de las que ya están en su lista asi como peliculas ya vistas una pestaña por si se desea repetir algun serie o película. tener una sección donde buscar y repetir cualquier serie o película ya vista esa seria la actualización que me gustaría para mejor la experiencia de búsqueda",positivo,com.netflix.mediaclient,,,2
09118aa3-4e33-406d-b301-005dec03690a,Robert H,2025-10-18,1,"Tienen restricciones por cualquier cosa. Antes era todo mejor, precio, contenido, etc. Ahora cualquier otra plataforma ofrece mucho más y a hasta a un menos precio.",negativo,com.netflix.mediaclient,,,0
f6e5b10f-8713-47f5-bd9d-f9b680271269,Hector Guillen,2025-10-18,1,películas malas.. no suben nada bueno... aburren!.!. :'(,negativo,com.netflix.mediaclient,,,0
7e06d4f2-68f8-4083-9295-dcb97a5241c5,Olga Mairena,2025-10-18,3,"es buena, aunque hay varias películas q no aparecen",neutro,com.netflix.mediaclient,,,0
54268bac-375f-4159-82ba-6630dd978ba6,celina chaidez,2025-10-18,1,Mucha publicidad y aparte me cambiaron el plan sin avisarme porque se les dio la gana eliminar el que tenía :/,negativo,com.netflix.mediaclient,,,0
82724fad-b447-4f0c-a63a-861e7c0c14ee,Deysi Lopez,2025-10-18,5,me gusta,positivo,com.netflix.mediaclient,,,0
2c8ed4bf-7968-48c5-8db3-6e9dedb9eca1,Farmacia Mercado,2025-10-18,5,buena sería necesario que pongan series comicas,positivo,com.netflix.mediaclient,,,0
f2507bcd-5217-4388-b73d-d5cec9e1a2e7,Jazmin Moreno,2025-10-18,1,"que interfase tan nada practica, no me deja buscar por género y tengo que ir hasta la parte superior para cambiarla al inicio, series o buscar algo,",negativo,com.netflix.mediaclient,,,0
7f58a1c8-2692-496a-b5e9-a48df6cee826,Fernando Jamin Contreras Jaramillo,2025-10-18,1,No me deja ver series ni peliculas. arreglen esto ya,negativo,com.netflix.mediaclient,,,0
0d87a290-03df-44d0-87fb-ca43acd581df,ximena garcia leyva,2025-10-18,5,ex muy divertido porque no hay anuncios,positivo,com.netflix.mediaclient,,,0
2c9f91d2-585f-43c9-b8ec-9298fa477c16,Gabriela Zurita,2025-10-18,5,es lo mejor,positivo,com.netflix.mediaclient,,,0
28b71430-5229-42a1-9655-4cc306a48962,Omar Portillo,2025-10-18,1,Alguien q me explique si est8y pagando los 8.99$ en esto cada mes xq siempre me me saca como q no tengo cuenta eso si da cólera alguien q me ayude xfa,negativo,com.netflix.mediaclient,,,0
abfd7ac2-6eef-43bf-9727-6e2868bf2047,Humberto Pisco,2025-10-18,5,Muy buena la. Aplicación excelentes películas full HD,positivo,com.netflix.mediaclient,,,0
0b510799-eb05-456f-9c5a-1d1611dc07a2,Lot Mendieta Montes,2025-10-18,5,quiero hablar con un operador de Netflix directo.,positivo,com.netflix.mediaclient,,,0
c8dab82c-a575-4c09-862b-a4930278d297,Misael,2025-10-18,2,"Tengo un problema, Cuando pago la suscripción días antes que se acabe me la suspende por según falta de pago y aún ni es la fecha de pago, está vez lo pague el 3 de octubre y estamos a 17 de octubre y ya me la suspendieron por falta de pago, no entiendo que pasa aquí, ARREGLENLO, ES MOLESTO.",negativo,com.netflix.mediaclient,,,0
8f42e30e-18d6-4170-954f-72901b3f0a80,Carlos Almazan,2025-10-18,5,5553***3³,positivo,com.netflix.mediaclient,,,0
9fb30f94-2af1-4081-8d93-b1f5c6eaf095,Joselyn Celeste,2025-10-18,5,es buena,positivo,com.netflix.mediaclient,,,0
d90ed316-7f18-4290-8d0f-9416ee662e10,elizabeth chávez tejada,2025-10-18,1,"no puedo ver nada desde el teléfono, solo se escucha el ruido",negativo,com.netflix.mediaclient,,,0
513419b8-2184-419c-b784-e05233e88066,TITIREX,2025-10-18,1,"después de que sale un dispositivo no deja que otro entre a ver algo, es demasiado molesto ese fallo",negativo,com.netflix.mediaclient,,,0
489ee5c3-06d3-482c-baac-3cd48ebd72dc,Galia Georgieva,2025-10-18,1,Desde hace más de una semana la imagen falla y si sigue así voy a cancelar mi suscripción,negativo,com.netflix.mediaclient,,,0
545c2837-d5e8-4ce6-b52d-eadbf5a23b89,katiuska gordillo,2025-10-18,1,problemas con Netflix,negativo,com.netflix.mediaclient,,,0
25204ab3-ad6a-4313-bdf1-6c34d05d77db,Kevin Pero,2025-10-18,5,Bueno,positivo,com.netflix.mediaclient,,,0
462bdf3b-4af3-455b-b33c-75e415b7e273,manuel alberto hernandez montoya,2025-10-18,1,"mala suben peliculas viejas luegos las quitan al tiempo las suben , no hay peliculas muy taquilleras , no vale la pena pagar esto hay aplicaciónes gratuitas con estrenos y muchas variedades de pelicula .",negativo,com.netflix.mediaclient,,,0
e98b5b8b-7787-4f9b-acae-5ad0ae8009a7,Axel Carmona,2025-10-18,1,no sirve,negativo,com.netflix.mediaclient,,,0
9bc58498-0a30-4ff4-b2a6-7f4540bccc69,Julia Constanza Carranza Fuentes,2025-10-18,5,quiero otra temporada de RIV4LES ahora mismo.😝,positivo,com.netflix.mediaclient,,,0
be4643ee-b02f-4993-a071-4292bdda6df0,Conejita 182,2025-10-18,1,"no puedo ni calificarla! años co. Netflix, pagando con gusto pero ahora pacere que estamos viendo tv abierta! horrible, cancelación de inmediata con sus horribles políticas de ponerles anuncios, más que uno paga para eso? ni una estrella para mi. Gente no nos dejemos, en serio!",negativo,com.netflix.mediaclient,,,0
64196d11-5b9f-4984-832e-679b6e61c530,Mariam Alejandra Escobar,2025-10-18,5,La aplicación es buenísima pero hay muchas series que la gente quiere ver y está en otro idioma yo digo que deberían poner traducción para ese tipo de cosas,positivo,com.netflix.mediaclient,,,0
c7272fbf-257e-4698-9734-ced86362d8a9,Marcial Hdez,2025-10-18,1,malísima no me d opción de cambiar contraseña ni actualizar mi pago,negativo,com.netflix.mediaclient,,,0
73749fa4-ee6b-4eb2-a99f-76c77aa1cac0,Ramon Ojeda,2025-10-18,5,muy bueno ☺️,positivo,com.netflix.mediaclient,,,0
1b9bc85c-7eaa-416a-b112-b61c8e01f05a,Lidia Suvea,2025-10-18,5,rapida,positivo,com.netflix.mediaclient,,,0
a4e5ce3d-876e-43e2-b31f-7aa558113242,Maria Eugenia Sosa,2025-10-18,1,"Anda muy mal la app y no tiene nada nuevo, siempre lo mismo!",negativo,com.netflix.mediaclient,,,0
d19ef85f-3c05-4b02-89f9-79afb08b7207,heidy Santana,2025-10-18,1,👎👎,negativo,com.netflix.mediaclient,,,0
8316df50-29ba-4b4f-8918-5fa323e44f8d,Francisco Gonzalez,2025-10-18,5,excelente servicio me servido muy bien y ya estoy disfrutando,positivo,com.netflix.mediaclient,,,0
5b957cc6-95af-4457-90c3-8082b1ad72cd,DIEGO,2025-10-18,1,Adiós popo.,negativo,com.netflix.mediaclient,,,0
c07571f5-abc0-49cf-ba85-e6cbb343f02a,Brian Mendez Roque,2025-10-18,1,"ya había cancelado la cuenta pero me vuelven a cobrar. vas a soporte y para empezar no puedes comunicarte con nadie. No hay soluciones, páginas de texto que no te ayudan en nada",negativo,com.netflix.mediaclient,,,0
19139531-f2e1-4c37-84cc-4b46b6cf4bf1,Lucero Paez,2025-10-18,5,sus juegos son increíbles y las películas,positivo,com.netflix.mediaclient,,,0
97c8ecc7-9ceb-4bfa-9433-790fb2671bd7,Happy wine Cartagena,2025-10-18,5,geniallllll espectacularrr,positivo,com.netflix.mediaclient,,,0
6bcac8f2-7e18-4cac-a4d5-48dc1cf4e214,Sebastián Jara,2025-10-18,5,Es muy buena la aplicacion,positivo,com.netflix.mediaclient,,,0
25379011-703f-4d52-bebb-161d8ecb93ad,Alberto Santa Cruz,2025-10-18,3,últimamente la aplicación da muchísimas fallas. sí cierras el reproductor y después lo vuelves a abrir te genera el problema con el mensaje de que no se puede en este momento. no sé si es por una actualización reciente,neutro,com.netflix.mediaclient,,,1
7066e341-be49-472e-90d5-8e84f6d4070a,Isidora Tapia,2025-10-18,1,Ya no me gusta tanto Netflix por que siempre se van las mejores películas como sharck boy y lava girl. Envés de sacar otras peliculas aburridas .,negativo,com.netflix.mediaclient,,,0
c1106240-b135-4406-a206-b24402f70e97,Violeta Miranda,2025-10-18,1,han seojun no se quedó con yukyung 😔💔,negativo,com.netflix.mediaclient,,,0
4d4f56ac-f503-4917-8799-02305dd31c4c,Walter Guitian,2025-10-18,1,"Pésima actualización, sale un error de reproducción 5.10 cada ves al reproducir algo, tengo que cerrar y abrir la app de nuevo. además que el historial no funciona, veo una serie y no sale donde quedó.",negativo,com.netflix.mediaclient,,,1
c6397119-6537-44f3-8813-0cab10a95ae3,TANIA TRILLO,2025-10-18,4,"Quiero proponer un espacio de ""Vistas"", para poder tener clasificadas dentro de ""Mi lista"" las peliculas y series que ya se han visto.",positivo,com.netflix.mediaclient,,,0
2a332925-390a-4baa-8b30-a85774b3b926,David Acevedo,2025-10-18,1,no descarga los episodios mf,negativo,com.netflix.mediaclient,,,0
1cb44d7c-4a6a-42df-a3ee-e7b2adc6953f,Maria del carmen Mauro,2025-10-18,5,muy buena,positivo,com.netflix.mediaclient,,,0
c3abc542-7ef6-406d-9661-ec61874803ff,Sergio Santiago Salas Guzmán,2025-10-18,5,me gustaría que también haya Serie short de todo tipo pero me gustaría esto,positivo,com.netflix.mediaclient,,,0
9b3391ed-d4b1-43fa-a361-74efdbf36cc2,Suministro Soledad,2025-10-18,5,excelente,positivo,com.netflix.mediaclient,,,0
33282cf3-00b2-4ced-b1fe-83b2e815176c,carlos r. Rivera,2025-10-18,5,me encanta,positivo,com.netflix.mediaclient,,,0
09bebb7c-8e13-4758-8c50-ba30b5ff714b,Pilar Ruiz,2025-10-18,1,me salta y se come varios segundos en todas las series. en el chat de ayuda me dicen que no tendré el sistema del dispositivo actualizado. y lo tengo actualizado he apagado el wifi y vuelto a encender. volver a descargar la aplicación y nada sigue igual. será fallo de la app. nunca me había pasado antes.,negativo,com.netflix.mediaclient,,,4
86cb7cee-7850-4c50-894e-3500d57e9607,Alex javier Alvarado madrid,2025-10-18,5,lloren,positivo,com.netflix.mediaclient,,,0
43c6ebb7-70bc-439d-97e2-3c5daa53f94c,Jose Manuel Cruz,2025-10-18,1,no he podido ver un día completo la aplicación,negativo,com.netflix.mediaclient,,,0
b61e891b-ffca-4b8b-a110-f16eb39729f6,Xiomara,2025-10-18,5,super,positivo,com.netflix.mediaclient,,,0
ad1ebefa-80ff-4763-b9cd-d79df834132b,Santos Victorio Hernández,2025-10-18,3,santasvictoriohernández@,neutro,com.netflix.mediaclient,,,0
36856039-8a64-44d5-9807-0844d59567ed,Ernesto Hutmacher,2025-10-18,5,It is to good.,positivo,com.netflix.mediaclient,,,0
e280c1d1-ee66-4985-9bd8-182978b70e49,René Leal vaz,2025-10-18,4,es muy buena aplicación de mi buen contenido,positivo,com.netflix.mediaclient,,,0
92071536-7deb-45ac-aa66-78b60292d890,Rosy Tzakun Can,2025-10-18,1,no agarra al abrirlo y eso que la aplicación ya está actualizado. muy mal,negativo,com.netflix.mediaclient,,,0
df42710b-c003-4bff-bf4e-b1f0385e1c4e,Isack Monjardin,2025-10-18,1,buena,positivo,com.netflix.mediaclient,,,0
58cd198d-b117-4b3f-b953-33f4c0472f23,Yanina Garcia,2025-10-18,5,está bueno,positivo,com.netflix.mediaclient,,,0
7ee1842e-d330-4459-a886-63ca86aec4d4,Mar Zambrano,2025-10-18,5,Me encanta esta app,positivo,com.netflix.mediaclient,,,0
f31209a6-4a5f-4551-8c70-65cca751a1ee,GABRIEL HUARCA,2025-10-17,1,no me interesa,negativo,com.netflix.mediaclient,,,0
b42171c6-a59a-4717-897a-15a50ab51b08,Daniel123 Minota,2025-10-17,5,La mejor aplicación del mundo 😍,positivo,com.netflix.mediaclient,,,0
e09fe438-bfc8-4c16-a3ea-82c456d65814,Allan Alvarez,2025-10-17,1,"traigan nuevamente a Bety la fea, todo su contenido es horrible",negativo,com.netflix.mediaclient,,,0
9e84809d-c5fe-477a-87cb-259416a89151,Saúl Ramos,2025-10-17,4,me gustan las series 🕶️,positivo,com.netflix.mediaclient,,,0
10a32ddb-99b0-4d3e-8039-80dda4605484,KALEB SERVICIOS GENERALES,2025-10-17,5,Buena app para ver películas,positivo,com.netflix.mediaclient,,,0
4c14d6a9-65d2-4f7e-aafc-b3f31db4b70b,Rolando Benavides,2025-10-17,5,Estoy encantado con Netflix porque es una experiencia a lo mejor actualmente no estoy esperando películas que se estén renovando solo es de barrenovando me va poniendo películas nuevas la más recientes,positivo,com.netflix.mediaclient,,,0
3802cdf8-b52e-4a1f-be54-c3df241344d1,Kenneth Arana,2025-10-17,1,no es grati,negativo,com.netflix.mediaclient,,,0
be06f4b4-c09c-4b3d-8574-ee08c62c36cc,Argentina Ramos,2025-10-17,2,la verdad la aplicación me gustó pero la películas de legendary de godzilla ustedes la pusieron por muy pocos días,negativo,com.netflix.mediaclient,,,0
8e3670b1-0a37-4abb-8764-9b05c571df5f,Hastronio Valencia,2025-10-17,5,es una app estupenda,positivo,com.netflix.mediaclient,,,0
e0f0c98b-5365-49c7-a624-88067bd292a6,Luisito,2025-10-17,1,"No me deja descargar la aplicación, en mi honor magic5 Lite Me aparece que (no se puede instalar Netflix",negativo,com.netflix.mediaclient,,,0
8db78b19-d80c-4490-997a-bcaad404f481,Liz Carol Quintero Diaz,2025-10-17,4,b7ena aplicación,positivo,com.netflix.mediaclient,,,0
b06b45ff-2d58-4bf4-9f35-10151c3d37cf,Carlos Camacho,2025-10-17,1,Deceo ver Netflix pero no encuentro la manera de ver ya que ay demacrada informacion,negativo,com.netflix.mediaclient,,,0
6135ee3f-448f-46b0-8182-3f9ea144d3bd,xiomara fernandez,2025-10-17,5,MUIGUENO LEDOISINCOESRHAS,positivo,com.netflix.mediaclient,,,0
13ba351a-4bef-457d-ac76-9e7d7de157e2,Ana maritza Sorto moreno,2025-10-17,5,super,positivo,com.netflix.mediaclient,,,0
1b5cc0f1-41b9-4ca6-b517-80ad7d31eedf,Madrid Gallego barcia,2025-10-17,1,subida de precio con anuncios,negativo,com.netflix.mediaclient,,,0
f96ce38d-4eda-4a3d-8adc-02aff161151a,Humberto Iván Escobar Sayes,2025-10-17,1,"Antes me encantaba la aplicación ahora con esta nueva actualización me tiene decepcionado, en la app siempre me aparece contraseña incorrecta, también en Google Chrome, solo en el navegador opera me deja iniciar sesión y solo en la tele puedo verlo. Arreglen eso.",negativo,com.netflix.mediaclient,,,0
64f4c12a-9e53-4884-8380-fba3708ed170,Mauro Pasetti,2025-10-17,1,Control parental desastrozo. Desde perfil de niños mí hija configuro un perfil de adultos... lleno de basura woke.,negativo,com.netflix.mediaclient,,,0
d6dfdf55-108c-40d3-b1a1-dd19c7042233,Emeterio Urgell castellanos,2025-10-17,3,muy bonito todo,neutro,com.netflix.mediaclient,,,0
57f1d11b-3751-4c18-8535-de605b4f8dab,Carlos López Medina,2025-10-17,1,no pienso pagarles más para tener derecho de ver películas que ya debería de poder ver con pagar lo básico!!!,negativo,com.netflix.mediaclient,,,0
b25a30c7-da9d-4b47-ab1a-46b95447be56,IVAN CAIRE,2025-10-17,1,la aplicación es porquería no sirve para nada de verdad es una completa basura,negativo,com.netflix.mediaclient,,,0
da18acc5-d0d0-4b12-bb63-1b09468d7822,JHONY PEREZ,2025-10-17,4,buena app por el momento sin fallas,positivo,com.netflix.mediaclient,,,0
b09f04e8-40ee-4f58-933c-c9ca9d2b99be,Milciades Raul Espinola Lezcano,2025-10-17,5,excelente,positivo,com.netflix.mediaclient,,,0
4e10af15-b6f1-45e0-a181-8d59a46a3b70,macarena muñoz,2025-10-17,1,entro a la app y pongo una película y se pone a cargar y no entra lo borre y aun vuelvo Internet pero aun sigue con cargar y también lo actulize y no se que pasa y evisto varios come tarros así para que arregle la app,negativo,com.netflix.mediaclient,,,0
5b5c4e39-4537-4b5f-a083-67d5196770aa,Yoselin Rosel,2025-10-17,5,"siempre me ha funcionado bien la aplicación, pero ahora estoy teniendo problemas al reproducir en el celular 😖por favor como puedo solucionar ese problema",positivo,com.netflix.mediaclient,,,0
8fdde514-f765-46c5-bab9-1bb0a752d21f,Joshua Marte,2025-10-17,5,exelente pero ya no asen películas como antes y por favor saquen antes de febrero por favor el 18 de enero aunque sea un trailer más ❤️❤️❤️Wednesday 3 ❤️❤️❤️,positivo,com.netflix.mediaclient,,,0
054c19c4-5efe-43e4-a5df-f43586ad9ac3,Lupita Hernandez,2025-10-17,5,execelente,positivo,com.netflix.mediaclient,,,0
034ecdc5-5b56-4f16-8b2b-e38838d4d0c6,kendy De La Rosa,2025-10-17,5,es realmente hermosa esa apps,positivo,com.netflix.mediaclient,,,0
520b0a78-d511-469b-bbb5-b8085908aef7,Diego Escobar,2025-10-17,2,"pura series chinas, lo único que veo son peliculas viejas. estoy pensando en dar de baja el servicio y ver las pelis piratas que es mejor",negativo,com.netflix.mediaclient,,,0
81f562e9-3aa0-4bc0-9bcd-d8d046d0ed79,Anan Maria,2025-10-17,5,Les recomiendo esta app para ver sus películas y series preferidas.,positivo,com.netflix.mediaclient,,,0
e3565d75-b65e-4f7d-b8f5-04766c015c4b,sara sofia lopez obando,2025-10-17,3,"a veces el vídeo no carga , o comienza a verse pausado y pixelada, al principio pensé que era mi internet, pero no es un problema de la aplicación, me toca desinstalar y volver a instalar para que sirva",neutro,com.netflix.mediaclient,,,0
4d561f35-4784-491b-b71d-ad98c7392784,Alejandro Santisteban,2025-10-17,5,espectacular,positivo,com.netflix.mediaclient,,,0
453f9509-23ad-463b-bb12-db3c2f7e314a,Birrieria A La Par De Un Lado Birrieria,2025-10-17,5,las nuevas películas de godzila el rey delos monstruos godzila VS kong y godzila y Kong el nuevo imperio son buenísimas,positivo,com.netflix.mediaclient,,,0
4517fca3-ac00-44c3-81d7-c21e9da58b5d,Beatriz Rangel López,2025-10-17,5,Excelente,positivo,com.netflix.mediaclient,,,0
999e2798-c706-4cb6-84da-33fa327de8fc,Fatima Mejias,2025-10-17,1,La app nunca termina de cargar..,negativo,com.netflix.mediaclient,,,0
79dd9d50-9059-48e8-b3e9-53981a053877,KARIM CERVERA Jr.,2025-10-17,5,Excelente.,positivo,com.netflix.mediaclient,,,0
b54b8e63-a9ee-4419-b291-831fa1c96701,Jose roberto Rubio crisosto,2025-10-17,5,muy buenas series y películas y función de box,positivo,com.netflix.mediaclient,,,0
9e33e5f6-5785-4a24-a1aa-4a474d42a3dc,Daniel cordova alberto Cordova,2025-10-17,5,es muy bonita ver en esta app por que es gratis para las perdonó,positivo,com.netflix.mediaclient,,,0
1d8a0874-af82-4aea-a520-a7f835943032,gameba alvarado,2025-10-17,1,en el teléfono no puedo ver nad ade contenido ni lo que descargue,negativo,com.netflix.mediaclient,,,0
f898e3d4-0ace-4437-9361-4a6547093239,Norma Leon,2025-10-17,1,alguien más le pasa que pone en su celular Netflix y no reproduce como que se va avanzando y avanzando y avanzando como si estuvieras avanzando reproduce la película pero no va seguida es como si le estuvieras adelantando y adelantando ayuda por favor,negativo,com.netflix.mediaclient,,,0
36fcca96-96b0-45d9-a6da-5d96bbb7d52f,Cristian Carlos,2025-10-17,3,la aplicación en si es buena pero lo malo que tiene que sacan series de anime en español y después dan las nuevas temporadas en japonés yo creo que si uno está pagando deberían dar televisión de calidad,neutro,com.netflix.mediaclient,,,0
d828c931-eb31-4217-8c37-ae71849d3019,Godzilla GMK,2025-10-17,3,de la nada me salen anuncios y en esta aplicación no se puede pero bueno es una buena aplicación de películas pero es muy feo que en esto salgan anuncios,neutro,com.netflix.mediaclient,,,0
9caf907a-f7f9-4981-9791-7200ff586276,ruben robles,2025-10-17,1,anuncios pagando? hasta 5 anuncios o más que h....de p..... esto es vergonzoso empezó bien y va en declive se acabó no vuelvo a suscribirme más,negativo,com.netflix.mediaclient,,,0
72c6004a-4cd1-4893-a261-bed9a095459c,Juan jose Gonzalez jaramillo,2025-10-17,2,pongan dragón ball z kai y el increíble mundo de gumball en español latino 🙏,negativo,com.netflix.mediaclient,,,0
75919bf0-8885-4f07-972b-6be29280ddc9,Gustavo adolfo Ochoa Morin,2025-10-17,5,super,positivo,com.netflix.mediaclient,,,0
394e2bb4-cc5b-42a7-ad5c-0779d60e2b3d,Ruby Barrueto Hormazabal,2025-10-17,1,"me descuentan 7.000 y algo y además 12.990 o algo así,como no se dan cuenta que es la misma persona y descuentan igual,trato de cancelar la app y no me deja",negativo,com.netflix.mediaclient,,,0
86e4622b-d35e-40ba-833c-62bb9cb8a83a,Marc Venque,2025-10-17,1,"La cantidad de anuncios que tiene siendo un servicio de suscripción económica no tiene sentido, debería ser constituyente de delito contra el consumidor. Asqueroso comerte un 10%-15% del tiempo en anuncios. El mes que viene vuelvo a plataformas pirata que por lo menos te salen menos anuncios cuando pausas. ¿Sugerencias?",negativo,com.netflix.mediaclient,,,9
3a113ce9-88d1-4478-be18-89b0b6ecd928,natalia bocanegra,2025-10-17,1,"horrible el tema de ""actualización hogar"", cancelare mi membresia ya que la uso con mi familia y no vivimos todos en la misma casa entonces si se abre la app en un lado se cierra en en el otro. pésima esa política de que todos deban compartir la misma red wifi para que funcione la app. la app en vez de mejorar, va empeorando.",negativo,com.netflix.mediaclient,,,0
ead2fefd-9cd5-4f01-a0b3-4a6042116c8b,Mary Tere Aguiñaga,2025-10-17,5,Es una plataforma con una variedad de películas y series,positivo,com.netflix.mediaclient,,,0
8c3251aa-175e-44ac-a5c9-542fb136b62d,Teodora Morgado,2025-10-17,5,maravilloso,positivo,com.netflix.mediaclient,,,0
35bbc138-2910-43fe-bf54-492190393dec,Velia Marquez,2025-10-17,5,la mejor,positivo,com.netflix.mediaclient,,,0
fc8fddf5-a5c8-4750-b242-6fadb4757379,Biviana Resendiz,2025-10-17,1,"es súper fastidioso estar actualizando cada rato el hogar, es súper desagradable que tenga que pagar la misma aplicación por cada casa que tengo, llegó al negocio y lo mismo, ay no ya me fastidio, llevaba años con Netflix Pero desde esa política de privacidad del hogar con Netflix !! ay no, horrible!!! bye Netflix !!!",negativo,com.netflix.mediaclient,,,1
6a9eabd9-a5f4-4eb2-84c4-78846d09a0af,Angel Gomez,2025-10-17,1,No sirve para ningun reloj de samsung,negativo,com.netflix.mediaclient,,,0
9b186e38-2af5-4e6e-9c1c-fdf1563e178c,Miselfa,2025-10-17,1,"He visto muchas series producidas por Netflix pero solo veo finales inconclusos o finales horribles, tantas vueltas durante los capítulos para no quedar en nada. Elaboren algo mejor, me estoy arrepintiendo de pagar la membresía. No se quien les dijo a ustedes que hacer series inconclusas o finales feos (todos) era una buena idea para los usuarios.",negativo,com.netflix.mediaclient,,,0
cb7ecd56-27bb-40c1-8da5-e06b52c169a6,Nestor torres,2025-10-17,5,excelente,positivo,com.netflix.mediaclient,,,0
e7df9400-8e1a-4998-bccf-e186f8a6d662,Rafa Garcam,2025-10-16,3,"Me gusta la Aplicación de NETFLIX pero hay un problema sobre las descargas: no puedo descargar para ver películas y series porque dejo mi celular ahora éste se para cuando dice la notificación que ""se necesita WIFI para seguir con la descarga"" y ¡es imposible!. Necesito que lo arreglen bien la App para que yo siga disfrutando sin interrupciones de las descargas cuando voy de viaje en autobuses o estar en casa y de muchos mas. ¡Solucionenlo! enviando en enlace. Saludos. ;)",neutro,com.netflix.mediaclient,,,10
27a131fe-3df1-4546-a26b-fa897a06bcf0,Alejandra Ramírez,2025-10-16,5,exelente,positivo,com.netflix.mediaclient,,,0
031c9bed-7680-42f1-8b8c-b2cc65e96a13,Monstruo Verxeeede,2025-10-16,1,Todas las peliculas de netflix son viejas y aburridas no puedo creer que pague 27$ por contenido viejo y aburrido.,negativo,com.netflix.mediaclient,,,1
b87f421c-9f4b-478f-88d3-8b5d4425b714,Marlon Garcia,2025-10-16,5,"muy buena, muy buena 😊👌🏻",positivo,com.netflix.mediaclient,,,0
f47c2a34-e6cf-4aa8-b531-b70cce5aa49c,Ezequiel Arce,2025-10-16,1,se sale,negativo,com.netflix.mediaclient,,,1
a78249ae-5c83-41e0-a2b3-da266349dfc8,Eduardo Gutierrez,2025-10-16,1,anuncios?..enserió?,negativo,com.netflix.mediaclient,,,0
baa892ac-59a6-4091-b2f8-c13467de578a,Isamar Cereceres,2025-10-16,1,no puedo abrir la aplicación,negativo,com.netflix.mediaclient,,,0
233adf8d-cbd5-432b-a6d3-280fcecb41d2,Kristel Ramirez,2025-10-16,5,por que no han puesto las otras temporadas de henry danger que anunciaron que iban a salir y ahora no salen y según en este inicio de mes 🤨😭😭,positivo,com.netflix.mediaclient,,,0
cd8f07d5-670e-4db4-9b09-2e9f67076da5,Daniela Amundaray,2025-10-16,5,mejor aplicativo pra ver peliculas,positivo,com.netflix.mediaclient,,,0
c0c6aadd-67c8-4225-a2fc-5a982b2788b4,Dominik K.,2025-10-16,1,me están activan un suscriptor extra sin yo pedirlo con el coste que conlleva. siento que me están estafando para cobrarme más por cosas que no quiero.,negativo,com.netflix.mediaclient,,,0
46aae33a-b741-4512-89f2-af8f788fa46d,Jose Guzman,2025-10-16,1,muy mala cerre por error mi sesión y me cobró membresía otra vez y tenía 5 días que ingrese una tarjeta de regalo 2) pide una cuota mensual y cuando la tarjeta es deas valor lo descuenta todo si la membresía es de 17 y la tarjeta de 25 descuenta el total de la tarjeta robando en saldo pendiente,negativo,com.netflix.mediaclient,,,0
a92d5305-e0c6-4f94-a5b4-a51b4254fd90,Marcos Do Santos,2025-10-16,5,no puedo entrar en esta aplicación,positivo,com.netflix.mediaclient,,,0
c1283d39-9111-4dea-897b-7ca07e6e54ec,Yamile Barraza,2025-10-16,5,Esta genial la app,positivo,com.netflix.mediaclient,,,0
77268dc6-ad95-4351-921f-73739e8767d7,Jazmin Jimenez,2025-10-16,5,muy buena,positivo,com.netflix.mediaclient,,,0
809ebe01-6dde-41bb-ac3b-068887cb7fb5,Rafael Mendez martinez,2025-10-16,5,hecelente,positivo,com.netflix.mediaclient,,,0
f595f40b-d00c-4d8a-a4b3-4b40c7338a6f,Jorge Caceres,2025-10-16,5,muy buena la plataforma de Neflix,positivo,com.netflix.mediaclient,,,0
3675ad1c-0561-4acb-8b52-85e48c0a10fc,Loana Gonzalez,2025-10-16,1,son unos sinvergüenzas que te cobran lo que quieren un mes te cobran 15.000 y al hotro mes 30. 000 cara duras estafadores de personas en cima nos están cobrando premium y ni decargar películas me dejan la verdad una vergüenza y me parece un robo y estafa a la gente encima les pagamos y nos dicen como que seguimos debiendo sinvergüenzas la verdad super desconfome,negativo,com.netflix.mediaclient,,,0
c9a312ea-6cf3-4528-9d07-f88e3730349c,Jose Canelon,2025-10-16,5,es muy buena y no hay anuncios,positivo,com.netflix.mediaclient,,,0
fcb06012-2f48-4b1c-9ad5-42aeac041384,Ignacio Vega,2025-10-16,2,no.puedo ver nada porque no reproduce,negativo,com.netflix.mediaclient,,,0
09c8ad60-062d-48a1-a985-fe2d5cf6ecea,Josue Chela,2025-10-16,1,"Optimizar para Tablet Redmi Pad, ya que después de un cierto tiempo se retrasa el audio y video.",negativo,com.netflix.mediaclient,,,4
b66f14f5-57f7-4065-9f01-2c951a9c03c6,MiguelGomez,2025-10-16,5,🌟🌟🌟🌟🌟✨,positivo,com.netflix.mediaclient,,,0
f96f3bff-ef00-44c7-8fe8-deb6fc6e7b9e,Sebastián López Vega,2025-10-16,5,Sebastian 6Mari9 💯💯💯💯💯💯💯,positivo,com.netflix.mediaclient,,,0
241ee401-0b64-4ea7-b7d7-dd84bbbcaa61,Hanny Bolaños,2025-10-16,5,muy buena pero porfa no pongan anunsios.?,positivo,com.netflix.mediaclient,,,0
fe26b648-725c-4658-af5f-2709ebaf397f,Mar noe,2025-10-16,2,"NO ME GUSTA QUE ME COBREN DEMÁS, ESTE SISTEMA DONDE ESTAMOS METIDOS,NO VA MAS CONMIGO.NETFLIX, DEBIERAS SER UN POCO MAS ACCESIBLE.Y ADEMÁS POR LO QUE COBRAS MAS LOS IMPUESTOS DEL BANCO, NO TENES NADA BUENO EN PELICULAS O SERIES PARA VER, SON EN SU TOTALIDAD REPETIDAS.NO LO VALE.",negativo,com.netflix.mediaclient,,,0
1672bfc0-66e5-49fd-ad14-24729f0e2147,yeye olarte!!,2025-10-16,5,es muy bueno y puedo encontrar cualquier serie o película de mi gusto,positivo,com.netflix.mediaclient,,,0
321ba45d-2d3d-4573-af5f-4cc270d238e3,Sergio Castillo,2025-10-16,1,"ahora le están metiendo demasiados anuncios, 1 película más de 10 anuncios. por eso le doy 1 estrella, estan arruinando la app con tanto anuncio",negativo,com.netflix.mediaclient,,,0
1fa6d11d-bd57-40cf-8826-8e3222543f5e,Yordy Bocanegra,2025-10-16,1,cuando se acaba lo que pague no me deja usar otra cuenta que la pague,negativo,com.netflix.mediaclient,,,0
8696deb2-4b86-4a12-957b-2c297f02cdae,Angel Navarro,2025-10-16,1,tiene muchos anuncios,negativo,com.netflix.mediaclient,,,0
0760abad-2a81-42dd-b8d3-5727ef631fb1,Gaby Solís,2025-10-16,3,"Desde ayer presento fallas, entra todo normal Pero a la hora de escoger algo para ver, solo se queda en cargando y no puedo ver nada con ningún título ya lo intente varias veces y nada me pueden ayudar por favor",neutro,com.netflix.mediaclient,,,1
77c380e2-3933-4cac-aa86-79335fe9fd07,yeswil Torres,2025-10-16,5,muy buena aplicación,positivo,com.netflix.mediaclient,,,0
032abdc1-1635-48b7-befa-408fe73c3161,Alici Heredia,2025-10-16,1,le doy una sola porque no me habre en este telefono ni en los otros que tenido no la recomiendo,negativo,com.netflix.mediaclient,,,0
d751f419-a336-4425-89fb-d40392e10379,Miguel González,2025-10-16,5,"m9 9rj6d,como,",positivo,com.netflix.mediaclient,,,0
d0cb5a69-6b3f-48e3-9833-a3b5c8ad6331,Dulce Cámara Carrasco,2025-10-16,1,cara para mí bolsillo,negativo,com.netflix.mediaclient,,,0
3503fe7b-d541-49c8-b58b-a67bebb9f03a,Carlos Lopez,2025-10-16,5,exelente series,positivo,com.netflix.mediaclient,,,0
9db9625b-9a72-44b7-b7a5-1ba381a98d31,Martin garcia salazar,2025-10-16,5,Excelente,positivo,com.netflix.mediaclient,,,0
97373051-4535-46ca-9b86-4d933d86f6b4,Dari Arohc Clem,2025-10-16,1,no me habré,negativo,com.netflix.mediaclient,,,0
9fcee037-cc44-4ff2-9efc-e32b3c0d229d,Call of duty mobail,2025-10-16,5,me encantan sus películas solo les faltan tener mas bariasiones de Animes qué la malloria desea,positivo,com.netflix.mediaclient,,,0
72024878-89aa-4bf6-80b5-6019b8451d18,Gerardo Soto,2025-10-16,5,me pueden autorizar para descargar y ver en offline,positivo,com.netflix.mediaclient,,,0
b32e09f4-4869-40fc-ad6a-572cd96b3180,Javier Rodríguez,2025-10-16,1,"fecha 16 de octubre 2025. En mi punto de vista personal , ya no hay nada nuevo en Netflix. películas aburridas o los mismos títulos de siempre. películas viejas que nadie quiere ver. series aburridas. y los mismos títulos de hace ya varios años. hoy en día no vale la pena pagar una subscripción. si quieren pagarlo... mejor esperen a que actualicen las películas, porque ahorita no hay nada interesante que ver.",negativo,com.netflix.mediaclient,,,1
990e0a05-0aec-4701-98c4-784d8df4c951,Oscar Yecid Herran,2025-10-16,1,"Gracias a los anuncios y sus subida de precios, ahora veo contenido de Netflix pirata y en 4k sin anuncios. Estúpidos!",negativo,com.netflix.mediaclient,,,1
03f834b1-e835-4617-ae87-1ad7e04ac83b,José Antonio Pérez Becerril,2025-10-15,4,es complicada el menú de opciones para establecer si es Son anuncios y el costo del mismo . como envío éste mensaje ?,positivo,com.netflix.mediaclient,,,0
d4c58b5c-98ab-43c2-9ee6-5de837e1cc8c,TATIANA YAHOSCA RAMIREZ,2025-10-15,1,mala super mala,negativo,com.netflix.mediaclient,,,1
a99781af-0782-4d18-a458-4354583c65c0,Jesus Mercado,2025-10-15,5,la mejor aplicación de películas la mejor,positivo,com.netflix.mediaclient,,,0
ab52dc38-b9d0-4ef5-a4e4-65d0f2e54bc2,Nashaly,2025-10-15,5,Por favor no eliminen shrek 2,positivo,com.netflix.mediaclient,,,0
d4c5681e-23a3-422e-a3da-1b89eb715556,Misael Aguilera,2025-10-15,1,no lo puedo descargar en mi pantalla dice que ya no esta disponible 😭😭😭😭 yo mejor deje de pagar,negativo,com.netflix.mediaclient,,,0
fd3b3911-2a3e-4f8c-8639-439ed18ba425,NETERFK,2025-10-15,5,👍🏻,positivo,com.netflix.mediaclient,,,0
b48701d3-3219-46d2-81fa-fbb9c654dd54,Hine Nunez,2025-10-15,1,se desconecta cada cierto tiempo,negativo,com.netflix.mediaclient,,,1
caed6861-703d-42a7-b209-36a373b55049,Junior Portillo,2025-10-15,1,el angel de rosario tijeras se quedó con ella en ves de Dylan,negativo,com.netflix.mediaclient,,,0
57107c10-8bbd-47a8-809c-6677adc2ab63,soeligi esurt,2025-10-15,5,"ESTOY MUY CONTENTA CON TRAER MUCHOS TEMAS EN ESPAÑOL SOBRETODO DE COCINA, COMIDA Y LOS REALITYS QUE AMO. SIEMPRE QUISE VER ...THE GREAT BRITHIS BAKING SHOW Y NO LO PODIA VER PORQUE SOLO Hablo español... GRACIAS Y por FAVOR MAS TEMAS que sean con elección de idioma español. 🙂",positivo,com.netflix.mediaclient,,,0
b72b7174-9e6c-4701-92c3-06b9ab653a1b,Alexis Diaz,2025-10-15,4,vete ala verga,positivo,com.netflix.mediaclient,,,0
4f88413f-0fd0-477c-9eb7-372c41d0f757,Haziel Meza,2025-10-15,5,⭐⭐⭐,positivo,com.netflix.mediaclient,,,0
171949bb-4f6d-42b6-8f9d-60435e642a3e,Mia nicolle Rodriguez,2025-10-15,5,no se que decir pero si es cierto que la mayoría de las personas les gusta esta app no se por que,positivo,com.netflix.mediaclient,,,0
f39d96e3-1329-4594-8fa9-92578ac14824,Rodolfo,2025-10-15,1,"Nueva actualización y no me deja ver mis pelis en otros lugares con otras WiFi, soy una persona que afortunadamente tengo dos casas una en en la ciudad y la otra en otra un poco más retirada y por ende mi Wifi en casas no es la misma y con esta actualización mi suscripción no me deja acceder por no estar en el ""Wifi del Hogar "" entonces para que pago? No voy hacer dos cuentas por casa y pagar el doble ya con esto Netflix si estaba muerto quedo lo que le sigue. Este será mi último mes gracias.",negativo,com.netflix.mediaclient,,,2
8cab157b-e053-43af-9ce4-b8863f8bd7da,José Martinez,2025-10-15,3,"era una plataforma muy buena pero la hicieron corriente con tanta programación de delincuencia vulgar y nefasta, es muy pobre su contenido que en nada ayuda a ser tierna fértil",neutro,com.netflix.mediaclient,,,0
b9744aec-922e-4b3e-94ca-e572175a491c,Edgar Rivera,2025-10-15,5,good,positivo,com.netflix.mediaclient,,,0
7627ded3-a274-4a90-a9cb-d0a5368ca49c,Oscar Gonzalez,2025-10-15,5,esta INCREIBLE,positivo,com.netflix.mediaclient,,,0
facc4a29-65ec-49a5-939c-db4fe6940158,John James Orozco Ospina,2025-10-15,5,es excelente,positivo,com.netflix.mediaclient,,,0
676e8d5e-b273-4eb3-91de-713b5f24a897,MIGUEL LOPEZ RODRIGUEZ,2025-10-15,5,Buenas series y peliculas,positivo,com.netflix.mediaclient,,,0
d004d212-1c7d-4aaf-b5ed-10d3cc954868,Un usuario de Google,2025-10-15,5,😊,positivo,com.netflix.mediaclient,,,0
807a1562-24a8-458f-87f4-adb6e79ac154,Rodrigo Santamaria,2025-10-15,5,Excelente,positivo,com.netflix.mediaclient,,,0
4786ea76-a72f-42b4-bbfc-6a88ac62a8ac,DALADIER LEAL CORONEL,2025-10-15,5,excelente,positivo,com.netflix.mediaclient,,,0
2dd0585b-8929-4f91-ba49-be6247d18319,neftali kelly De Peña,2025-10-15,5,gg bro,positivo,com.netflix.mediaclient,,,0
b82e77e4-7d7b-4cfd-b49c-24ab47b71ee7,Faby Charles,2025-10-15,5,megusta,positivo,com.netflix.mediaclient,,,0
959bb857-4156-48fe-92a3-ce2e8526435b,Marly Becerra,2025-10-15,1,siempre me sale error N W 2-4 2-5 no me conecta mi WiFi funciona bien siempre debo ir a la app claro a renovar mi membresía y cuenta y eliminar la app y volverla a instalar hay si sirve son fallas de ustedes arreglen eso.. deben poner nuevas series y películas..,negativo,com.netflix.mediaclient,,,0
bfc8b60a-c665-448f-b74f-057cb020cd99,Deiby Hernández,2025-10-15,5,me encanta,positivo,com.netflix.mediaclient,,,0
9a33e7eb-1215-47c9-83d2-6ee59a5a5c8f,Alexander Newell,2025-10-15,1,"ya no contraten está basura, pagan para ver anunciós, es mejor tubi",negativo,com.netflix.mediaclient,,,0
2bcea5f7-be51-44e9-93ee-bcce0230ee09,Guillermo Toro Lira,2025-10-15,5,huntrix acción sigo el plan plan plan,positivo,com.netflix.mediaclient,,,0
320cbf33-5237-4ec6-8f52-15748c4fc711,monica gonzalez,2025-10-15,5,muy buena,positivo,com.netflix.mediaclient,,,0
90d5a336-5cd4-4ce9-b321-af80a82a821c,Rigoberto Garcia,2025-10-15,5,ecxelente,positivo,com.netflix.mediaclient,,,0
80d83d58-6bbe-4c1d-9c39-3d5fa48b3f4b,Karina Alencastro Monserrate,2025-10-15,5,"buena experiencia, muy buenas series coreanas me encanta!!!",positivo,com.netflix.mediaclient,,,0
44d299c7-18ca-45dd-ad1d-68b34a30a333,Blanca margarita Pérez castillo,2025-10-15,5,me gusta su contenido,positivo,com.netflix.mediaclient,,,0
ecd85b95-420c-452a-acd7-351105125619,Victor Torres,2025-10-15,3,Yibuti,neutro,com.netflix.mediaclient,,,0
ba3157df-65a5-4c87-8bf5-c160c9acf8a2,LUIS FONSECA NAVARRO,2025-10-15,5,muy muy buena,positivo,com.netflix.mediaclient,,,0
0f76411b-3e4e-4301-8b08-3077ebd1e3f6,Fabiana Antunez,2025-10-15,5,me encanta,positivo,com.netflix.mediaclient,,,0
6ca3fb32-64c5-4458-b93a-5dcb76c9d1f6,Nahuel Lopez,2025-10-15,5,mala hay bro,positivo,com.netflix.mediaclient,,,0
b9d0cb47-c1e3-47fb-b939-e9c5a55fdba4,Jorge Shaw martinez,2025-10-15,5,buenísimo,positivo,com.netflix.mediaclient,,,0
55ed59f7-f96d-4ecb-b133-c25d859d5fec,Maria Lozano,2025-10-15,5,excelente,positivo,com.netflix.mediaclient,,,0
87537131-4b72-41fe-b403-3dc8df86608d,sol de La plata,2025-10-15,1,"buenas tardes , quiero que dejen de descontar me plata porque ya le di de baja a Netflix dejen de robarme y de enviarme textos, que nunca me responden si querés plata mándala a tu mujer ala zona roja Aser pete ,me tienen arta!!!😡",negativo,com.netflix.mediaclient,,,0
e32e5e81-2e6e-42ec-b43d-fd55d8311c22,Mr. Broockes,2025-10-15,2,que pasa con la aplicación que no abre no reproduce las películas ni series,negativo,com.netflix.mediaclient,,,1
d90ba970-f880-40f8-9492-81e47a896696,Melissa Nuñez,2025-10-15,5,excelenteee,positivo,com.netflix.mediaclient,,,0
b1bb97de-f3d0-4718-9398-55eb62cf385c,Tania Gomez,2025-10-15,1,con la actualizacion no puedo vincularlo a mi Google Chrome cast a alguien más también les pasa?,negativo,com.netflix.mediaclient,,,0
878733e0-d5dd-43ef-b755-23a1426025cf,Daniel Martinez,2025-10-15,5,"está bien pero algo falta si meten demás películas que no les pertenece por ejemplo de compañías como Warner Bros, universal ,dreeworns y si dije Warner Bros y saben que una película famosa de Warner es la de Minecraft y por qué no está en Netflix dejen un si si están de acuerdo conmigo",positivo,com.netflix.mediaclient,,,1
a44ef1ba-1f71-48ac-957d-151ac1715774,Joel Soto Natividad,2025-10-15,5,excelente y muy bien,positivo,com.netflix.mediaclient,,,0
ab6dd150-79c7-4ed3-b719-c11de4772767,Alma Paul,2025-10-15,5,excelente,positivo,com.netflix.mediaclient,,,0
e0b7d656-bb86-44c5-bdc9-ecf4cf7e72dd,Diego Aguayo,2025-10-15,5,estoy satisfecho con Netflix,positivo,com.netflix.mediaclient,,,0
5bc4c6bb-9244-4fd0-ad58-0da483e48d4b,Jesus ugkum,2025-10-15,4,💯👍,positivo,com.netflix.mediaclient,,,0
409a2d93-c244-47d4-8dea-79bc842c8117,Katalina gatito,2025-10-15,1,la aplicó sé paga por dentro y creo que la suscripción vale muy cara deberían hacer que este la suscripción gratis porque no tengo dinero 😢,negativo,com.netflix.mediaclient,,,0
9cf05f6f-07f6-4da7-b9c9-830bacdc2146,Roxana Ramirez,2025-10-15,5,"la app está fallando desde ayer hay videos que tardan en reproducir, y aún qué uno cierre y vuelva a abrir la app no funciona el video. porfavor revísenlo gracias. La app sigue fallando y no es mi teléfono, no quiere reproducir ningún video",positivo,com.netflix.mediaclient,,,1
2ef88658-f3e1-4432-809f-4c6ef5e452c9,Paola Andrea Gonzalez Sosa,2025-10-15,1,"estoy teniendo una falla con mi aplicación, no me deja entrar...quiero saber si la falla es mundial",negativo,com.netflix.mediaclient,,,0
c220ba5f-9d6e-476b-90e4-b5e0ec7f39ab,Maya Solano,2025-10-15,1,"El código para ver temporalmente cada 15 DÍAS es una completa tontería. Además, no deja entrar por ""un error del dispositivo"" cuando claramente es su aplicación la que está llena de fallas y lo ocultan diciendo que es del dispositivo. Simplemente frustrante.",negativo,com.netflix.mediaclient,,,87
9e3d8889-1a64-4ce9-be65-e71638c2b143,Florencia Suares Del Mestre,2025-10-15,3,"The app works pretty good and so does the movies. However, I've seen almost all happy or family movies and series and they haven't included nothing new for a while or some to watchwith little children. Hartland, Parenthood, This is Us, Anne, Virgin River There is so many new options on suspence, war, abuse, violence and the worl has enough of that as it is. They need to work more on feel good movies, faith, family ones, Pixar movie type, something to go to sleep with a little hope and hapiness.",neutro,com.netflix.mediaclient,,,0
e8a6f4eb-0a3b-4603-b800-4dc9c1200aa7,Ruth Eileen,2025-10-15,2,Las series Chinas no incluyen el idioma español!! Discrimen a Latinoamérica?,negativo,com.netflix.mediaclient,,,0
5247b7eb-a795-47f2-9319-2425e548ee03,Ariana Astudillo,2025-10-15,4,es muy buena aplicación pero cuando intento mirar una serie que ya estuvo mirando no me deja mirar bien tranquila porque enseguida me aparece un letrero me dice calor que vuelva a intentarlo y no no puedo,positivo,com.netflix.mediaclient,,,0
42cbdde1-5834-4500-883b-e11a38d23c95,Rafael Espinoza,2025-10-15,5,excelente,positivo,com.netflix.mediaclient,,,0
3bbdd4f4-75ce-42c2-9b6d-73da2cd14aec,Gloria Cortés,2025-10-15,5,es increíble como la calidad es tan buena.,positivo,com.netflix.mediaclient,,,0
7b4c909e-c89f-40a5-81c2-c0742edd1b86,Aba,2025-10-15,5,muy buena,positivo,com.netflix.mediaclient,,,0
6f897d3e-64f4-4e32-854d-74872dd819d2,Erick Alvarez,2025-10-15,1,"Desde hace un mes esta yendo fatal, se queda cargando todo lo que ponga a reproducir. Tengo que desinstalar, reiniciar mi teléfono para que funcione y a veces hasta 3 veces desinstalo y no va. He revisado y mi teléfono esta en perfecto estado, es la única aplicación que no funciona correctamente. Darme una solución por favor.",negativo,com.netflix.mediaclient,,,0
7588fdbc-a1c1-4f9f-9b04-80140d701d13,Jessica Figueroa,2025-10-15,1,"Netflix Buen día, por qué no la plataforma sigue igual, regresen la como estaba así no me gusta 😠😠😠😠😠😠😠😠😠😠",negativo,com.netflix.mediaclient,,,0
bd40e7fc-d090-44a5-b7da-26ae50143003,Edgar González González,2025-10-15,3,"se tarda en cargar el contenido, cuando carga me sale pixelado, debo salir y volver a entrar y volver a esperar a que quiera cargar, descargo los episodios y es lo mismo, la app desde el teléfono me da muchos problemas, a veces incluso me dice que excedí el número de dispositivos cuando solo estoy intentando desde la app, que fastidio, disfruto del contenido pero la experiencia es pésima",neutro,com.netflix.mediaclient,,,7
aa0b5d8f-4ded-49ee-b242-25da9fe81749,Kim Estevez,2025-10-15,1,"Es buena la app, pero cada año te sube el costo, antes estaba el paquete estándar sin anuncios cómo en $139 y este año subió $30, ahora resulta que ya no está ese paquete, sólo el de anuncios de $119 y estándar de dos dispositivos en $249, estoy pensando seriamente en dar de baja mi cuenta con esos cambios tan feos.",negativo,com.netflix.mediaclient,,,0
8d175ac4-93bf-4042-854d-57b2655b7850,Ruth Chaya Pardo Jaimes,2025-10-15,5,Increíble películas para toda la familia,positivo,com.netflix.mediaclient,,,0
20266123-5924-48f5-9266-943231e27524,Avelino Ávila proenza,2025-10-15,5,exelente,positivo,com.netflix.mediaclient,,,0
45c9487c-bff9-452d-be19-8985cae9702b,Yuyu Loaizita,2025-10-15,5,genial,positivo,com.netflix.mediaclient,,,0
cb6d98e3-6f2f-4a1a-bf46-c065e5fefddf,Tahiel,2025-10-15,5,Muy buena la app pero quisiera q pongan las temporadas del anime Naruto Shippuden prf saquen más episodios,positivo,com.netflix.mediaclient,,,0
9fb5f238-523b-425d-a687-8541cdad7b06,d g,2025-10-15,1,"no funcionan sus juegos que promocionan, no puedo entrar a mi propia cuenta por no tener el wifi encendido y no me deja mas entrar aunque lo encienda, no deja retroceder pasado el outro, una app malisima, dejo de pagar mi suscripción.",negativo,com.netflix.mediaclient,,,2
3dad1695-1cd9-42df-b011-58407103f6de,jesus galiano,2025-10-14,1,"Estoy hasta.......... No quiero hablar mal, pero no me da la opción de ser instalada en la tablet, solamente en otros dispositivos donde no la quiero",negativo,com.netflix.mediaclient,,,0
64a949ed-3507-439d-890e-0363ff7cc8ec,Samuel Perez,2025-10-14,1,¿que está pasando con la app? no puedo ver ninguna película. la app se queda procesando pero no avanza ni se ve ni se escucha nada. solo se queda ahí con un círculo rojo dando vueltas. Ya la desinstale y la volví a instalar y sigue el mismo error. Equipo Motorola G05 . Android 15.,negativo,com.netflix.mediaclient,,,1
3ad3c3d8-6410-43ec-882a-42b80414e87d,Hailey Rodriguez,2025-10-14,4,muy buena e indispensable 👍,positivo,com.netflix.mediaclient,,,0
c2f0a93c-55e3-4c40-9381-2b1abb45a807,Emanuel Araya,2025-10-14,1,"malditos, dejen que se puedan ver las películas al compartir pantalla por WPP por que como puedo ver pelis con mi novia cuando estamos lejos.😡",negativo,com.netflix.mediaclient,,,0
de4152f5-fd7b-4b46-81ba-09ca4186812d,J Palacios,2025-10-14,3,Con la última actualización se ve con rayas las películas,neutro,com.netflix.mediaclient,,,0
f88763fc-9fa3-481c-9192-6cae39b2f202,Arlex Soto,2025-10-14,5,Excelente me encanta,positivo,com.netflix.mediaclient,,,0
59866429-83da-490f-9456-c1dd501393d3,Julian Ramos,2025-10-14,5,💖💖💖👌❤️❤️💜🤩😘🥰😍,positivo,com.netflix.mediaclient,,,0
c266d5c8-c2cc-4043-b6a4-009640fecac8,Joseph Gaibor,2025-10-14,1,"No se si es en mi Pixel 8A pero no se puede controlar el brillo, si sube o baja, se modifica el brillo de las letras pero no del vídeo, pésimo de verdad, no puedo ver nada en las noches porque el brillo es demasiado alto.",negativo,com.netflix.mediaclient,,,0
e7b20973-ec17-4338-8dd6-e88aefbf3b9d,Elimar Gomez,2025-10-14,1,no revivió a tokito mucihiro y neflix no puso la boda de mitsuri y obanai,negativo,com.netflix.mediaclient,,,0
b5bf1fae-92cf-479f-a84a-72055cb6ea8e,Perlita Diaz,2025-10-14,3,muy bueno pero aún no suben los capítulos completos de Naruto Shippuden,neutro,com.netflix.mediaclient,,,1
d91d3cfe-c5f1-4965-85c7-9aed96b74e76,Jannet Ortiz pineda,2025-10-14,5,me gusta mucho,positivo,com.netflix.mediaclient,,,0
b312f941-1b8a-4fb0-a552-bab1a5790f01,Etam Hidalgo,2025-10-14,5,so good,positivo,com.netflix.mediaclient,,,0
288c10b9-75a2-42cd-b2f0-d7ea847e5c4d,Angel Paniagua,2025-10-14,4,muy bueno,positivo,com.netflix.mediaclient,,,0
d30feade-fc0b-41d9-9cfb-7eede95170b8,Leudis Castillo Leyva,2025-10-14,5,es estupenda me encanta. la. aplicación,positivo,com.netflix.mediaclient,,,0
b314264c-8c72-45c5-98a5-26f81c771999,Luis Moreno,2025-10-14,1,"no se porque quitaron el plan básico, y automáticamente me cambiaron al plan estándar sin anuncios, osea para que quiero yo ese plan? hay personas las cuales vivimos solos y solo ocupamos 1 usuario de reproducción, para que quiero ese plan para 2 usuarios? si ni siquiera lo puedo compartir, ahora me estan cobrando 250 mensuales, y todo para tener un usuario de mas y sin usar, y cuando estaba el basico de antes, la calidad de imagen estaba muy exelente y ahora es mala, cancelare mi suscripción.",negativo,com.netflix.mediaclient,,,0
dd21ad34-9426-40bb-bb04-9297296a85f5,MAGDALENA Ciardullo,2025-10-14,5,tiene muchas películas geniales y está re bueno y si la están por sacar te avisan y si van a poner unas películas también te avisan y cuando las ponen ya ponen lo nuevo en Netflix.,positivo,com.netflix.mediaclient,,,46
080740c5-05f6-4fa9-b3d9-a6c30131e5e0,Basthi Jimenez Rodriguez,2025-10-14,5,satisfecha,positivo,com.netflix.mediaclient,,,0
7d740ce0-ac5d-4693-9017-32af5cc41982,Victor Santofimio,2025-10-14,1,"detesto que estén dando 1 capitulo por semana de cualquier anime o serie nueva, pero lo que más detesto son esos 20 capitulos de relleno que metieron de Naruto prefiero ver en plataformas ilegales que esperar o tener que pagar 2-3 meses para ver una serie a partir de ahora no pago 1 centavo de Netflix.",negativo,com.netflix.mediaclient,,,0
3845f4c4-2d2f-4462-9a37-7a9946d1fe40,Hita Santana,2025-10-14,5,por favor me dejar descansar por favor,positivo,com.netflix.mediaclient,,,0
5a78b537-91fc-44ec-855e-2d65d8f8be40,Juan Carlos Irigoyen,2025-10-14,5,muy buena estoy muy conforme,positivo,com.netflix.mediaclient,,,0
e3a40e47-9fc2-4355-9e41-abaff7310909,jose jmenez,2025-10-14,1,por quería de aplicación no me dejá ver la serie por el error 5.10 y tengo un buen celular,negativo,com.netflix.mediaclient,,,1
65e56634-6198-406e-bbfb-710556ed22d1,GILBERTO LOPEZ INZUNZA,2025-10-14,5,Ta buena la aplicación,positivo,com.netflix.mediaclient,,,0
dde55dda-0176-49a6-83c3-3fa323068f66,Daimi Mursuli,2025-10-14,5,Excelente app bendiciones,positivo,com.netflix.mediaclient,,,0
db2d28d3-abf6-4d2e-8eea-c6d360052aa4,Yanet Bocanegra,2025-10-14,1,se ve demasiado oscuro la pantalla y en servicio a clientes no ayudan en nada,negativo,com.netflix.mediaclient,,,0
78cadaca-edfe-4a7e-bc3c-91720f9404c0,Jahdiel Sánchez Hernández,2025-10-14,2,"que onda Netflix estás muy mal quitaste el Minecraft modo historia, power rangers dino charge, isiste que no que se pudiera compartir con quién sea,además que lo nuevo que tienes no lo doblas al español de latíno américa,como: spiderman un nuevo universo,los animes nuevos y lo más importante ONE PUNCH MAN estuve esperando 6 años para ver al pelón ese y cuando alfin sale está en japonés osea arregla eso si no vas a regresar lo bueno almenos lo nuevo aslo bien. gracias espero mejoren👌🏻",negativo,com.netflix.mediaclient,,,0
ec5bb5c8-a442-4c3e-8053-d493af68dd2d,ildi Mel,2025-10-14,1,"¿Cómo es posible qué ya tengan anuncios en esta plataforma? Se supone que se paga para justamente evitar VER ANUNCIOS. Simplemente se me hace algo completamente innecesario, espero que quiten eso porque no tiene sentido verlo con anuncios, mejor lo veo las cosas por otros lados, hay anuncios pero mínimo no pago para tragarme unos anuncios a una plataforma de streaming que se supone que no debería tener.",negativo,com.netflix.mediaclient,,,49
dd23de88-a16d-4e5d-8981-584a34ea183c,Alfredo Ojeda,2025-10-14,1,Tiene muy buenas series. Pero para que retrasar estrenos y no ay pretextos de que no les dio tiempo porque los derechos de distribución salen mucho antes,negativo,com.netflix.mediaclient,,,0
e96a2d00-314e-4f5a-9cf6-1a928754253e,Mauricio Novak,2025-10-14,5,Muy bien,positivo,com.netflix.mediaclient,,,0
85399a33-3893-4ee8-ad84-22b7ff1218e4,Dora Terramar,2025-10-14,5,"es buena y se mira bien todo, MI PROBLEMA ES QUE YA CANCELÉ, Y y borre todo ,y me sigen cobrando cada mes, creó la única opción será cancelar mi cuenta bancaria, para qe ya me sigam. cobrando llevo 3 meses así y no me párese justo, si lo queremos,,PERFECTO si ya no lo queremos y siguen cobrándome, al descargar la aplicación me pidieron los datos y bueno yo los di.",positivo,com.netflix.mediaclient,,,0
6f2ebd2b-217e-410d-ad19-d98ff720214c,Anabel Espejo gonzalez,2025-10-14,3,Muy buena,positivo,com.netflix.mediaclient,,,0
629b2d52-85cd-4dfa-ba68-57050f84cae9,Franki Iribe López,2025-10-14,1,muy caro y el barato tiene anuncios,negativo,com.netflix.mediaclient,,,0
9cf9c852-cbfc-4667-8826-02c4fb110c15,SouhaiL Vlogs,2025-10-14,2,está caro y no tiene muchas peliculas,negativo,com.netflix.mediaclient,,,0
52749bb1-4f4c-48a5-ae7f-f1857f0b474a,Valentina Zarate,2025-10-14,1,"Me pareció de mala espina, Porque estaba viendo un anime y active los subtítulos y los subtítulos no son completos de lo que los personajes dicen, Eso es una falta de respeto que los subtítulos no están completos en series o películas, Lo que no me gusta son las clasificaciones de edad, Espero que arreglen los subtítulos y que respondan bien Y NO ME IGNOREN💔🙁",negativo,com.netflix.mediaclient,,,2
6f728a9f-cfc5-4062-bbfd-d2cd8e630b2b,Cristal Dalia JImenez Leon,2025-10-14,1,"Sinceramente la allí era buena, a epcepcion de que quitan las buenas pelis. Y ahora con lo de los anuncios me desgusta. ¿Creen que cagamos dinero? No somos millonarios como para pagar una suscripción premium.",negativo,com.netflix.mediaclient,,,0
f94c019c-c4d2-4cff-9c81-36e371eb5ec1,Juan santos Nguema Ebang Oyana,2025-10-14,5,jugar al fútbol,positivo,com.netflix.mediaclient,,,0
573c96ed-922c-43c7-af5c-44ee61ed626e,Juan Manuel Lara Mendoza,2025-10-14,5,Exelente,positivo,com.netflix.mediaclient,,,0
2ce55627-81f5-4daf-800e-ff323fae4e65,Yoselin Bustos,2025-10-14,1,pagué el paquete plus y no me salen las películas que busco me salen puras películas Que ni al caso pura película basura que ni siquiera están chidas busco películas cómo correr o morir Crepúsculo los juegos del hambre y no me sale nada de eso qué no se supone que uno paga el Netflix caro para poder ver lo que uno quiera y no sale nada de lo que quiero ver,negativo,com.netflix.mediaclient,,,1
34ec2fa1-6a85-4f86-8e22-bc62e8eae174,Asleydy Basto,2025-10-14,4,meee😬,positivo,com.netflix.mediaclient,,,0
e0d43072-ab6f-4f4c-8310-02cb16eafbef,carlos Fernandez,2025-10-14,1,el los episodios de wwe nunca se queda donde lo dejaste y no lo puedes adelantar. por favor arreglen eso,negativo,com.netflix.mediaclient,,,0
0e47e453-d528-4ee7-80c0-259dee1115b8,Mario Villanueva,2025-10-14,2,"La aplicación ni siquiera abre. marca un error -426 y se cierra, de que sirve así.",negativo,com.netflix.mediaclient,,,1
666b7456-5678-4108-b957-0d69fcb29e7b,Cris kendrith Espinales vanega,2025-10-14,5,es una muy buena app una de las mejores 🙂 puede ver películas de buena calidad 🐱 es muy buena ☺️,positivo,com.netflix.mediaclient,,,0
d1195643-ec73-41e9-9f7f-910134d6ebc0,Orianna Aguirre,2025-10-14,4,bien,positivo,com.netflix.mediaclient,,,0
e56e9bf8-5c21-4bc2-b986-e1405492dcc4,BEATRIZ BENITO MUÑOZ,2025-10-14,5,estoy encantada,positivo,com.netflix.mediaclient,,,0
c02b9fc6-f2ed-4d76-851b-cc835e62805d,Carmen Diego lopez,2025-10-14,1,es de lo pero que hay en plataformas no ponen nada Nuevo malisimooooo,negativo,com.netflix.mediaclient,,,0
f1da1b19-55d6-45d1-bc44-f3c006664cc0,Nilo Ponce,2025-10-14,5,exelente,positivo,com.netflix.mediaclient,,,0
205e4023-a5ea-4c31-88bd-6f85a21aad49,Aracely Sanchez,2025-10-14,5,muy buena,positivo,com.netflix.mediaclient,,,0
ca6f7ea6-e9a8-47a1-9caa-480608b1be3c,Ruth noemi Salvatierra,2025-10-14,5,genial 👍👍👌👌 mucho mejor,positivo,com.netflix.mediaclient,,,0
53eb1a71-c148-46bb-9f69-bce99f352c3c,javier baez,2025-10-14,1,parece tele abierta siempre tiene anuncios mejor no pago nada y sigo viendo la tele abierta con comercial pésimo servicio la voy a eliminar,negativo,com.netflix.mediaclient,,,0
f00688b6-8440-4100-bfb4-397050685600,Vicente Sanchez,2025-10-14,5,"me. mantiene. entretenido. con--- lo. que. mas. me. "" gusta"". cinéfilo. de. corazon",positivo,com.netflix.mediaclient,,,0
d9e69f08-4f4f-4400-8e56-8e58e716d281,Diego Mendez,2025-10-14,5,cheto,positivo,com.netflix.mediaclient,,,0
c1676422-9f38-4d18-a10c-c99891a3b84c,Ruben Gonzalez,2025-10-14,5,genial,positivo,com.netflix.mediaclient,,,0
2eef3c73-ff50-48ab-8826-4f1d31c8e4bb,Karely Chavez,2025-10-14,1,El Netflix me saca de la aplicacion no me deja ni entrar ya reinicie el teléfono de fabrica y hice todo lo que pude y aun así no me deja entrar y ya me canse de seguir intentando muy mal ahí Netflix,negativo,com.netflix.mediaclient,,,1
a5117bf1-fba2-4453-983f-12ad9600c8f0,Edith Romero,2025-10-13,5,amo esta app que tiene todas las pelis y series que me gustan,positivo,com.netflix.mediaclient,,,0
58ba33c3-3aa3-40c2-8dd2-22df71bb68b9,Loany Salinas,2025-10-13,1,"que pasa con eso de miembro extra, porque me saca, si ya estoy pagando una cuenta y quiere que ingrese otra, así no se puede, sean serios ombe",negativo,com.netflix.mediaclient,,,0
7cabf6cd-b99b-4c28-a3db-3d7945762be8,Sendy Ferrer Maza,2025-10-13,1,hola me encanta Netflix pero debido a mi ubicación no permite que alguna de mis series favoritas tenga el idioma español y eso es malo por que no entiendo ni siquiera tiene los subtitulos en español para poder leer así que si arreglan eso le daría las 5 estrellas por favor 🙏,negativo,com.netflix.mediaclient,,,2
0e481c06-b6ec-431f-a083-e1e8e8d7824e,Manuel Bravo,2025-10-13,3,mejorar el contenido,neutro,com.netflix.mediaclient,,,0
34fe839b-3e47-40ed-b8d7-34310482c4ba,Juan Manuel Pelagio,2025-10-13,1,wokes,negativo,com.netflix.mediaclient,,,0
a6a6c49f-7368-4443-8151-3bbb36ed72de,Julian,2025-10-13,5,muy buena aplicación,positivo,com.netflix.mediaclient,,,0
7c90955c-697e-4f7d-9e0d-632a703bc2c0,Nayibis Paola Vanegas Navarro,2025-10-13,5,LA AMOOO,positivo,com.netflix.mediaclient,,,0
d52c96e7-f54b-4011-80c6-a209807d4275,Edna Chinea,2025-10-13,5,excelente 👌,positivo,com.netflix.mediaclient,,,0
7a747702-6661-47ca-b3cf-5809432dc56d,Carmen Alcantara,2025-10-13,5,me encantan las series. huyyyy.,positivo,com.netflix.mediaclient,,,0
861d3b00-6560-46cf-bc60-e17b208e7b21,cruz ramirez,2025-10-13,5,Bien,positivo,com.netflix.mediaclient,,,0
c81c6031-5314-4617-8e99-2874a387b27a,Alexander Ian,2025-10-13,5,👍,positivo,com.netflix.mediaclient,,,0
d5f0ce4b-9949-40dd-8865-b7f91442e22a,Fabian Mireles garduño,2025-10-13,5,muy buena y muy rápido,positivo,com.netflix.mediaclient,,,0
e6840454-b17d-4ce0-a786-d161fd323529,Luis Chávez Borjas,2025-10-13,5,Buenos noches como estas mi vida,positivo,com.netflix.mediaclient,,,0
5987fe6e-7ec2-4757-b5b2-602552ebfc55,Nerlin Jafeth Varela Reyes,2025-10-13,1,"me saca sin ningún sentido,y no tiene la serie de one pis completa le faltaWhano",negativo,com.netflix.mediaclient,,,0
7d82779f-f857-4aff-8b9b-085e9422fef7,Gloria Pojmaevich,2025-10-13,5,siempre muy bien,positivo,com.netflix.mediaclient,,,0
45d43853-0ba5-4960-bd31-1e2d94b7783d,Jose Sanchez,2025-10-13,1,"éste app de Netflix me está cobrando más de 1,000,000 de dólares por eso pongo 1 estrella",negativo,com.netflix.mediaclient,,,0
cc20b357-09a3-4233-936a-be46db2bc6d6,Bairon López,2025-10-13,1,no está tan bueno quitan las películas que a muchas personas les gusta y peor yo vi my hero academia y me acuerdo que estaba hasta la quinta temporada ahora ya ni en la tercera tiene la dos y uno nomás no se las recomiendo,negativo,com.netflix.mediaclient,,,1
9b883afe-ae8a-407f-b9c2-5d1a89e0c79e,Angel Torres,2025-10-13,3,esta chida pero en la actualización haora hay anuncios.,neutro,com.netflix.mediaclient,,,0
683363e6-6392-44ef-ba9e-7a0a68469dc3,Maria Dominguez,2025-10-13,5,Funciona muy bien. No entiendo porque mi tel me pide actualizar esta app,positivo,com.netflix.mediaclient,,,0
17c6e7ec-b178-4da6-9ebf-1a5a85e0cdc0,Bryan Rayo,2025-10-13,5,lo mejor del mundo es mucho el Netflix me encanta siempre puedo ver mis episodios favoritos o películas de terror me encanta ☺️,positivo,com.netflix.mediaclient,,,0
9aab9847-b376-4c09-bb26-de6561476475,Marisol Zapata,2025-10-13,5,la aplicación es muy buena,positivo,com.netflix.mediaclient,,,0
7c40559f-3e9f-4fcf-8a9e-0dd467e0c889,Daniel Gaete,2025-10-13,5,excelente,positivo,com.netflix.mediaclient,,,0
75eb3473-b12c-4de0-a3ca-085b06784866,Angelina,2025-10-13,2,"Netflix ya no vale la pena, la competencia está feroz, Jay muchas plataformas de streaming tanto pagas cómo gratuitas, ahora Netflix está en la decadencia, ya lo vale la pena la suscripción y esas cosas, pronto va a decaer poco a poco y pronto será olvidada, es cómo ya no sirviera de nada, cada vez y día está peor, cómo es posible? antes era una maravilla ahora es una pesadilla, eliminan cosas por doquier, suben el precio por doquier, etc, tantas cosas inútiles tiene la aplicación mayormente....",negativo,com.netflix.mediaclient,,,1
835f57e4-4950-4dcf-a979-1b78bb636a12,Derick Cordero,2025-10-13,5,estupendo,positivo,com.netflix.mediaclient,,,0
7a1143dd-c8bf-4a3d-aea6-1b4c8dab6e0d,Jisus Hernández,2025-10-13,1,"nmms Netflix como que 5 anuncios de comerciales, no awanto 2 y tú pones hasta 7 no la friegue oiga",negativo,com.netflix.mediaclient,,,1
800a9eb5-0595-4b57-83aa-7c38b50fa322,Marcos Londres,2025-10-13,5,Netflix es la mejor aplicación del mundo no sé cómo a algunas personas no les gusta sí es fascinante es espectacular todas las películas y aún la gente no quiere tener Netflix,positivo,com.netflix.mediaclient,,,0
67e0915b-7e51-4615-bad4-f042dd23c3f9,Gabriela Contreras,2025-10-13,1,Que mal que Netflix se combustión en un aplicación decadente y avaricioso. Aparte de que te cobran con anuncios.... Se tiene que esparar 8 dias .... 8 DIAS para un episodio de menos de 20 minutos !! El cual ni para invertirle en el doblaje a español que paca ... Decepción total!!!!!,negativo,com.netflix.mediaclient,,,3
a627b9e4-5c41-4539-a09a-ed8e8dcffc0e,DIANA FLORES,2025-10-13,1,no me deja ver las series,negativo,com.netflix.mediaclient,,,0
8bd49eb3-b9a5-4525-9da9-f20789244118,Ysleyis Trias,2025-10-13,5,excelente apps,positivo,com.netflix.mediaclient,,,0
e402666d-6199-4ebe-82a2-62e8162e3d6a,Alberto Cordero Sánchez,2025-10-13,1,Basura desde lo de solo usar en casa. Woke y progre.,negativo,com.netflix.mediaclient,,,1
0f9baaa5-6e82-4ad8-a3f3-2f81088e3e41,Alonzo Julcapoma Purcs,2025-10-13,5,Alonso Julcapoma que,positivo,com.netflix.mediaclient,,,0
03972269-dc4b-417d-b8af-682fb74f01c6,Madelin Herrera,2025-10-13,5,increíble y muy buena,positivo,com.netflix.mediaclient,,,0
1872eff1-1bf7-439e-b778-7833480d1574,Saida Missaoui,2025-10-13,3,"no me puedo creer que hayan quitado casi todas las temporadas de NINJAGO®,devuelvan mi infancia ahora mismo",neutro,com.netflix.mediaclient,,,0
02682557-7f26-45c3-83ca-db89f3a07012,Maria Cristina Moreno De La Espriella,2025-10-13,5,Excelente,positivo,com.netflix.mediaclient,,,0
462da19f-0743-4a62-a235-f894c5c424ab,Brandon Morales,2025-10-13,5,ok,positivo,com.netflix.mediaclient,,,0
ca71e6cb-1a1c-4ce1-9d54-ff966e6eb884,Axel Madvir,2025-10-13,5,Espoalos,positivo,com.netflix.mediaclient,,,0
36d7c973-c19c-4639-b9b5-5826cb7307fb,Carmelo Miguel Del Aguila Chávez,2025-10-13,5,buenísima,positivo,com.netflix.mediaclient,,,0
3236c4df-7a04-412f-a3ac-c3f0399522cb,Luis Carrillo,2025-10-13,1,"compre dos pines,e toco crear cuentas y no la puedo ver,,,,con wifi,,,x sale q ubicacion del usuario no podra ver nungina pelicula ni series,,,y la unica forma de ver es ponerle datos del telefono pasarlo al tv,,",negativo,com.netflix.mediaclient,,,0
7e52e2c4-0cb4-4be2-a639-26a9b965d22a,Luis Edgardo Velarde Osuna,2025-10-13,5,"excelente, gracias",positivo,com.netflix.mediaclient,,,1
3aafd71b-6f91-4883-ba41-f87c31aa6fe8,Diego Tempeldiner,2025-10-13,4,M experienciq es muy buena,positivo,com.netflix.mediaclient,,,0
3c92d25c-ba79-4780-805f-e93beaa18980,Irolando Herrera,2025-10-13,5,exélente,positivo,com.netflix.mediaclient,,,0
59f5400c-f62f-4857-a4bd-4947929a1142,Dayana,2025-10-13,4,"Le doy 4 Estrellas porque no continuaron ""El Sinuoso Camino Al Derecho"" y me dejaron con la duda de ""El amor para mí es...""",positivo,com.netflix.mediaclient,,,0
ef92e3ed-92d4-44bc-ab28-54775132a10c,Bruno Martinez,2025-10-13,4,todo bien pero me gustaría que se pudiera utilizar en pantalla dividida,positivo,com.netflix.mediaclient,,,0
04e132b4-7cc3-470c-bb96-2b5a0eb813ed,José francisco Romero molina,2025-10-13,1,me está dando problemas no puedo verlo,negativo,com.netflix.mediaclient,,,0
f36a5c31-bcbc-41d7-8b93-f99f8553c374,Alba Torres,2025-10-13,1,me expulsa a cada minuto arreglen eso,negativo,com.netflix.mediaclient,,,0
7b1f55ec-b4f0-4557-bc5c-e20fe82e06bc,Jesus herrera,2025-10-13,1,"mala actuación solo actualizaron para arruinar la app. aparte de la asquerosa inclusión que hacen con todo, todo tiene que tener a alguien no binario y por lo general no me molesta pero ¿con los niños Netflix? ¿de verdad? recomiendo más Disney+ y eso que tampoco tiene un gran catálogo",negativo,com.netflix.mediaclient,,,0
7a3d72ac-d9bf-47a5-b0e0-090754b2b2af,Elias Gomez,2025-10-13,5,bueno,positivo,com.netflix.mediaclient,,,0
9094652c-321f-4287-80de-036b982c86a0,Dilan mauricio Ome,2025-10-13,5,"quisiera que este programa teniera el doblaje a español latino en ciertas series de anime, como: danmachi is it wrong to try to pick up girls in a dungeon, ya que es una muy buena serie y por eso quisiera disfrutarla en esta aplicación,... aparte de esto está aplicación es muy buena para ver películas y series con tu familia y seres queridos",positivo,com.netflix.mediaclient,,,1
80b281dc-434c-4ae5-ab18-406cb222f8dc,Ramon Castillo,2025-10-13,5,Excelente gracias,positivo,com.netflix.mediaclient,,,0
851aaa25-89f2-45bd-a7b7-065c2ac53755,Edwin CHUQUIHUANCA garavito,2025-10-13,2,últimamente esta fallando esta App 😐,negativo,com.netflix.mediaclient,,,1
1d72471a-0ed3-4ea2-b504-88d777198651,Annaliet Gayon,2025-10-13,4,Por favor deje el paquete en la puerta.y ¡Gracias!,positivo,com.netflix.mediaclient,,,0
69868b52-9341-4323-afd2-3e655006a8f2,Luis Donado,2025-10-13,5,lindoo,positivo,com.netflix.mediaclient,,,0
04678b91-1533-41c7-a158-2b729b2139be,Juan Rivarola,2025-10-13,1,tremendo bodrio no responde nunca y cuando quise comprar no me deja mejor piratear antes que pagar por esta basura,negativo,com.netflix.mediaclient,,,0
c0e97311-ac37-4394-82eb-55b91bfcf531,Carol Bernat,2025-10-13,5,"Que pongan vientos de esperanza y hechizo de amor con Sandra bullok, series y pelis 💪",positivo,com.netflix.mediaclient,,,0
d558cd00-511e-48fd-aeb0-b15f19c8a3ae,M U L T I V E R S O,2025-10-13,2,"muchas series y películas en doblaje tienen el audio desfasado, es demasiado molesto al verlo",negativo,com.netflix.mediaclient,,,0
68703e10-f01d-49a0-b878-465ab09ecca3,Yamisel Alvarez,2025-10-13,3,"cada vez que busco películas no me salen ,siempre tengo que buscar en lo recomendado ejemplo,jurassic world el renacer",neutro,com.netflix.mediaclient,,,0
8b78a008-ab2c-4665-974f-a57f8e434ecb,Judith Tournesol,2025-10-13,1,se están Luciendo... en cuanto se me termine este mes que he pagado me quito la suscripción.,negativo,com.netflix.mediaclient,,,0
b4553674-70cc-4226-ada9-663d192c88a9,Lucio Paredes,2025-10-13,1,Llevo 1 hora intentando suscribirme y me dice que hay un problema con la tarjeta bancaria que estoy intentando usar. Increíble lo complicado que es usar su aplicación. Deberían tener alternativas de pago como Google Play o Paypal.,negativo,com.netflix.mediaclient,,,0
cac09fe6-c89c-4856-a6e4-1b22bee8b0bf,Fabricio Nuñez,2025-10-13,1,no te sirve de nada lo que lograste si te burlas de la palabra y los caminos de dios.,negativo,com.netflix.mediaclient,,,0
583d0fa3-bdab-425e-a0c5-36259fb2a4ad,Marcos Calatayud,2025-10-13,5,MUY BUENAS EXCELENTE APLICACIÓN PARA TODOS Y TODAS SUS CLIENTELAS,positivo,com.netflix.mediaclient,,,0
be080f3c-11c7-43b8-b2be-471fda810b5d,xSilencex,2025-10-13,5,"muy buena la de habitación 404 me cage de la risa mas de ese contenido muy buen aporte el de los tailandeses, son tan geniales jajaja",positivo,com.netflix.mediaclient,,,4
3e2a1c9d-39bc-4da9-9e27-24d7f7ec1b9b,yair Barrientos,2025-10-12,1,aplicación de muerda no hay porno,negativo,com.netflix.mediaclient,,,0
b2136043-6315-421f-aea0-ea607bd9dff7,Yan Carlos,2025-10-12,5,me gustó,positivo,com.netflix.mediaclient,,,0
522fbc51-1ecf-4a65-ac17-2448cf152870,antonio peña moscoso,2025-10-12,5,Muny buenas series,positivo,com.netflix.mediaclient,,,0
61c51065-ff0e-4279-b8ed-966ca4dd9a26,Gabriela Rodriguez,2025-10-12,5,me gusta mucho la App porque me entretengo mucho,positivo,com.netflix.mediaclient,,,0
e91d8b11-4365-4479-a894-03ab0c5109e3,Gus MB,2025-10-12,1,tu pto error 5.10 ✊🏻✊🏻,negativo,com.netflix.mediaclient,,,0
87b3908a-efdf-4ef2-b9d0-1fa74191a517,Bianca Ibarra,2025-10-12,5,es muy bueno,positivo,com.netflix.mediaclient,,,0
46927f0e-4647-46d6-8f59-a70490188633,Kozme Sanchez,2025-10-12,5,good,positivo,com.netflix.mediaclient,,,0
f649ee0e-a675-465c-93c7-b1f72878046b,Jorge Santana,2025-10-12,5,muy buena experiencia gracias,positivo,com.netflix.mediaclient,,,0
2d17948e-80e1-43c2-ac82-537c6e711dd9,karacas Kasta,2025-10-12,1,"no hay una manera de que no te vuelva a salir lo que ya viste o que no quieres ver, el catálogo es el mismo te guste o no.",negativo,com.netflix.mediaclient,,,0
6f68aa94-67e4-44bf-add7-5d5fcfeb1160,Abraham92 Olivera,2025-10-12,4,"Usando wi-fi y datos moviles, se ve pixelado de a ratos",positivo,com.netflix.mediaclient,,,0
24545671-b92f-432f-9aab-9f1dd05835bc,Maria Zimmerly,2025-10-12,5,Great,positivo,com.netflix.mediaclient,,,0
03a21678-e527-473d-9963-960743575788,Alex Tejada,2025-10-12,5,excelente,positivo,com.netflix.mediaclient,,,0
9c3a66a2-2be9-4582-ae95-18f305cf28c4,Juan Mejia,2025-10-12,1,no puedo hacer mi cuenta 😭😭,negativo,com.netflix.mediaclient,,,0
5a255b63-8d95-43e2-8969-d73ba9f76778,Celia Junco,2025-10-12,3,"la app es muy buena solo el problema es que me ha estado fallando mucho la aplicación, la pantalla solo se pone en negro en espera y no cargan las series o películas no sé si soy la única que le ha pasado esto pero últimamente a mí me ha fallado algo la aplicación",neutro,com.netflix.mediaclient,,,0
4388940c-2b4b-4cf9-a17e-61b6011ce995,Karla Daniela Valle,2025-10-12,1,Le doy una estrella porque no me sirve,negativo,com.netflix.mediaclient,,,0
d09dbf22-dd60-4447-8e86-89b31dd69952,Leonardo Rios,2025-10-12,1,"Suben precios, implementan anuncios y ahora restringen contenido por plan al igual que prime. Cada vez te van a querer cobrar por más, tarde que temprano terminarán quebrando como muchas plataformas.",negativo,com.netflix.mediaclient,,,112
76b9c8d3-b4a5-4966-9052-988fa826abb3,Ofely Calle,2025-10-12,1,en serio tenemos que poner nuestra tarjeta de crédito. muchos no tienen la tarjeta de crédito para crear cuenta.,negativo,com.netflix.mediaclient,,,0
32fad63c-18e7-4b5f-b7f2-8f102f8d0a06,Jesús Efrén Muñoz Nieblas,2025-10-12,4,buena,positivo,com.netflix.mediaclient,,,0
3a4745b2-d992-44fd-baff-848c5cc7dbab,Anuncios Luminosos Letras y Maquilas JAS Monterrey,2025-10-12,1,no quiero ninguna conexión con Infinitum quiero una apps sin Infinitum,negativo,com.netflix.mediaclient,,,0
dc96809b-a7f7-4405-b036-9f7ae865121b,guillermo adrian lorenzi,2025-10-12,5,exelentes peliculas en todo momento para disfrutar en familia.,positivo,com.netflix.mediaclient,,,0
367f45f0-c231-45b7-9bae-2b5d7b984fe9,A'lan. K'ollants.,2025-10-12,5,buena,positivo,com.netflix.mediaclient,,,0
62eede7a-2282-4521-8933-c8493f2eca8f,GrBoross,2025-10-12,1,Dejame iniciar sesión reflechucha tu madre,negativo,com.netflix.mediaclient,,,0
54b592f8-e7bc-4f73-ba90-04e3c741ea08,Yeira Sánchez Hurtado,2025-10-12,1,Homero,negativo,com.netflix.mediaclient,,,0
487cb674-26da-4882-9664-a7883a81244e,Fernando Vidal,2025-10-12,1,mi primera vez usando Netflix pago la mensualidad y quiero iniciar secion ahora me dice q pague otravez como si los casi 30 dolares q pague jace segundo no contaran para nada y lo peor de todo es q no tengo el maldito dinero y ni puedo recuperarlo si compro algo es para usarlo y pagar una vez no ocupar pagar 2 veces por 1 servicio,negativo,com.netflix.mediaclient,,,0
5e313ac4-7a54-4b15-a92a-239ee0841d05,José Texcucano,2025-10-12,5,"Es un excelente aplicación de streaming , La sigo desde su inicio y hasta la fecha me sigue sorprendiendo con su contenido, gracias por existir...",positivo,com.netflix.mediaclient,,,0
7995db39-2d89-4578-99d4-875ba451ddba,Edixon Ascanio,2025-10-12,1,ya Netflix no es apto para niños con la ideología trans en niños así que el que vea este mensaje obtengan otra app de series y películas y no dejen que sus niños vean sus contenidos como te baby-sitter club.,negativo,com.netflix.mediaclient,,,1
0ac5e10a-11a0-4189-984d-85c9d8de0785,Ivan López,2025-10-12,1,Mala,negativo,com.netflix.mediaclient,,,0
60f12e42-f039-4809-9408-999bdc846a8c,repe006,2025-10-12,2,es una plataforma que está bien para series y algunos estrenos de películas le doy dos estrellas porque me da mucho coraje que esté pagando una plataforma y muchas de las series y películas están dobladas en español sudaméricano y algunas películas y documentales e inglés,negativo,com.netflix.mediaclient,,,0
b12c2485-8ffd-43c3-a11a-1da80b8b2325,samuel valero,2025-10-12,1,"De un día para el otro se canceló el servicio y se quedaron el saldo de mi cuenta. Según ellos un tema de términos de uso. Según la lógica, una apropiación indebida de fondos ajenos.",negativo,com.netflix.mediaclient,,,0
a92756d6-091e-49fe-ba5e-45394a077183,Karla F,2025-10-12,1,"Aún y cuando se está pagando para usar la app, solo permite 15 descargas al mes. algo ilógico si estoy pagando por un servicio. mejor pagar otra app que permite descargas ilimitadas. Adicional, el contenido ha decaído mucho",negativo,com.netflix.mediaclient,,,2
aa9e637d-2106-44ae-a1c3-02f7dc0f490c,winder Rondón,2025-10-12,3,cuando terminan de doblar one piece al español . solo uso Netflix por one piece,neutro,com.netflix.mediaclient,,,0
88709541-3cc0-40c0-bcbe-c86f53576203,Felipe L.,2025-10-12,3,Muy bien la plataforma pero deberían hacer paquetes de suscripción por año,neutro,com.netflix.mediaclient,,,0
a7ac8cf6-b499-40be-a4f3-76b412ea0d08,Jose Sosa,2025-10-12,3,buena,neutro,com.netflix.mediaclient,,,0
b26baaab-f053-4d55-9def-881daf06fbc5,Manuel Bautista,2025-10-12,2,"catálogo pobre y sugerencias repetitivas viejas o y que ya he visto, de lo nuevo que va llegando igual de flojera, se supone que la interfaz es intuitiva y va mejorando según tus gustos y preferencias que cada vez va brillando más por su ausencia y que onda con algunas producciones propias y ""documentales""?? es entretenimiento o hacer a la gente más estúpida? En general, va decayendo y ni siquiera tan lento.",negativo,com.netflix.mediaclient,,,0
4bea5797-415b-462d-80e6-28223c900cf0,OSVALDO ULLUA,2025-10-12,2,"vuelvo a re subir la opinión ya antes hecha. principalmente en la app para Smart tv, tanto les cuesta poner para salir con doble click de retroceso? parece que lo que quieren es que la gente no deje de ver, pero a la fuerza! siempre dije lo mismo, Netflix se cree mas de lo que es...",negativo,com.netflix.mediaclient,,,118
54d011b5-db5e-4969-a156-28f5f4eb9b68,Salomond Normil,2025-10-12,2,bro sekee es mil veces mejor que esa aplicación en eso pagas pero en sekee todo es puro gratis 🤑,negativo,com.netflix.mediaclient,,,0
07c67616-4f91-4220-8be3-5ee50efc89bc,David Felipe Alarcon Gonzalez,2025-10-12,1,los subtitulos de spartacus estan desfasados de los tiempos del habla... de inglés y subtitulada al español.,negativo,com.netflix.mediaclient,,,0
c7a6f999-fa7b-4c8d-b036-e9e88d2d2d66,Leidi Rodriguez,2025-10-12,1,porque no deja usar Chromecast . me pasa solo con Netflix. con Amazon o Disney+ no tengo ningún problema.,negativo,com.netflix.mediaclient,,,0
adc3b0b2-f401-49eb-9c09-2e67a2347ffa,Lizeth Amador,2025-10-12,1,últimamente he tenido problemas de conexión lo e reportado y no dan solución,negativo,com.netflix.mediaclient,,,0
e6e6530f-ac79-4a8c-b876-fdf3bb5de110,Jeffrey Carrillo,2025-10-12,2,"desde la última actualización ni películas ni series cargan,no se puede ver desde el celular",negativo,com.netflix.mediaclient,,,0
4f8542fa-f765-4657-ae77-9e9552994573,Adixius,2025-10-12,1,"literalmente no carga. no funciona la app. Netflix abre en la tele, en el TV box y en el pc pero en android no. pones lo que querés ver y se queda cargando sea cual sea el título que quieras ver...",negativo,com.netflix.mediaclient,,,2
859da707-d490-4fcf-9faa-21a1512817b5,karma gen,2025-10-12,1,Esto ya no es lo que fue una vez !,negativo,com.netflix.mediaclient,,,0
d5347006-b54e-4812-833b-a97089654119,Roberto Jorge Salomon,2025-10-12,1,muy complicado,negativo,com.netflix.mediaclient,,,0
dc11bc57-22a2-4aa0-a066-708b1a133faf,Ahmed Mansour,2025-10-12,1,cada q tengo q ver una serie o pelicula pir el telefono tengo q limpiar cache o forzar o la app a cerrarse y en casos extremos asta reiniciar el telefono solo porq al querer entrar a ver algo siempre me sale error de nose que cosa y eso que estamos pagando por un servicio no es una app pirata como para que falle asi,negativo,com.netflix.mediaclient,,,2
e640809a-ea2e-4912-996d-a9057d5661ca,Vanessa Luna,2025-10-12,1,Quitaron mi serie favorita que era glitter forcé,negativo,com.netflix.mediaclient,,,0
ae8c9f9e-3c84-45f7-a054-1d8b4e5fe654,Stricken RG01,2025-10-12,1,anuncios.,negativo,com.netflix.mediaclient,,,0
9a5defae-4a76-4f38-8b7c-4013f570a737,José G. González Sandoval,2025-10-12,3,No puedo reinstalar netflix aquí en mi tablet,neutro,com.netflix.mediaclient,,,0
a40888f7-db95-47b9-a7e3-556956f086c2,Sergio Camperos,2025-10-12,1,"por cada 10 busquedas, solo encuentro 4, netflix es decepcionante",negativo,com.netflix.mediaclient,,,0
75919622-4cc2-4796-98a3-4638bb697fb6,maki com,2025-10-12,3,"Netflix yo tengo una pregunta, porque quitan las mejores series o las concelan? Como por ejemplo la serie ""Everything sucks"" o la serie de ""Teenage bounty hunters"", y no me importa si estas series son de 5 o 7 años atrás, porque creo que en la actualidad estas series serían un éxito total, y también creo que deberían poner mas series de la comunidad LGBT eso le daría mas fama a Netflix hoy en dia. Ojala tomen en cuenta mi opinión, muchas gracias.",neutro,com.netflix.mediaclient,,,0
61f113f0-0688-43a6-8c98-bb89697dd67a,Axel Salas,2025-10-12,2,cómo que 120 pesos al mes con anuncios? mejor nadota,negativo,com.netflix.mediaclient,,,0
87094209-9d53-48f6-b61a-7c4057eadcc0,DUVER ARLEY ORDUZ,2025-10-11,1,Que asco de app. No deja ingresar y me vuelve loco el celular. Hasta creo que tiene virus.,negativo,com.netflix.mediaclient,,,0
b33b01c3-d828-4e8e-96c1-436b11dc718b,Daniel Rodríguez Rodriguez,2025-10-11,1,le doy una estrella porque a diferencia de otras app de streaming cuando uno viaja si puede ver contenido a cambio Netflix no muy maluco así creo que voy a cancelar el plan,negativo,com.netflix.mediaclient,,,0
50a565c4-0b84-4d49-98e1-1985d1b103a3,Linda Ines Trivino,2025-10-11,1,"Tengo un plan con el resto de mi familia, pero yo no paso mucho tiempo en la casa, por lo que no puedo estar conectada al WiFi del hogar cada vez que quiero usar la app. Realmente penca que no pueda ver lo que quiera en otro televisor y que a cada rato tenga que verificarme para entrar. Un asco los cambios que han hecho. No hay otra aplicación que dé tantos problemas como esta.",negativo,com.netflix.mediaclient,,,10
802a73a7-9777-4eb5-a9e4-c3308573d91e,evelyn mendoza santellanes,2025-10-11,1,"muy mal ese plan que metieron a hora en Netflix de meter comerciales se supone que uno contrata Netflix para evitar los comerciales , en un solo episodio 4 comerciales de 25 o 30 segundos , muy mal e innecesario eso",negativo,com.netflix.mediaclient,,,0
231559cc-a4d6-4282-a05a-6c61d0550c40,Brain Abel Morocco Cahuana,2025-10-11,1,"la aplicación no permite proyectar ni grabar se oscurece al aser eso incluso cuando pagas mensual ,eso me molesta.",negativo,com.netflix.mediaclient,,,0
a79e7121-31d0-4936-aa33-490c598e3045,Vianna Figueroa vizcaíno,2025-10-11,2,viannnnafiguero,negativo,com.netflix.mediaclient,,,0
9b2abba2-2aef-4766-8755-38b998f70f72,Gra,2025-10-11,1,"En Honor X8b no funciona abro y se cierra a los 5 segundos ;(, elimine cache, elimine datos e incluso desintale e instale y nada sigue pasando lo mismo",negativo,com.netflix.mediaclient,,,0
b9ef3209-7e0b-4c0b-b450-45d424c45a48,Jair Perez,2025-10-11,1,La aplicación cuando quieres adelantar o regresar se reinicia,negativo,com.netflix.mediaclient,,,0
971c2227-faea-4767-a5a4-27743a537258,Mario De La O,2025-10-11,1,Imposible ver la repetición de sus transmisiones. Una basura.,negativo,com.netflix.mediaclient,,,0
02ab2d90-810a-427a-b3dc-d6b0d44b99ec,Dan,2025-10-11,1,"Nunca puedo ingresar tranquila en la página siempre me aparece ""Hay un problema al reproducir el video. Inténtalo (5.10) ya hice lo que indicaron pero no voy a estar reiniciando mi celular a cada rato solo para entrar a ver algo No es problema de actualizar de la aplicación ni de mi celular, ya me enoja",negativo,com.netflix.mediaclient,,,4
09dce71d-b3c7-4491-8111-6f644f84d563,el vengador confederado,2025-10-11,1,"malisimo servicio !!!! no puede ser que siendo cliente tenga que descargar la aplicacion para ver netflix . , como la pagina de netflix no permite ver peliculas sin instalar la aplicacion ???? ,todas las empresas permiten la libertad de que uno elija usar sus servicios desde la pagina o sitio oficial o desde la aplicacion; mercado libre , banco frances , sube etc.,esos son pocos ejemplos de lo que uso y cuantas mas empresas no te obligan a bajar la aplicacion!!!!",negativo,com.netflix.mediaclient,,,0
5b44a25d-4d9f-46b7-a782-68615ff2b850,ŤĤĚ ƒĻĂŚĤ ŎŊĚ,2025-10-11,1,no me deja abrir la aplicación se queda en cargando hize de todo y nada en soporte dicen que ya el dispositivo no será compatible,negativo,com.netflix.mediaclient,,,0
318aa822-05f9-48fe-ac30-49f08c98f2f1,Chamorro James,2025-10-11,1,malo,negativo,com.netflix.mediaclient,,,0
22d2facd-1efb-48c4-941d-655d4e80ece0,Carolina López,2025-10-11,1,"Me parece fatal,que hayáis quitado la única película que merece la pena. Resacón en las Vegas.",negativo,com.netflix.mediaclient,,,0
c3fb0776-7ce3-4850-b771-806a044e2179,Benjamín Pérez,2025-10-11,1,Es una pena que Netflix se convierta en una televisión de paga y restringa la libertad del streaming en poder verlo donde sea y en cualquier dispositivo.,negativo,com.netflix.mediaclient,,,0
31ffa1d3-34c3-445c-8f9e-bb706c95cf39,Gema Fernandez,2025-10-11,1,"Funciona FATAL. Cuando intento cambiar los subtítulos, por ejemplo, del inglés al español, me cambia también el idioma de audio de manera aleatoria, por ejemplo, al ucraniano. la app de Android funciona PEOR QUE NUNCA",negativo,com.netflix.mediaclient,,,0
5ba2b8e4-3ec2-4633-bc86-ed7d86d63c5b,Valeri Cardenas Rodriguez,2025-10-11,2,"Me encantó pero tiene un fallo el aplicativo es que dentro , pero no puedo ver , para nada , me sale solo cargando y no funciona",negativo,com.netflix.mediaclient,,,1
e0936c24-de45-44a3-9eb8-24282c15e93e,Ricardo Flores,2025-10-11,1,muy mal servicio 😡,negativo,com.netflix.mediaclient,,,0
de2808d6-d069-4afd-b849-77e8d7d65661,Maximiliano Mallea,2025-10-11,2,"por favor es muy buena plataforma pero por favor lo único por lo que pago es por ver las películas de resident evil. no las saquen ya sacaron la 1 la 2 está hasta el ,31 de octubre. no las saquen por favor.",negativo,com.netflix.mediaclient,,,0
16783e9f-d107-4d85-9b2d-39d436b3f0a9,Abraham MR,2025-10-11,1,"que error tan grotesco en su app lleva meses pasando que en un evento que estuvo en vivo que ya ha finalizado, lo vuelves a ver y quieres adelantar una parte moviendo la barra de reproducción su aplicación tan mal programada simplemente te muestra el inicio del evento como si fuera empezando aún así muevas la barra a mitad de su duración o casi al final. Vaya fallo tan grande en una empresa con su presupuesto no puedan programar algo tan básico como eso.",negativo,com.netflix.mediaclient,,,4
9f08f807-2e37-48f8-aa29-7bb8f06a7695,Miguel García,2025-10-11,1,cancele mi siscripción ya que casi no la ocupaba y resulta que me la han cobradp de nuevo y nisiquiera tengo descargada la App... este es el segundo mes que me hacen lo mismo! Es un robo puesto que yo la cancelo y se cobra sola la suscripción. Les recomiendo le pongan ojo a los usuarios que decidan abandpnar su suscripciones!,negativo,com.netflix.mediaclient,,,0
1ee91fea-ecc2-4e53-8cee-01c1fd2289ca,Eduardo Jaramillo,2025-10-11,3,"Ya van como 4 meses o más que esta la película de spider-man un nuevo universo y no pueden quitar el español España para poner el español latino, para que ponen español españa si mi cuenta va para español latino. >:(",neutro,com.netflix.mediaclient,,,0
5d1a345a-88d3-4430-891d-5ffb73994556,Lautaro Avila,2025-10-11,1,anda re mal,negativo,com.netflix.mediaclient,,,0
a11dfc8d-e1b9-4f7c-85d0-34373be88069,Angel De La Noria,2025-10-11,1,"Trato de ver un evento que fue en vivo y al querer adelantar se vuelve a repetir, un asco en ese sentido",negativo,com.netflix.mediaclient,,,0
bf5cb534-707a-4bba-bed5-588d6b6b00a2,LancerEvolutionCY,2025-10-11,3,"tengo problemas para reproducir la repetición de los en vivos cuando el video va a la mitad se regresa al principio y no vuelve a donde estaba por más que lo intenté, lo hago en mis 2 dispositivos y pasa lo mismo",neutro,com.netflix.mediaclient,,,11
6d808e62-cf88-4840-a67f-e78b894b819a,Carlos Gomez,2025-10-11,3,no hay muy buenas películas y no se hace lógico pagar en el plan básico y tenga que ver anuncios,neutro,com.netflix.mediaclient,,,0
d813a3b0-f05b-4899-867d-b3f8bb90aee7,kevin alejandro castano ojeda,2025-10-11,1,Haces una recarga con tarjeta de regalo y te bloquean por uso indebido y no te devuelven el dinero y tampoco saben ni cuál es el uso indebido,negativo,com.netflix.mediaclient,,,0
3d7e3795-7fac-4b67-a57c-8d1000ae6b99,Juan Pablo Barbudo,2025-10-11,1,"no funciona la aplicación desde muchas marcas de tablet, por ejemplo lenovo tab m11 de las cuales tengo 4 y no funciona ninguna. incluso llamamos a atención al cliente de Netflix y no fueron capaces de saber q ocurre. en fin tendremos que ver Amazon Prime o HBO",negativo,com.netflix.mediaclient,,,20
411d4f23-7792-47c2-943e-075e758c397f,Celia Rivera,2025-10-11,2,"quiero ver la Serie Manifiesto y está en ingles, no la tienen en español 😡😡",negativo,com.netflix.mediaclient,,,0
8d3e09bb-c618-417a-bfa5-7c2ea1705fa7,Daniel Fuentes Guerrero,2025-10-11,1,"desde la última actualización me salen líneas en la parte superior derecha de mi celular, mi celular es una Samsung galaxy a34. ya la borre y la instale como me dijeron en soporte y sigue igual",negativo,com.netflix.mediaclient,,,0
e44f40c7-8469-4373-a07a-82196f9db925,David Gila,2025-10-11,2,Es un insulto enorme el écho de que en celular se esté cambiando constantemente la calidad de imagen teniendo una Buena conexión a Internet,negativo,com.netflix.mediaclient,,,0
c8184a1d-3168-43c9-89cc-2f64190470c3,Paco Leija Garcia,2025-10-11,1,lo tengo instalado en mi celular y ya no quiso entrar solo se quedó en el logo 😡,negativo,com.netflix.mediaclient,,,0
0dc5e4a0-9e7b-4576-9b4f-2f58ccac5b41,Alejandro sammo,2025-10-11,1,me descontaron plata sin mi consentimiento y yo ya había cancelado mi suscripción anteriormente . es un abuso,negativo,com.netflix.mediaclient,,,0
6ccfc23e-a683-41e0-b77f-18d87442fa75,Pablo Arath Hernández Espíndola,2025-10-10,1,"No sé porque cada cierto tiempo se corta el vídeo y se adelanta, arruinando por completo la experiencia y la continuidad.",negativo,com.netflix.mediaclient,,,1
70ff798f-c31a-488d-99f1-c4f3461fc1f7,Damuro Munico Rocca,2025-10-10,1,malo no carga,negativo,com.netflix.mediaclient,,,0
acdcc5ec-3506-45b4-b939-f915e6981187,Selena Sánchez,2025-10-10,1,"PORFAVOR saquen esa mmda del ""Hogar Netflix"", no sirve para nada y es muy molesto, yo no tengo wifi, en mi casa todos usamos datos.",negativo,com.netflix.mediaclient,,,0
129b3f8f-d799-4048-9169-6006f640c2fd,Pepe Renteria,2025-10-10,1,comerciales y propaganda ?,negativo,com.netflix.mediaclient,,,0
7957a3e1-3b81-47ba-adf3-e348691a4743,alfredo serapio bartolo,2025-10-10,1,tengo un problema con esta aplicación no me reproduce su contenido solo me reproduce los anuncios y ya lo llevo reportando ya desde hacer unas semanas y aun no lo resuelven,negativo,com.netflix.mediaclient,,,0
56b57bd8-22aa-415b-a54b-28bde70a87eb,Brazer Joker,2025-10-10,3,falta más variedad de películas recientes,neutro,com.netflix.mediaclient,,,0
d0f77b80-c377-441e-bc1b-744a9f05e519,Leo Cortesi,2025-10-10,1,"Un asco, voy a cancelarla, la mitad del tiempo no funciona en mi celular, que de mas esta decir esta nuevo.",negativo,com.netflix.mediaclient,,,0
1d166db4-07d9-4298-b086-0ecd41d0f530,Salvador Martinez,2025-10-10,1,"meten adoctrinamiento woke progresista, no lo descarguen",negativo,com.netflix.mediaclient,,,0
dde4cb55-3349-4ef3-8ade-ea77fa97d236,Daniela Vargas,2025-10-10,1,no me deja entrar en la aplicación y dice que escribo incorrectamente y me quiere obligar a pagar de nuevo,negativo,com.netflix.mediaclient,,,0
a263d7f5-d852-47fe-af20-b1d83d53f6cd,Freddy Manaure,2025-10-10,1,no me funciona,negativo,com.netflix.mediaclient,,,0
667bf52f-efe7-4d58-a50d-1d0c22437712,Agustín Fernández (Agusrofer),2025-10-10,1,"tengo un redmi note 12s y no puedo reproducir contenido en HD en la app, no es serio. Agreguen más dispositivos y dejen de llorar piratería.",negativo,com.netflix.mediaclient,,,0
7f6854f6-9296-4010-98c4-b3e10bbdac89,lupita martinez,2025-10-10,3,"todo bien excepto cuando se quiere ver la programación que estuvo en vivo despues, simplemente de un momento a otro se reinicia solo el video y vuelve al inicio de tal manera que no permite ni terminar de ver el programa",neutro,com.netflix.mediaclient,,,0
c0d26190-67e9-4338-9f77-a29a12d81e1f,Sebastian G. Ampuero Cheuquel,2025-10-10,1,He cancelado la suscripción 2 veces y tiempo después me siguen cobrando y la cuenta vuelve a estar activa ya me tienen podrido devuelvan mi dinero lacras ni miro sus series aburridas,negativo,com.netflix.mediaclient,,,0
c276313d-be87-4037-af89-2a9415f33819,Rodrigo Martín,2025-10-10,2,"llevo dias que lo actualice, y sigue sin poder reproducir de forma continuada los videos se apaga la app a veces después de la actuación, la he desinstalado,instalado y ya no se que hacer 🤔🤷 , el soporte de Netflix es casi imposible contactar con ellos , aún sigue esperando respuesta del porque pasa eso, mi dispositivo está actualizado en todo su firmware limpiada de caché etc y sigue sin funcionar , móvil xiaomi 13 no sé si lo han descatalogado para no poder usarlo en mi modelo... tal vez..",negativo,com.netflix.mediaclient,,,7
256195ba-1807-4968-8a37-07027aa44501,Mikoko Yanosuda,2025-10-10,3,"Desde el celular cualquier película o serie se ""glitchea"" en ocasiones, ese efecto de glitch impide ver las series tranquilamente, y solo está ocurriendo en el celular",neutro,com.netflix.mediaclient,,,0
68a47cbb-3d5f-4d88-8b99-78b996b45c19,kiara pozzobon,2025-10-10,1,"no se merese ni una estrella no puede ser que un usuario de años usando la aplicación no funcione como debe la aplicación, no puede ser que quieras entrar a ver un serie y no me deje",negativo,com.netflix.mediaclient,,,0
ed22ed8e-0962-4985-88b8-d096759e7fd3,Sofia Zarate,2025-10-10,1,"Ahora está horrible!!😡 Estuve viendo una serie y de repente... Me dice y que: ""Sin conexión a internet"" Y eso ya me tiene Harta💢 Además tengo 13 años y hay clasificaciones 13+, Quiten las clasificaciones edad 13+ o sino los voy a denunciar EXIJO UNA EXPLICACIÓN RÁPIDO💢🫰 Miras una serie o película Te dice lo mismooooooo😡 ""CLASIFICACIÓN 7+ 10+ 13+ 16+ 18+"" ESPERO QUE LOS CREADORES DE ESTA APP LEAN ESTO ESTOY MUY MOLESTA💢",negativo,com.netflix.mediaclient,,,12
06f38cb8-0e7d-473f-b683-2387f9998bf2,Juan Aznaran valdivia,2025-10-10,1,compré el paquete y a pesar de tener un dispositivo actualizado no quieren Descargarme el juego de calamar Frenesí,negativo,com.netflix.mediaclient,,,0
979f8f94-e47b-4349-bbef-e1dda3880ccd,RAFAEL GOMEZ,2025-10-10,1,"Me parece una basura el servicio ya que tenia tanto tiempo sin ningun tipo de problema en mi tv android 14 y de un momento a otro ya no me dejo actualizar ni disney plus ni netflix ahora dice q no son compatibles esta maldicion, hecho de todo y no me permite instalr ninguna de las aplicaciones mencionadas",negativo,com.netflix.mediaclient,,,0
da69ccc2-108b-4ab7-828e-b7ba88ef0410,Franco Alva Montes,2025-10-10,1,no recomendado,negativo,com.netflix.mediaclient,,,0
627fba16-d0a7-4fcb-af42-98d4a101be18,Lucas,2025-10-10,1,"no anda en el movil nunca se termina de reproducir el contenido, queda en cargando",negativo,com.netflix.mediaclient,,,2
9e2403a0-47d4-41e8-b679-ec32c8b9fa85,Rosa del Carmen Morales llanes,2025-10-10,1,Holandés de los que de los Hola soy un hombre muy Hola buenas noches soy un hombre hombre busca noches moreno buenos buenos o buenos muy Hola muy Hola buenas muy 20 20 y noche me hombregustan las personas gustaría saber si el zhen4 saldome contaba todo lo que zhe n4 zhen4 en la y 20 de 20 0 0 de misma de la de,negativo,com.netflix.mediaclient,,,0
d6478331-12c0-41ed-8332-4882646d16ee,Jorge Ramos,2025-10-10,3,"Ya no son los mejores en cuanto a películas, disminuyó su enfoque en ser los mejores y tener todas las películas.",neutro,com.netflix.mediaclient,,,1
47925d38-8fab-4902-b649-3aca687a505c,Nohely Zapata,2025-10-10,1,pésimo debería de tener más series. en español el audio. tam bueno que era Netflix pero ahora uno ase un reclamo y solo dicen que es política de la serie. pésimo servicio,negativo,com.netflix.mediaclient,,,0
3fe08569-b1c8-490f-95fd-97d46ffaa927,G D,2025-10-10,1,cada vez que actualizan la aplicación le cambian la apariencia al navegar entre las películas. cada vez hacen peor el buscar una película y películas venideras.,negativo,com.netflix.mediaclient,,,0
f112bf0b-88a6-4b6d-a4a2-0a459144b2cf,Jorge Israel Cruz Lara,2025-10-10,1,es un relajo con lo de actualizaciones del hogar,negativo,com.netflix.mediaclient,,,0
dc8bc0bb-1828-4410-a190-3f0ee3c1a0df,Eduardo,2025-10-10,3,Traigan Mr Robot de vuelta,neutro,com.netflix.mediaclient,,,0
0fe02229-5dd5-4370-a506-cbff059a7440,Patricia Aguirre,2025-10-09,1,"justo acabo de cancelar, ya no me deja ver en otra TV cuando salgo de mi casa, escaneo el código, verifico y nada, no tiene sentido pagar",negativo,com.netflix.mediaclient,,,0
d2c7c5d7-a9cd-4ce4-901b-3025dac87cc7,Amenica Tintore Erik Manuel,2025-10-09,1,La verdad vale más la pena piratear que pagar su suscripción ya que ya no te deja compartir contraseñas y elimina series o películas cada mes. lo mismo pasa con todos los servicios.,negativo,com.netflix.mediaclient,,,0
055286e6-eb59-4f2f-b347-03713533c824,Claudia Alberto,2025-10-09,2,Netflix pregunta porque le sacaste las cuatro temporadas de my hero academia porque antes estaban cuánto temporadas y ayuda hay dos temporadas puede ser que le pongas las cuatro temporadas al menos por fisss 👏👏,negativo,com.netflix.mediaclient,,,0
1d34efc3-6846-483a-8774-a290c62efcb3,Sindy Rham,2025-10-09,2,"Cuando has visto las pocas cosas q te gustan, empiezas a dar vueltas a ver si encuentras algo y te salen lo mismo hasta el cansancio...Yo sé q habrá algo ahí en medio d tantas cosas sosas...¿Pero cómo dar con ello? La interfaz d estas plataformas me provocáis d todo y nah bueno pq a veces me da pereza, otras angustiosidad..ah no! era ansiedad! 🤧dolor de cabeza...mareo,irritabilidad, cansancio neuronal y una serie d cosas q no me explico... Poned +filtros de buscar en 1 indice a parte, Netflix!",negativo,com.netflix.mediaclient,,,0
aa04d7c8-b019-469a-a8fa-f3a9f5d694e2,Valentina Paniagua,2025-10-09,2,se le sale la cuenta sola y no me deja volver a entrar,negativo,com.netflix.mediaclient,,,0
11871718-ce22-4bce-bbac-465b410c3c01,Hector Ivan,2025-10-09,1,salir del país por un tiempo y que Netflix no te deje ver nada (cancelar cuenta),negativo,com.netflix.mediaclient,,,0
0bc3483e-90d1-40aa-8265-2ecf46116dbd,Alejandra Basantes,2025-10-09,1,nos muy apto para niños pequeños porque puede tener en el perfil de niños series o películas no aptas como sexo con el mismo sexo y siendo películas infantiles no recomiendo no hay luchas películas,negativo,com.netflix.mediaclient,,,1
3fc69d06-5e9f-4bd2-98ba-085543feebb8,Dorelis Gonzalez,2025-10-09,1,me estaba viendo la serie flash iba por el episodio 5 y me saco de la serie y cuando la busque se desaparecio de netflix me sali 2 horas y cuando entre aparecio pero no me deja poner el idioma español resuelvanme ese problema,negativo,com.netflix.mediaclient,,,0
8ff5b564-e7df-4bf0-a9f1-f07b01386343,Halo Romel,2025-10-09,1,"Arreglen el video, cada vez que se quiere ver algo se traba la imagen y se deforma y llevan rato asi",negativo,com.netflix.mediaclient,,,0
5a14c736-0239-42f4-9747-d1b814112253,Cote Allendes,2025-10-09,3,Traigan de nuevo The Golden Idol! Es un juego buenísimo!,neutro,com.netflix.mediaclient,,,0
93da8543-6e8f-42c0-baf2-f18c6123f9e2,Yareth Sosa,2025-10-09,1,"Como esta aquí en España y Portugal de la misma que la vida . La verdad es que me llamen para que me gusta mucho el trabajo de investigación y desarrollo del proyecto de fin. La semana pasada en la web de empresas que distribuyen los productos de limpieza y desinfección de los Angeles, que se me ocurre que me llamen al final. Si te gusta el deporte y la Rioja. El problema es que no se puede hacer algo para que no me gusta mucho. Pero bueno ya que no se que hacer es seleccionar la opción que más.",negativo,com.netflix.mediaclient,,,1
a4cc27d7-d37a-4ee6-9ed2-ef9e6521f4bb,Android X,2025-10-09,2,Deshabiliten la reproduccion automatica de peliculas al ver una sinopsis. NO OBLIGUEN A EMPEZARLA.,negativo,com.netflix.mediaclient,,,0
87e178be-2761-406c-b2df-12aaf4704f52,Carolina Cifuentes,2025-10-09,1,malísimo,negativo,com.netflix.mediaclient,,,0
ab9e1a22-f08b-4c88-9ec7-a2868da07705,Nora Arvilla,2025-10-09,2,No debería pasar esto de no verse,negativo,com.netflix.mediaclient,,,0
b5779e30-32e8-4bb0-8a06-81a0587e4483,l r,2025-10-09,1,siguen destruyendo series q nunca estuvieron mal siguen cambiando los personajes siguen con series q eso siii q no cambian el idioma a sur america parece q todas las grandes app contratan a gente q realmente no debe estar en estos tipos de trabajos x ende otra vez no los voy a contratar gracias y busquen otras app hay otras mil veces mejores más baratas y que no cambian las series originales ya q Haci. no matan la serie,negativo,com.netflix.mediaclient,,,1
93057f25-8968-4323-9728-c70e94b426eb,Selenita Ruiz,2025-10-09,1,"es increíble, pero no puedo entrar a la app, ns xq, m dice elige una cuenta para seguir utilizando NETFLIX, pero tampoco da. n entiendo el xq. alguien me puede ayudar con ese problemita xfavor",negativo,com.netflix.mediaclient,,,0
6af80c24-b03f-44c2-bb16-14d33292081f,Cristian Santana,2025-10-09,1,la arruinaron a la app no puedo ingresar traten de arreglar eso,negativo,com.netflix.mediaclient,,,0
e8487562-a8a3-43d6-b7fe-fd1cd1f4ddc1,Trinidad Alvarez,2025-10-09,1,lo tengo en el televisor,negativo,com.netflix.mediaclient,,,0
3ef8812e-61bc-4b32-bef3-67e094a44637,YamiV,2025-10-09,1,"me gusta Netflix pero desde que hicieron la nueva actualización no puedo usarlo, se queda cargando y cargando, muchos tienen ese bug porfavor arreglen lo",negativo,com.netflix.mediaclient,,,0
e6b0a8ea-5118-4693-bba0-da7f6cb8d706,Svalbard and Jan Mayen,2025-10-09,1,que es lo de que hayan series y pelis únicamente en español panchito? acaso tengo cara de morirme de hambre? agregad el doblaje en castellano y dejaos de panchitadas,negativo,com.netflix.mediaclient,,,0
cefc1b35-bedb-4405-bdde-8819db14738e,Armando Omar Leiva Diaz,2025-10-09,1,"Ahora resulta que no puedo ver Netflix que tanto pago con mis datos móviles. Netflix de mal en peor, si siguen así van a perder clientes. 👎",negativo,com.netflix.mediaclient,,,0
d8a15287-25b4-4f80-ae57-b767b171d3a3,Beto Diaz,2025-10-09,2,no sirve la app en mi poco x7 se cierra de la nada arreglen eso y les daré 5 estrellas,negativo,com.netflix.mediaclient,,,0
cb0d65ac-09c3-4193-b812-d84e29736d01,Mario H,2025-10-09,1,Y lo de enviar pantalla??? Sois un timo. Me pasé a la opción con publicidad y a la semana me lo subís al precio que estaba...deberíamos abandonaros todos. Y ya me fui.,negativo,com.netflix.mediaclient,,,2
bba33337-c339-4eab-b0f1-0b851ee20501,Fernando Gabucio,2025-10-09,1,basura de aplicación. cada vez que la abro en el móvil me da error 5.10 un monton de veces y me salen anuncios una y otra vez. estoy harto de esta aplicación. es una auténtica basura,negativo,com.netflix.mediaclient,,,0
0c154a33-b17a-4a5a-b6c3-d8b3f591be5a,Zoila Rios,2025-10-09,2,no se puede ver en cualquier dispositivo,negativo,com.netflix.mediaclient,,,0
7f8f09cf-ee16-45bd-9f60-233bba0e61b1,Mauro Amador,2025-10-09,1,no la puedo instalar y no me solucionan el problema,negativo,com.netflix.mediaclient,,,0
2e62ace2-5167-4035-8dbe-83893a4a7510,Renato_.ramirez,2025-10-08,3,"a alguien mas le sale el problema que de la nada ""no perteneces a la cuenta hogar""? y no te deja entrar mas hasta que tiene ganas?",neutro,com.netflix.mediaclient,,,0
44af1f87-d329-4bee-a35a-19d892860e88,Maria Juan,2025-10-08,1,no me gusta,negativo,com.netflix.mediaclient,,,0
a8ec6a4b-12a5-46a2-a727-06a397525b62,John Connor,2025-10-08,1,Cancelado por wokes,negativo,com.netflix.mediaclient,,,0
54264e3b-eceb-41d5-9caa-1c234c0c2a16,Esteban Casanova,2025-10-08,1,alguien me puede decir porque Netflix dejó de funcionar en mi Motorola G13 ya lo reinicie lo desinstale borre memoria caché y nada.,negativo,com.netflix.mediaclient,,,0
5b62f6c0-6ff6-421c-8ad1-3898375c7278,Raukito,2025-10-08,1,"la serie Dexter tiene diley, el audio está mal, me refiero a que cuando habla el audio suena 1 segundo después",negativo,com.netflix.mediaclient,,,0
d0cffab7-f7c0-4c89-8030-bf7e1214a1cc,Tulio Jose Rodelo Hernández,2025-10-08,3,me encanta la app es mi favorita y ahora que metieron la wwe son los mejores amo su app llegaran eventos y capitulos de wcw y ecw? deberian conseguir los derechos de tna de sus shows semanales y ppv como lo hicieron con wwe asi dominarian el mercado de la lucha libre y tendrían a mas usuarios,neutro,com.netflix.mediaclient,,,0
9747f8db-9dd7-43fa-9ce6-fe1d5b9ccfad,andres martinez,2025-10-08,1,"pésimo servicio, miembro extra? ahora con que excusa le escribo a mi ex para que me lo active.",negativo,com.netflix.mediaclient,,,0
fc8d3652-1732-40cf-8ffd-080dce3576eb,Vicaria Phillips,2025-10-08,1,Porque hacen la vida tan difícil solo quiero ver una película y no se puede😡,negativo,com.netflix.mediaclient,,,0
1f0db1f7-39c1-4064-b081-71ab30a3eaa4,Daniel Gonzales,2025-10-08,3,INTERESSNTE,neutro,com.netflix.mediaclient,,,0
99eaa454-3d53-46ae-aadf-d59f8ee25fa3,Jesde V Aguilar,2025-10-08,1,no deja abrir en mi celular,negativo,com.netflix.mediaclient,,,0
b0121654-70fb-4867-bf1b-e5ee16a5d680,Paco Plasencia Aguirre,2025-10-08,3,"Ahora te ponen comerciales quieras o no, ¿que caso tiene pagar una suscripción?",neutro,com.netflix.mediaclient,,,0
e5af6134-a73f-42c8-b897-0ddcaccea64d,Edwar Rupay cordova,2025-10-08,3,"la aplicación en si no es mala ni buena, pero no entiendo porque pagar por tener una cuenta si con la aplicación de seeke puedo ver las cosas que veo aquí también, además son las mismas series de Netflix, osea no tiene sentido pagar Netflix si puedo ver las mismas cosas en una aplicación gratuita, almenos hagan algo no.",neutro,com.netflix.mediaclient,,,2
7b0fd1de-07df-42b3-8a59-bdb4aae5a717,Hector Rojas,2025-10-07,3,"Yo tenia preferencia por Netflix debido a su gran atención al cliente, pero me decepcionó cuando empezaron a cobrar más por que con los que compartes no están en la misma dirección, yo vivo solo comparto con mi mamá que vive sola en otra dirección y con mi hermana que igual vive en otra dirección, pago la cuenta principal (mi mamá), una adicional (mi hermana) y yo preferí ya no verlo, prime video y hbo tienen mejores series.",neutro,com.netflix.mediaclient,,,0
08cb8c41-b9a3-4508-84ee-b83c135a34fa,Maria Valero vizcaíno,2025-10-07,3,"la aplicación me gusta pero lleva un mes que no me deja ver las series o películas sin interrupciones, o se queda la imagen en negro, o cuarteada",neutro,com.netflix.mediaclient,,,0
15392888-8dfb-4418-b92c-b0178f97c241,Elizabeth Morales (Pastelería Los Terrones),2025-10-07,3,"Antes de actualizarla todo bien, pero después me pausa las películas a cada rato ☹️",neutro,com.netflix.mediaclient,,,0
20939df1-64ef-4535-8e0e-3302cc8981b9,isabel hedgecat,2025-10-07,3,"no sé por qué no funciona en mi celular, trato de reproducir títulos y se queda en cargando. ya revise y no es mi red ni mi conexión a internet 😔 ya lleva varios días así.",neutro,com.netflix.mediaclient,,,0
71b0ef63-9be9-4374-8af6-2fc34e0fcb2e,lorena ulke,2025-10-07,3,"no puedo ver programación que a conocidos, teniendo la misma ubicación geográfica, si tienen. me muestrar el contenido parcialmente!!",neutro,com.netflix.mediaclient,,,0
3cbeec82-8986-4655-b2bd-4287e07a08d6,Eusebio Picado,2025-10-07,3,me incomoda al cambiar la contraseña y volver abrir la cecion me pide código,neutro,com.netflix.mediaclient,,,0
765dbec4-c5f2-4b38-9efc-56065efd93ef,Lua Geraldine Escobedo Pineda,2025-10-06,3,no me deja instalarla y ya vi todo,neutro,com.netflix.mediaclient,,,0
d1446eec-846a-483d-bd48-f14f7cac1bcc,NataliaSofia Vila.M,2025-10-06,3,Es un poco injusto q no sirva para Cuba🇨🇺,neutro,com.netflix.mediaclient,,,0
a5ceb719-128c-49cd-9485-8271748bd137,Katherin Rojas,2025-10-05,3,Oe Netflix porque cancelaste The cuphead show,neutro,com.netflix.mediaclient,,,0
2e4807eb-afeb-4c2c-b779-26b065481408,Nancy Torres,2025-10-05,3,"falla Veces, y tienes que esperar a que reaccione",neutro,com.netflix.mediaclient,,,0
3c34057c-fe28-4afa-af5d-edcc81748292,Lucero Morales,2025-10-05,3,"está bien buena la aplicación, Pero no trae todas las películas de Transformers",neutro,com.netflix.mediaclient,,,0
c2212120-ea13-4be7-94dc-4c2593f62d54,Damian Steven,2025-10-04,3,es lo mejor de mi vida y yo xD mandes a los amigos,neutro,com.netflix.mediaclient,,,0
d9eac311-65d0-44cb-9748-98f27ccb7524,Brian Perez Alvarez,2025-10-04,3,tanto tiempo solo para anunciar una temporada de un solo capítulo de Ranma valla que soys unos estafadores,neutro,com.netflix.mediaclient,,,0
9a41a36d-3193-4539-b016-5c58d8f48d95,Susana Beatriz Esparza,2025-10-04,3,Deseo dar de baja NETFLIX en este instante.,neutro,com.netflix.mediaclient,,,0
6f8ef91a-65cf-45ce-aad1-f38b0e98d38f,Dmitry Zenin,2025-10-04,3,está bien. lo único malo es que el volumen de los efectos especiales o música es mucho más alto que las voces. tienes que bajar y subirlo cada vez. no tiene sentido!,neutro,com.netflix.mediaclient,,,0
1d2f0476-4bc2-42d9-b5da-b119d81e2b18,Juechero Juechero,2025-10-04,3,dañaron el formato de visualizar el menu con esa pantalla grande de promoción que no deja ver el resto de titulos que quedan debajo. Porque en vez de mejorar dañan las cosa.,neutro,com.netflix.mediaclient,,,0
3c703fba-b76d-45d7-b5c5-ca1c6fdf57f5,Guillermo Enriquez,2025-10-04,3,buena tarde,neutro,com.netflix.mediaclient,,,0
58b3d6ba-3b54-4db4-9407-48e0b1a84511,Mari Villatoro,2025-10-04,3,no se agara,neutro,com.netflix.mediaclient,,,0
6c75dafc-73f2-46e7-b82b-05f8601797ac,Adriana Bernal Maldonado,2025-10-03,3,"es buena aplicacio n solo que muchos juegos no me deja instalarlos, vuelvan a meter al stree fhire y el grand the Auto san Andreas porfavor solo pido que metan esos juegos a la play store o que alguien me diga cómo puedo intentar instalar los juegos",neutro,com.netflix.mediaclient,,,0
def8eec5-f181-4d48-94a7-71fffb3f20d3,Isha Miller,2025-10-03,3,"Creo que soy la única que piensa ( si alguien más lo cree apoyenme) pero la actualización para celular, de ""guardar momentos"" esta mal actualizada, osea guardamos los momentos y tenemos que ir a una sección para poder verlos. La anterior actualización permitía esa dos funciones, ponía un capítulo ""x"" estaba los momentos guardados y la opción de agregar uno nuevo, si esta función volviera estaría muy feliz.",neutro,com.netflix.mediaclient,,,4
8e6d0b03-23dd-419e-9940-a33fc400a9bc,Rodrigo Hernández,2025-10-03,3,maioria dos títulos são ruins e deveria ter a opção de excluir filmes e séries que eu não quero ver!,neutro,com.netflix.mediaclient,,,0
4e776bda-3aad-448a-b785-dfae0929f2f7,Maricela Espindola,2025-10-03,3,todo bien,neutro,com.netflix.mediaclient,,,0
70ff07ab-c984-41ea-a412-ed4bef467273,Eduardo Pérez Galindo,2025-10-03,3,la mera verdad con datos la calidad es horrible 360 si importar tu plan de pago y aparte lo peor es que brinca muchísimo en todas las películas o series o lo que sea que veas en laptop no brinca en el celular si que significa eso al mismo tiempo los coloco y con el mismo wifi y aún así brinca en el celular decepciona realmente,neutro,com.netflix.mediaclient,,,2
6a7828c1-70ec-4209-998b-e6f47a863ac4,Airis Estrella Gordillo Cruz,2025-10-02,3,"tengo un problema con la app, a veces después de estar viendo vídeos se empieza a trabar y cierro la app y al momento de volver a abrir se pone la pantalla verde tengo que cerrarla de nuevo y a veces hasta reiniciar el teléfono para que pueda seguir mirando videos. ¿alguna solución?",neutro,com.netflix.mediaclient,,,0
95c9c4f1-2489-4159-8d98-17680d4a1284,YAET,2025-10-01,3,"active el paquete premium y que complicado se hace ver una serie o algo,no deja ni siquiera entrar me saca inmediatamente no se preocupan en mejorar solo en recibir las mensualidades",neutro,com.netflix.mediaclient,,,0
6169b074-f44c-48e5-bd03-909cd548f8e2,Sharoll Iquira,2025-10-01,3,Me ayudaaaan! ¿cómo puedo desbloquear la aplicación que no me deja y no me acuerdo ooo,neutro,com.netflix.mediaclient,,,0
a840c6ee-eced-4ccc-9d63-64b7dc53513a,Fabiola Rios,2025-10-01,3,No me dejó ver el contenido :(( 😤,negativo,com.netflix.mediaclient,,,0
812c7a7a-7001-403c-b419-a5caeae95922,Nidia Del angel,2025-09-30,3,¿¿¿¿¿Por que quitaron las peliculas de the amazing spiderman?????,neutro,com.netflix.mediaclient,,,0
c7d2620e-0d9c-43c5-8c67-e12893fc6fa4,Anya Naomi,2025-09-30,3,muy genial 👌👌,positivo,com.netflix.mediaclient,,,0
9509aa19-f00e-4004-906e-12ce2c61453b,Sarahi Simental,2025-09-30,3,no me dejaba entrar y se trababa a menudo la cuenta no era mía pero no me dejaba entrar 😞,neutro,com.netflix.mediaclient,,,0
f320cd47-f661-4a75-8d70-4075ee3ba55c,Jimena Gomez,2025-09-30,3,me gustaría que cuando se acabe la cuenta que le salga una opción de cerrar sesión,neutro,com.netflix.mediaclient,,,0
94b2050f-bd8c-4006-bffd-2b521279964e,Ale Eizi,2025-09-30,3,Es muy buena app Pero sacan un montón de series de lo mejor como pokemón xyz o Harry Potter,neutro,com.netflix.mediaclient,,,0
59bf5582-2ecb-462f-acf3-a1a0fbc5d98b,Agustim Burgos,2025-09-30,3,호위,neutro,com.netflix.mediaclient,,,0
0d2dc9c7-55ff-4da3-91bb-2b6ed2198e4c,Dante,2025-09-30,3,¿por qué necesariamente la aplicación fuerza el modo claro? lo cual genera fallos y bugs cuando quieres iniciar sesión entre otras cosas. es muy buena aplicación pero es estresante que se trabe por el simple hecho de tener el teléfono en modo oscuro,neutro,com.netflix.mediaclient,,,0
002ac785-847c-40ca-ae30-15351ddfb754,Israel Ramirez,2025-09-30,3,"los subtitulos en televisión son horribles, o son pequeños o son enormes. Y los formatos no son tan amables, y sería muy fácil mejorarlos.",neutro,com.netflix.mediaclient,,,2
eea6a18a-aee3-48d8-bc89-2d23634dfc96,Oscar Alberto Sánchez Cervantes,2025-09-30,3,continuamente me sale un mensaje de que no se puede acceder al servicio,neutro,com.netflix.mediaclient,,,0
1421be87-7456-4455-9a1a-37632a71f2b0,Ronnie Codina,2025-09-29,3,"Incorporen una opción para no ver automáticamente trailers de películas o series al terminar una película, usualmente me quedo dormido y siguen los trailers toda la noche",neutro,com.netflix.mediaclient,,,0
106e8ebf-5e14-4890-a26a-934c08da92ed,stephanie cortez,2025-09-29,3,"buena app para ver series Pero las fotos de perfiles deben ser más variada al contenido que ve el usuario y no solo algunas en específico, espero que saquen más variedad de foto de perfil",neutro,com.netflix.mediaclient,,,0
94c938cc-debe-4478-8efb-3df4e803458c,VICTOR MANUEL MAGAÑA GONZALEZ,2025-09-29,3,"últimamente dificulta la reparación, solo se puede ver un capítulo por serie, porque no carga para ver los siguientes, por favor revisen esto.",neutro,com.netflix.mediaclient,,,0
47339e50-0f01-4743-aeab-33e8f8e86ae9,Victor Pacheco,2025-09-28,3,"me gusta la aplicación, pero lo que no me gustó es q los episodios de la serie de Victorious están adelantados los audios, según yo no no es mi dispositivo si lo podrían solucionar sería algo muy excelente de parte suya",neutro,com.netflix.mediaclient,,,0
2f908473-f86b-4d05-9f45-c5260fa94116,Elisabeth Heredia,2025-09-28,3,Bidn,neutro,com.netflix.mediaclient,,,0
71b1a1ba-7c17-4eb3-8e12-53299524425c,Stephanie Láuz,2025-09-28,3,"pésimo, no deja reproducir películas estando en llamada",neutro,com.netflix.mediaclient,,,0
61ae92c8-cbaf-474f-8b84-6620e2ba2e46,Guadalupe Cadelago,2025-09-28,3,"es buena, aunque saca a las buenas películas y deja las malas 🫥, aparte no me deja ver muchas películas en español, aunque antes las veia en español, ahora solo me deja verlas en ingles🙄",neutro,com.netflix.mediaclient,,,0
c347ee4c-de3c-4194-97b6-9a185caf447f,pedro sanchez,2025-09-28,3,muy buena pero el servicio es malisimo arreglen videos trabados descargo episodios y no me deja verlos a veces la aplicacion no anda y mi celular es gama media-alta mejoren ese servicio en tele me anda perfecto pero en celular no!,neutro,com.netflix.mediaclient,,,0
1b9f5073-a2e9-4bc2-a92e-fcd72c797a54,Manuel Zamora S,2025-09-27,3,es buena pero no tienen las películas del conjuro y deberían de meter más películas nuevas y series,neutro,com.netflix.mediaclient,,,0
f56678d0-07ec-4b6f-9f87-24bc00c97919,Valeria Isidora,2025-09-27,3,"netflix es mi app fav, pero ya no me deja poner imagen en imagen😭💔",neutro,com.netflix.mediaclient,,,0
d5dff526-603e-41b0-bcd0-7f30c44ae927,Ana Rosa Barrera Santacruz,2025-09-27,3,"El contenido es muy variado y su interfaz es buena, pero a ratos entro y todo lo q trato de ver se queda cargando. Deben mejorar pq es muy aburrido ese tema.",neutro,com.netflix.mediaclient,,,0
726b35c8-921c-4111-9575-707e9cf19a9b,Pablo Erralde,2025-09-26,3,Es una porquería que cuando termine la película no te dejen ver los créditos y te tapen toda la pantalla con otra cosa. Debería haber opción para aquellos que si queremos ver los creditos,neutro,com.netflix.mediaclient,,,0
cbbf0960-49ea-4769-9f74-e91265891798,Domimeza Meza,2025-09-26,3,la película de Hansel y Gretel en una de esas aunque enojado estoy por qué la de la señora de los pescados le pegó a un tiro un un un tiro de pescado al viejito,neutro,com.netflix.mediaclient,,,0
aec77dd4-6bec-4840-ae5f-747c5aa659eb,Berenice Ortega,2025-09-26,3,t shirt,neutro,com.netflix.mediaclient,,,0
956abd06-2bcb-499f-8851-0b442ffffc6a,Bauti Contreras,2025-09-25,3,TU TY TI,neutro,com.netflix.mediaclient,,,0
8899f1bd-b151-437d-bee4-f2ffc111d635,signy Gallardo,2025-09-25,3,"la app para celular no me deja ver ni capítulos ni pelis, siempre manda a error",neutro,com.netflix.mediaclient,,,0
a7f5ecaa-e339-4cab-b54f-b1c39326520c,Juan,2025-09-25,3,desde hace un tiempo las descargas no funcionan,neutro,com.netflix.mediaclient,,,1
c8ac5d06-6262-40cc-badc-bfc531ed9c09,Leonel Fernandez,2025-09-24,3,"Está app es muy buena para entretener, pero lo que ODIO es el nuevo siste ""Hogar Netflix"" una PORQUERÍA, no deja ver a nadie series ni películas. Como les gusta complicarles las cosas a la gente.",neutro,com.netflix.mediaclient,,,0
d9a10364-aa3e-457b-b399-ea71beaeded7,Seraje Felihi,2025-09-23,3,es muy caaaaaaaro,neutro,com.netflix.mediaclient,,,0
c6841c6d-8a72-4f01-bd1f-efd547ce725c,Walter mendez Melgar,2025-09-23,3,no sé si les pasa que han buscado también la casa del dragón y no se encuentra será que no la han subido o es que no es de esta plataformaparece que he cancelado en vano jaja,neutro,com.netflix.mediaclient,,,0
f54b478f-0b50-457e-8581-27d7c480f28c,kurara himura,2025-09-22,3,No poder gestionar cuestas y verificar cosas como dispositivos a menos que revises desde la web y no desde la App es muy inconveniente.,neutro,com.netflix.mediaclient,,,0
d51433d2-773f-4e76-b30d-254f49a4ace5,fernando bustos,2025-09-22,3,Hola la verdad no puedo creer bunker atómico queda el final así sin terminarlo por favor quiero la segunda parte,neutro,com.netflix.mediaclient,,,0
cf79161f-7754-4c07-878d-262bd395fa0e,natalia castro,2025-09-22,3,"hoy tuve problema, puedo entrar a la aplicación pero no puedo ver los videos me aparece error 3.1, hice lo que recomiendan y nada, las demás aplicaciones no tienen problemas solo es esta, que terrible no puedo ver mis series aaaaa ayudaba",neutro,com.netflix.mediaclient,,,0
720fc083-2f0c-4094-9997-363319d2965f,Pinar,2025-09-22,3,Carlos.Eduardo El morador,neutro,com.netflix.mediaclient,,,0
074bb7fa-a1a2-4ff6-878e-f3b4e52f9320,yo? quién,2025-09-22,3,"Buena plataforma en general, pero debería tener sección de comentarios y calificaciones para series y películas.",neutro,com.netflix.mediaclient,,,0
0c416e26-e5d5-4af4-9b90-f763212332ee,Leandro Javier,2025-09-22,3,encima para que pago la aplicación viene con fallas y bugeos de la pantalla,neutro,com.netflix.mediaclient,,,0
b240f168-8e35-4e42-b4ab-21cab5a5ca45,Yonaisis Rojas,2025-09-22,3,"llevo una semana presentando un problema al intentar ingresar a Netflix, me sale acceder con tu contraseña guardada y le tocó y queda cargando o me sale nuevamente y nuevamente y nuevamente esa opción. y antes de ponerse así no me dejaba ver las películas ni series me salía error o algo asi, y dije veee lo voy a cerrar e ingresar nuevamente y ahora no me deja ni ingresar. lo elimino y vuelvo a instalar y sigue igual.... alguien sabe cuál es la solución?",neutro,com.netflix.mediaclient,,,2
541d79c2-409f-4cf3-ad6c-19d536f8165c,Aide Guadalupe Hernández González,2025-09-21,3,pues para mí es muy mala x que te saca de las cuentas compartidas,neutro,com.netflix.mediaclient,,,1
84517475-c947-4df8-9a67-bf9998a49310,orlando morgan (Calumba),2025-09-21,3,No tiene muchas nuevas,neutro,com.netflix.mediaclient,,,1
79af1291-d94a-49df-b4ef-ce4f7491cfe8,Lexa Urrea,2025-09-21,3,"Encima que ya no puedo compartir Netflix con familiares. Lo contrato y en mi propia casa Netflix le dice a mi madre que no puede acceder porque no forma parte de la cuenta de hogar. Parad ya, dejad a la gente compartir cuentas o al menos si lo restringen que sea bien",neutro,com.netflix.mediaclient,,,0
baa68f48-db92-4ff9-9059-8476cd6737c4,Enit Beltran,2025-09-21,3,no está activa la aplicación,neutro,com.netflix.mediaclient,,,0
150488f6-3185-4f2d-9566-7328a50016da,cristian ibañez,2025-09-21,3,la aplicación es buena sin embargo ya los precios no valen la pena teniendo en cuenta que el contenido siempre es el mismo o está incompleto,neutro,com.netflix.mediaclient,,,1
cdcfbf05-9459-4e90-a42c-86c5702579b0,Danny 3D,2025-09-21,3,es una app muy buena. pero lo q no me gusto era q no sacasen una segunda temporada de LOS IMPERFECTOS pero por lo demas es muy buena y se la recomiendo a todo el mundo pero ojala sacasen una segunda temporada de Los Imperfectos,neutro,com.netflix.mediaclient,,,0
00edc2a9-0e19-431f-884d-a5ed4bd86c46,Alejandro Carmona,2025-09-21,3,en algunas reproducciones no le puedo adelantar por que me repite el principio,neutro,com.netflix.mediaclient,,,0
0a51c5b1-b846-4688-bfc6-dffb4dcfe5d8,LEON SOLIS LEONARDO,2025-09-20,3,"agreguen más películas como en USA y traduzca series y películas, agreguen más contenido",neutro,com.netflix.mediaclient,,,0
7731abf6-ff33-421b-9011-c11044a32fc1,Javier Codoceo Reyes,2025-09-20,3,Antes 5 pero an borrado mui vuenas series y películas y agregado vasura 😾,neutro,com.netflix.mediaclient,,,0
e9e77b14-ae3e-4569-b761-f2ac1431f76d,cristina PERALES JIMENEZ,2025-09-20,3,"No tengo queja. Pero hoy estoy muy contenta, Victor, el asesor arreglo mi problema d conexion. Gracias.",neutro,com.netflix.mediaclient,,,1
864297d0-3ef6-42cc-a36a-71c0d948790e,Harumi Harada,2025-09-20,3,"Ni todo lo que gustaría ver esta en los idiomas que quiero, solo en el idioma original, otra cosa que de país a país hay varias pelis, series o documentales que aquí donde vivo no me sale 😮‍💨",neutro,com.netflix.mediaclient,,,27
55f12c89-0878-47c0-814e-00e67ee01e26,GoalsTime Lov,2025-09-20,3,las transmisiones grabadas como los eventos de wwe se regresan al principio cuando quieres adelantar,neutro,com.netflix.mediaclient,,,0
73d5ef79-2dfa-4fa8-9f56-fb01a0067215,Fidel Terrones,2025-09-19,3,"la experiencia es mala en la nueva tablet Honor Magicpad 3, teniendo la cuenta Premium de Netflix, ninguna película o serie se reproduce en 4k, ya que la resolución de pantalla de la tablet es 3200 x 2136píxeles y en un televisor 4k si se reproduce bien, espero puedan actualizen pronto la aplicación y corrijan ese fallo, sin embargo en el iPad Pro sí que no hay problema al reproducir en 4k",neutro,com.netflix.mediaclient,,,25
04cb3e9a-7c34-4779-b6fa-809e4d5e7b9f,Álvaro Esparza Hernández,2025-09-18,3,"es una app, muyyy buena,solo que hay 2 problemas que quiero que resuelvan. siempre que pago los $119 pesos que me piden,me aparece en la pantalla que no lo pago,y para poderlo ver,siempre tengo que desinstalar e instalar la aplicación,y volverle a poner mi cuenta. el otro problema es, que hace poco lo pague,hace 6 días,pero me aparece que tengo solo 4 días para volver a pagarlo,ni se por que pasa, siempre lo pago a tiempo, y completo.",neutro,com.netflix.mediaclient,,,17
3fb84b73-c2f6-4b9b-8d8f-9228cb822716,Evelyn,2025-09-18,3,"buena App, siendo una app de pago no debería tener anuncios, q diferencia tiene de una App gratuita? entonces q chiste tiene q pague 199 pesos para ver anuncios, hay miles de de apps de streaming incluso, con menos anuncios y gratuitas",neutro,com.netflix.mediaclient,,,1
a5517947-ea86-4f3b-8d57-b7f89422ba00,Kiara Rocio Lucero,2025-09-17,3,muy buena,neutro,com.netflix.mediaclient,,,0
b7330b6e-befa-4024-8dbe-30ae4c8ac8da,Gonza Ortiz,2025-09-17,3,qué necesidad de quitar el picture-in-picture????,neutro,com.netflix.mediaclient,,,0
19be1407-8619-4e52-8013-074c469e1cac,Scompp,2025-09-17,3,"Los años pasados (2017-2023) tenía un buen catálogo con una gran variedad de series/ películas,al menos yo no e tenido ningún error con el sistema pero personalmente mi disgusto es con el catálago ACTUAL, el cual considero con poca variación de temas (mayormente se han concentrado en series k-drama) dejando un gran vacío en películas de terror, desde el género slasher hasta el conjuro (considero que deberían poner de nuevo todas esas cosas) ahora considero mejor optar por otro canal de streaming",neutro,com.netflix.mediaclient,,,0
790c2311-e6e7-4a5c-b39b-b96e92643295,Daivelys Daniel,2025-09-17,3,mira Netflix ya me tienes harta de estar quitando las películas y las más buenas como matilda y eso Netflix y las rubias por qué quitas las más malas y ya por qué por dios se que quieren poner más quiten las malas que no sean la buenas deje de quitarlas por favor y ya me tienen harta,neutro,com.netflix.mediaclient,,,0
05d7f332-9161-4b65-be83-e2491be938a4,Olivia Lugo,2025-09-17,3,últimamente se ha detenido la app cuando transmito a la tv,neutro,com.netflix.mediaclient,,,0
336eae44-4659-4cb6-b2d0-af8dbbba2d32,Maritza Bosque,2025-09-17,3,Tienen que poner más series corenas en español,neutro,com.netflix.mediaclient,,,0
81c24fe4-c4ab-45bb-9051-ddcda88614a7,Fernando Aragon,2025-09-17,3,la persona que sube las películas creo que es racista porque pone los trailers en español pero la película en inglés solamente y ay muchas películas igual me dan ganas de cancelar mi cuenta,neutro,com.netflix.mediaclient,,,0
c3f06229-bba4-4f03-a6d3-b52f52c46324,Roblox Roblox,2025-09-16,3,"osea ami me gusta la App pero siento que le falta ponerle más pelis y series , no todas salen para la misma región todo lo demás perfecto",neutro,com.netflix.mediaclient,,,0
0d7fb830-a09c-490c-a858-0fc094cea58f,GLENDA ARIZBETH MARQUEZ GASTELUM,2025-09-16,3,todo bien pero en la tele estaba viendo kpop demon hunters y en la televisión me salen los subtítulos en español pero en el cel me salen en inglés porfavor actualicen los subtítulos en el cel para que en el cel también salgan los subtítulos de las canciones en español y no solo en la tele que salga en español también en el cel porque yo a veces quiero ver el teléfono me se las canciones pero me hace mucha lata porque a veces me confundo y pues ahí las leo pero como están ingles no le entiendo,neutro,com.netflix.mediaclient,,,0
4ce89b18-c1d0-47cd-a032-1a76f98679c8,Dayami,2025-09-16,3,es una app muy buena pero no tiene unas peliculas muy buenas,neutro,com.netflix.mediaclient,,,0
0f8c3f39-0cdf-4bba-8cb8-571b4f793fcf,Sonia Rodriguez,2025-09-16,3,okey,neutro,com.netflix.mediaclient,,,0
50d9e4f8-5639-4dda-bc18-264ca5e00573,Alexander Zerpa,2025-09-15,3,"Netflix agrega las nuevas temporadas de Dr Stone y la peli de demon slayer, con eso sus 5 estrellas",neutro,com.netflix.mediaclient,,,0
1ce79c15-20dd-4918-b20e-eff714a3e7f2,Olivia Omar,2025-09-15,3,"deberían mejorar en el tema de que estén todas las películas que hemos visto así sean muy viejas , no solo algunas",neutro,com.netflix.mediaclient,,,0
a3765c40-12dc-43f4-b782-778b0a26c536,SERGIO BELEÑO,2025-09-15,3,Espectacular me encanta netflix porque tienes programas buenos,neutro,com.netflix.mediaclient,,,3
284485c7-e563-4354-995f-f68d21d482b2,Ivan Alvarez Hernandez,2025-09-15,3,"Tiene buen contenido, pero es muy caro",neutro,com.netflix.mediaclient,,,0
5d5d274e-4a3e-46bd-897f-4f3878a1e804,Angel Chiriboga,2025-09-15,3,me cobran lo mismo pero me redujeron el número de dispositivos para ver 😒 pensado en cambiarme de plataforma,neutro,com.netflix.mediaclient,,,0
c369039d-fc9f-4ba8-b0ce-a468529b9cbb,Mauro M,2025-09-15,3,"Netflix, pongan bien los opening en one piece, como puede ser que en impel down y pongan todavía el opening de thriller park que fue hace unos 100 capitulos atrás, media pila Netflix por favor",neutro,com.netflix.mediaclient,,,0
00fff5bc-c9a0-4307-9f4b-530933c21e46,El más pro,2025-09-15,3,"no está south park muy mal, además está kpop demon hunters le quita una estrella de resto todo bien xdxd",neutro,com.netflix.mediaclient,,,0
393e52ba-13ec-4ca0-8186-3f69482f4c29,Natalia Callado,2025-09-15,3,Desde la última actualización no me salea opción de verlo con Chromecast,neutro,com.netflix.mediaclient,,,0
12297752-d399-4b53-b30f-b20fefa8feac,Aphroditus Demigod,2025-09-14,3,"Version anuncios ganan millonadas nos tragamos cada comercial deberian dejar ver todo el contenido bloqueado, No me gusta q al pausar bloquee la imagen con publicidad yo suelo pausar para ver detalles e información dentro d las peliculas/series tengo version con anuncios no se si en la otra version suceda lo mismo, de ahi en fuera ha sido aceptable experiencia",neutro,com.netflix.mediaclient,,,5
141cf3d2-ad2d-424e-861f-1d521a8869a3,Vanessa Belmonte Molanes,2025-09-14,3,La aplicación es buena pero en la mayoría de series no están todos los episodios que tendría que haber porque el último que hay no es lo último del libro manga o cómic y después tienes ganas de saber lo que pasa al final y te tienes que comprar el libro ... Y hay gente que no tiene dinero para comprarse más de 30 libros o muchísimos más para saber lo que pasa. Y también me gustaría que pusieran el documental de BLACKPINK en español gracias.,neutro,com.netflix.mediaclient,,,6
5ab927b0-094f-4673-8f43-75be16683008,Maria Jesus Arceo Ramires,2025-09-14,3,ninguna otra 🤷,neutro,com.netflix.mediaclient,,,0
51e59a20-a641-44f3-8ac9-00f7a4c50477,Reyes Acosta Juan Alberto,2025-09-13,3,la mejor app de peliculas y series para mi Netflix es la mejor por eso le doy 5 estrellas,neutro,com.netflix.mediaclient,,,0
2eb9e34b-873c-4807-905d-c4e212281113,Gaston Pencin,2025-09-13,3,no me deja ver algunos eventos en vivo en mi proyector hy350,neutro,com.netflix.mediaclient,,,0
475c8b50-3f6c-4af9-a860-05d3411e23db,Araceli Ramírez,2025-09-13,3,porque si,neutro,com.netflix.mediaclient,,,0
e2ebaa0c-e7bb-4737-a6e9-5dc66f053aae,Valen Pika,2025-09-13,3,"la verdad, que ya la probe y es buenísimo, pero por temas de espacio en mi cel, la tuve que borrar. ahora la intente descargar y me falla la carga, me queda en 98%, estoy cansada de esperar a que se digne la aplicación en descargar...",neutro,com.netflix.mediaclient,,,0
514bf184-4576-4434-bb4b-bd29174824a8,veronica Merino,2025-09-13,3,muy buena calidad,neutro,com.netflix.mediaclient,,,0
7e62d9d6-7c46-4202-bf67-0fcddc802f63,Sanby Guardado,2025-09-13,3,les di tres porwue piden pagar solo por ver pelicula muy mama y no es por el hate si no que busco algo mejor para ver peliculas con mi hijos y comoda,neutro,com.netflix.mediaclient,,,0
dce79970-272d-4d87-8a30-d7c7693f8694,Rimsa Ingeniería,2025-09-13,3,Hay mucho publicidad.,neutro,com.netflix.mediaclient,,,0
75acb470-9634-4457-9512-af58668986fd,Juan Jesús Rojas varela,2025-09-13,3,"la aplicación es buena pero me parece una falta de respeto, humillación, maldad , odio , aberración y miseria , haber quitado la película de karate kid donde participa el hijo de Will smith y chakichan fue la primera película que vi de mi infancia y el poder verla cuando quisiera era una gran felicidad y el haber quitado esa película a sido lo peor para mí y creo que muchos usuarios más que adoramos a esa película, cierto la calidad de imagen está bajando últimamente.",neutro,com.netflix.mediaclient,,,0
36abe533-183e-4d0d-8ee3-5acad3b896e8,bryan junior talledo garcia,2025-09-13,3,"traigan los animes en emisión, pero estrenó del mismo día, no que demore, y más series, si no mejor me voy a otra app",neutro,com.netflix.mediaclient,,,0
bab85d7c-282c-4ac7-bd62-b0aa70e65578,Jose Ps,2025-09-13,3,¿Para cuándo un botón que permita marcar las películas ya vistas?,neutro,com.netflix.mediaclient,,,0
3dcdbbe1-0dec-4046-a731-cb4599efb04d,Dania Hernández,2025-09-13,3,Tengo que estar desinstalando la app porque no siempre reproduce,neutro,com.netflix.mediaclient,,,0
ba6d58de-d428-470b-9731-6577556015e0,Rosseling Gutierrez,2025-09-13,3,Trae la mejores series y película de terror,neutro,com.netflix.mediaclient,,,0
b23e4b85-5451-4203-9c2a-a34cf20b92c0,Isaac Martin Hernández Bermudez,2025-09-12,3,no es la gran cosa y mi película favorita es el juego del calamar 🦑,neutro,com.netflix.mediaclient,,,3
c04b5998-bd9f-4f43-94bb-46a7ca6325dc,Damisa Dominguez,2025-09-11,3,Amé la App la verdad pero creo que deberían arreglar eso de actualizar hogar con Netflix me parece algo aburrido porque la cuenta la estoy pagando y aja y aveces ala qu le estoy pagando la cuenta no me contesta y eso no me gusta pero si la App creo qu debería estar mejor así sin esa cosa de actualizar hogar con Netflix.,neutro,com.netflix.mediaclient,,,0
ad79c753-af89-436b-bbda-4473e4741c4e,Zinnia Arteaga,2025-09-11,3,es una aplicación buena ya que al suscribirte no necesitas ver anuncios y mira series y cualquier que esté bien la aplicación lo que no me gusta en sí es que no están todas las películas qué fácilmente pudiese buscar con la lupa así que llevo más de 4 meses renovando pero por esta ocasión decidí ya no hacerlo,neutro,com.netflix.mediaclient,,,0
404f328a-e5a6-4543-a6a2-6c0f6a84cd8d,Susana García,2025-09-11,3,"Es terrible que en la traducción al Español de México pongan cosas como chido, para algo que la persona dice en inglés lindo, o que pongan se petateo, cuando la persona dice se murió, se me hace peyorativo que crean que todos los mexicanos hablamos así, y una falta de respeto a una traducción limpia, si bien no todos los mexicanos tienen estudios superiores, también ves cierto que esa no es la manera adecuada de traducción, que lástima.",neutro,com.netflix.mediaclient,,,0
cbd7610b-1533-400a-9790-338bdb0919da,Andres Vara,2025-09-11,3,siempre lo mismo una y otra vez y la calidad baja,neutro,com.netflix.mediaclient,,,0
d88aa291-da74-4b98-a2f7-821d2db08975,Alex Daniel Horacio Valdez,2025-09-11,3,"A ,,ZZ E DW , ,,,, zb - s 44 ,--- , , , z,z ,,,S ,,,,"" ,, v ,,,,☆. A3 z SAAu ssz ,,Z s , , ,mz5g ,4d ,,, zWaw , . zz,, ,, ,,"" . ',,,z ,: ,s- x,- ,▪︎.,•☆3 ,- ,,☆-☆ zzx ddd ,",neutro,com.netflix.mediaclient,,,0
d28611da-6e3c-4071-bb8d-87e6d1cb298b,Ghislaine Seguel,2025-09-10,3,Tengo un problema con netflix del celular quiero ver una serie y me sale cargando pero no carga y la pantalla se va a negro,neutro,com.netflix.mediaclient,,,1
8cee3045-5013-442a-9d78-f49310c21c46,Luis López,2025-09-10,3,no puedo entrar a la app,neutro,com.netflix.mediaclient,,,0
dec47873-d20a-45de-8749-7a350196d28d,Janser Perez,2025-09-09,3,en un perfil me aparecen todas las series y en el otro no 😡,neutro,com.netflix.mediaclient,,,0
5905e588-96fb-483a-8e66-8adbcfec9f76,Cristian Alderete,2025-09-09,3,"slsps ɛZ z pPL z sɛ.zps.z pɔ z Ɔ.zzɔ zɔPz Ɛ.P xz zɛz Ɛ p/ 7.% , LM z zpzmzɛ.zɔmzɔzmzɛ.z pɛ z zɔz zɔz Lz lllllllmn de zb ne ɔɔɔɛɛɛɛɛɔ mu no paa no p nni oo bi p bi paa bi pii vvh oo boa gye Xb ma xz z wɔ. xf cc o ɔLƐɛɛɛɛɛɛɛɛɛɛp LM no ɛɛɛM mmom pɔ paa ɛɛɛM n paa ne paa no ɛɛɛM no ka ho ma xf Xb ne k L no oo bi te sɛ ka ze D Xb ma. ɔ mu oo no taa yɛ LM vf te man mu te sɛ ɔ ɔma. kɔm k L no pɔ l no u mu oo bi te sɛ bɛ ɔ ɔma d zl mɔɔL pZ zpz.sɔ.p.sɛz.ls.Pz pZ.sp.P.pz zlz.zpzmPMpMPZ zpz.zp Pɛ. PZ.spki",neutro,com.netflix.mediaclient,,,0
b80d13ff-c838-4a82-925f-b929637979a4,Jose Santiago Mayor,2025-09-09,3,"Aunque sigue siendo líder en entretenimiento, a perdido bastante.",neutro,com.netflix.mediaclient,,,0
0d4e4fa2-7fb5-4d19-a894-ae19787bfa06,David Garcia (davgarcas),2025-09-09,3,"Bastante fluida la aplicación, sin embargo hay un detalle ¿porque rayos pensaron que era buena idea cobrarle a la gente si van a meter publicidad? aunque digan que no interrumpirán, es un hecho que meterán publicidad, si uno de los atractivos de la plataforma era poder ver películas sin interrupciones, y únicamente dejan los planes como para una familia pero sorpresa están restringidos con IP",neutro,com.netflix.mediaclient,,,0
fa601574-c636-492d-882b-6fe4af4cac57,juan de jesus rodriguez muñoz,2025-09-08,3,"la aplicación es excelente por su catálogo, pero siempre hay un pero, yo siempre comparto con mi familia las pantallas, pero ahora solo se puede ver en un televisor, y en ningún lado dice eso de estoy de viaje, yo sé que hay gente que no sabe aprovechar las pantallas, pero no todos tenemos la culpa gracias",neutro,com.netflix.mediaclient,,,0
1dafba18-dd8b-44c5-aa58-e9834f769dfc,Jeny Aquino,2025-09-08,3,me gusta mucho pero siento que un error fue quitar el teléfono negro,neutro,com.netflix.mediaclient,,,0
e46b3c05-093c-4f9a-bb31-2134eeab65d4,Angela Rodriguez,2025-09-08,3,"pago Netflix porque me gustan las series coreanas pero lamentablemente de 5 series que saben 2 tienen doblaje al español las demás no se pueden ver, es mejor pagar otra plataforma.",neutro,com.netflix.mediaclient,,,0
1af73fd5-7b87-4054-a92e-b8bdb3d935f9,banco uphold,2025-09-08,3,NETFLIX YA VIENE SIENDO HORA YA DE QUE ESCUCHES LA CANTIDAD DE USUARIOS QUE QUIEREN METODOS DE PAGOS MODERNOS PA CUANDO SE PODRA PAGAR CON EL USDT.? O QUIZAS USDC.? MY FRIENDS NO TODOS TENEMOS VISA INTERNACIONAL O PAYPAL BROTHER,neutro,com.netflix.mediaclient,,,0
0d0dc43d-1591-4491-bb37-558cc8dff536,Jefri,2025-09-08,3,bajo los contenidos no hau mucha variedad de canales,neutro,com.netflix.mediaclient,,,0
ea8b48d0-cae6-4333-a1a1-56155a505265,Elizeth Laguna Noguera,2025-09-07,3,"Desde un tiempo a esta parte tengo problemas para ingresar a la cuenta. Me dice que no pertenezco al hogar, pero estoy en mi casa con la cuenta de mi casa.",neutro,com.netflix.mediaclient,,,0
9ea03311-5ca4-4242-aa5e-82135b66526d,Leonardo Mendoza,2025-09-07,3,"muy buena app solo q no me gusta q quiten películas y algunos animes me gustaría q volvieran, pero buena app 👍",neutro,com.netflix.mediaclient,,,0
b88826e2-fd82-4df4-b4b9-50a16c83e530,Karen Dominguez,2025-09-06,3,"Todo excelente, pero cuándo se actualiza la app, no me abren las series ni películas y carga lento",neutro,com.netflix.mediaclient,,,0
a2832ddd-5651-4c30-a8ea-ec9489ae4b68,miguel angel mendoza ponce,2025-09-05,3,"no permite ver el contenido mediante PIP (imagen en imagen) al momento de ir al inicio del teléfono, el reproductor se cierra en lugar de minimizarse y actuar como ventana flotante. esto sucede en XIAOMI Redmi Note 13 Pro 5G",neutro,com.netflix.mediaclient,,,0
c7379e8e-9587-4f5d-8021-356217068e9b,Jehudi Ortiz,2025-09-05,3,actulice Netflix y ahora no puedo ver nada solo escucho pero no veo nada,neutro,com.netflix.mediaclient,,,0
6b68c669-44d5-4c4d-bfdf-147850f321a3,Wilary Mabelys Mejía Soler,2025-09-05,3,dígame Netflix y esa loquera de esperar 3 años para merlina eso en una bullllllla y necesito en el 2026 necesito eso listo aunque sea el primer episodio abusadore,neutro,com.netflix.mediaclient,,,0
94948dca-0cf3-4cca-a4bb-3db1352c1770,Karen Oronia,2025-09-04,3,es muy bueno si te gustan las series pero piden email y contraseña para todo para usarlo por primera vez y aparte cuando ya recordaste la contraseña te pone que demasiados intentos,neutro,com.netflix.mediaclient,,,0
8d6a9cb3-421b-4bb4-ac33-67aed4ccc919,Jo Molina,2025-09-04,3,"en el celular aún funciona bien, pero hace unas semanas en la tablet no deja accesar, ojalá lo arreglen pronto",neutro,com.netflix.mediaclient,,,0
8852afba-e5c4-4bc2-b189-8edf94ff67c4,victor hugo garcía delgado,2025-09-03,3,va🤩🥰🥹☺️🥹😍:⁠'⁠(,neutro,com.netflix.mediaclient,,,0
fa5c1525-2768-439e-853f-f321165dd4c0,Daira Diaz,2025-09-03,3,"no pone tantas series o películas buenas, encima tiene potencial Pero no lo aprovecha",neutro,com.netflix.mediaclient,,,0
f636f2bc-8212-464b-a19e-38c993b81212,nathaly Pinargote,2025-09-02,3,Netflix es muy bueno pero lo que no me gusta Es que no puedo ver todo tipo de película hay algunas películas que las quiero ver y no salen 🙃🙂,neutro,com.netflix.mediaclient,,,0
80674f8e-6794-4d96-a579-f864ef6a5018,Mauricio Mundo,2025-09-02,3,antes no tenía anuncios,neutro,com.netflix.mediaclient,,,0
46312f93-72c7-464e-8fd7-386eb38cebe0,lia garcia alvarez,2025-09-01,3,Hazra Hasra ayer buena ahora no puedo verlo,neutro,com.netflix.mediaclient,,,0
b471210e-1540-4458-83d6-472197e9fad1,Yaretzi Leilani Velázquez Castillo,2025-09-01,3,"Antes se veía bien y me gustaba, pero últimamente quiero entrar y me sale que hubo error en no se que, intento ver qué pasa y nada más no se puede, no se me hace bien que esté tipo de aplicaciones tengan esté tipo de problemas, ojalá alguien pueda arreglar este problema pero no sé si solo es en mi celular o a alguien más le pasa esto.",neutro,com.netflix.mediaclient,,,7
267e2ddd-b3f4-4495-ae16-0b3641f7c214,esteban dario,2025-09-01,3,es una buena plataforma para cer series pero algo que no me gustó es que aveces borran series lo cual no me gusta ya que hace un tiempo yo vi una película mediante esta plataforma me gusto demasiado se llamaba mia y el león blanco pero después de un tiempo cuando la quise volver a ver ya no se encontraba,neutro,com.netflix.mediaclient,,,0
59865d47-e333-49fa-a358-eb53e9bcfc9f,Jhanet Pocho Challco,2025-09-01,3,es una buena app para ver mis peliculas favoritas,neutro,com.netflix.mediaclient,,,0
a7c6269e-9c7d-4deb-b592-c26cd2e72273,GREY OSPINO,2025-08-31,3,se está pixelando la pantalla cuando veo series en mi cel,neutro,com.netflix.mediaclient,,,0
2ed22b96-dfc4-487d-b184-f1e504aab091,Tablet Accuchek,2025-08-31,3,"suben el precio al menos deben subir los capitulos ni bien sea la fecha , porque demoran tanto en subirlos",neutro,com.netflix.mediaclient,,,0
3531633a-d32f-44ba-b666-20b6f3028ecd,camilo lara,2025-08-31,3,la apo se desinstala a cada rato,neutro,com.netflix.mediaclient,,,0
840205b1-59e4-4a89-89ff-357b1e992b58,Pedro Torrealba,2025-08-30,3,"Netflix tiene una calidad de audio e imagen muy buena, se siente como la experiencia de estar en el cine incluso si lo ves desde tu celular, pero es una plataforma de streaming muy cara y no es compatible con algunos teléfonos, antes de que gastes en algún plan es mejor que veas si tu teléfono es compatible con la aplicación. Allgo que tambien me desagrado es que existe contenido que se cancela sin más tras una temporada, además de uno que otro contenido polemico.",neutro,com.netflix.mediaclient,,,2
afd6eeba-c2ad-47a4-ae14-ec3afd9d70e2,Clara España,2025-08-30,3,últimamente he tenido fallas con la aplicación..se queda dando vueltas y vueltas y no se habre..he intentado apagar..reiniciar mi aparato y nada.. cheque porqué hace eso,neutro,com.netflix.mediaclient,,,0
e241b625-69a1-4b30-9c94-f517fecb0ac7,Lady Skywalker,2025-08-30,3,pongo para ver la pantalla en la pantalla y me aparece en negro y no puedo ver mi serie 😭,neutro,com.netflix.mediaclient,,,0
b569e999-cf92-4583-886e-1085352cb2c8,Nicolas Henriquez,2025-08-30,3,esta buena pero no puede ser q me saques la serie del JJ alias el popeye y me dejes la reina del flow media pila hermano!!!!!,neutro,com.netflix.mediaclient,,,0
dcaef878-ed23-4809-8b7d-42fee3297ba3,Mariana Muro,2025-08-30,3,Es muy padre todas las películas que tiene pero se supone que estamos pagando para verlas sin interrupciones y le ponen anuncios no me parece,neutro,com.netflix.mediaclient,,,0
8ff97e12-9675-410d-a86c-aefb9c531518,Saul Marcano,2025-08-29,3,Calidad de video demasiado comprimido y No deja seleccionar la calidad manualmente,neutro,com.netflix.mediaclient,,,1
0d35ecfa-0d07-4b1d-bd0b-4ec69873a28c,LOURDES QUIJADA,2025-08-29,3,sin conexoon chromecast,neutro,com.netflix.mediaclient,,,0
4861b8b6-4609-4e58-bfec-12a3df57ec76,Lucas Gimenez,2025-08-29,3,excelente app pero lastima que se volvió tan aburrida recomendando siempre las mismas películas y series. si pusieran mas variedad les daría una estrella mas.,neutro,com.netflix.mediaclient,,,0
1aad7db3-37d2-4d1b-89cf-818061bd7075,Rodrigo Román Pérez,2025-08-29,3,"Bien, solo lo que molesta es que no puedas controlar el brillo desde el panel",neutro,com.netflix.mediaclient,,,0
e033e899-a9d8-427b-888d-f359991a5ed1,engel Matamoro,2025-08-28,3,porque se paga no puedo ver películas,neutro,com.netflix.mediaclient,,,0
d25f527a-19cc-4a87-bc7e-472e8dc283d8,The Stuart,2025-08-28,3,aque se debe que si estoy suscrito a premium no me deja en 4 dispositivo.. si se supone que son para 4 dispositivo,neutro,com.netflix.mediaclient,,,0
5bf699a4-900e-4dba-8c94-5aae78b94eba,Pelusa_x3,2025-08-28,3,"La app venía funcionando bien hasta que la actualicé hace unos minutos y ahora no me deja entrar, dice Error de dispositivo.",neutro,com.netflix.mediaclient,,,0
1891fece-980d-48a3-8dba-4214822ce218,Mario Mendoza carapa,2025-08-28,3,es lo mismo que el la tele,neutro,com.netflix.mediaclient,,,0
7509c880-42cd-4d4f-8557-f0e1adeca3b4,Francisca Rivero,2025-08-27,3,"cambiaron el menu, es complicado y enredado,no me gusto, no puedo ver la lista de peliculas o series por tema.Solo las que ustedes quieren promocionar.",neutro,com.netflix.mediaclient,,,0
005eb8c2-9a55-49aa-8b13-60f967b47e80,SAÚL Alexander,2025-08-27,3,Por que sacaron blue lock 😭,neutro,com.netflix.mediaclient,,,0
54e6fea9-0a27-4a01-8324-f4a38f1cd828,Erick Rubio,2025-08-27,3,muy buena pero deberían de poner un plan anual no importa que no hagan descuento,neutro,com.netflix.mediaclient,,,0
3e823812-0c52-4278-a84d-6a5a62dd64db,Eileen,2025-08-27,3,POR QUÉ TANTOS ANUNCIOS NETFLIX??!,neutro,com.netflix.mediaclient,,,0
aebb237d-87bf-43d7-b154-de4eff51dee7,María sol Gonzalez,2025-08-27,3,"no carga a la tele,esta andando mal la app",neutro,com.netflix.mediaclient,,,0
1f084d7f-9fa5-44ea-aee3-9df9d2619f76,Nicandro Echeverria Martinez,2025-08-26,3,"""todo bien"" hasta que pagas por ver anuncios. tan mal está? o solo nos lavan el cerebro . comerciales nacos de Oxxo , se me acaba y nunca más, asco televsura",neutro,com.netflix.mediaclient,,,0
de6f8365-1329-4d15-9dce-a7f96caab904,David Escamilla,2025-08-26,3,Como puedo descargar una version compatible con mi equipo,neutro,com.netflix.mediaclient,,,0
7407b9fb-addc-4d4e-b77f-7697cdff39a8,Maximiliano Garcia,2025-08-25,3,malardo,neutro,com.netflix.mediaclient,,,0
a9e701c8-0741-4739-8973-bc06d4118e5f,Elmi Montero,2025-08-25,3,Me gustaría que agreguen más películas Asiática,neutro,com.netflix.mediaclient,,,0
50d46fe2-7f63-43b9-bdac-21540ada694f,Jennifer Nataly Forero Sanchez,2025-08-25,3,Cada rato me toca estar desinstalando la aplicación porque no me deja ver nada solo me sale un error.,neutro,com.netflix.mediaclient,,,0
5e0ef886-2b90-4b3b-b8ea-05ca5df49e15,Nehomar Bello,2025-08-25,3,es muy difícil para configurar eso,neutro,com.netflix.mediaclient,,,0
c2e3983c-6447-42cd-bdb4-d0f08cd6b781,charlie romero,2025-08-25,3,"Las series aquí son buenas y no tengo problemas con Netflix... Por lo general. Una función verdaderamente molesta que esta en netflix es el hogar, es bueno, sí, pero al no tener un televisor para crear un hogar tenemos que están cambiando regularmente la contraseña",neutro,com.netflix.mediaclient,,,5
f053ba70-474c-4965-8873-aae984c1107b,Gonzalo Agustin Diaz,2025-08-24,3,"Buena app, muy malo el sistema de hogar, todo el tiempo se sale y hay que actualizar",neutro,com.netflix.mediaclient,,,0
51823f4b-9d65-47dd-a14c-566d12167fa1,Jime Huanca,2025-08-24,3,me gusta pero hay días en la q se traba la imagen aún cuando sigue el audio,neutro,com.netflix.mediaclient,,,0
fc815af7-d6bd-4f90-ba65-673243895105,Alex Chino,2025-08-24,3,genial,neutro,com.netflix.mediaclient,,,0
2506787b-990c-4349-bebe-3e9dd6ef549b,Lewar Espino,2025-08-24,3,"se pasan de lanza todavía que uno paga por esta aplicación,ya metieron comerciales en plena películas es molesto",neutro,com.netflix.mediaclient,,,0
4a3013bc-b583-401d-bc5f-954a4da8c956,anyela Senaida,2025-08-24,3,bien pero kuroko no básquet no está en Español,neutro,com.netflix.mediaclient,,,0
8168e230-de84-49a9-8d12-1aca66d99d60,milagros Garcia Shephard,2025-08-24,3,"Hola buenos tardes, yo quiero ver una serie completa, porque tardan tanto en subir los capítulos ,hoy iban a subir un capítulo de una serie nueva que estoy viendo, estoy esperando desde las 8 de la mañana y son las 15:55y aún no lo an subido, yo pago Netflix sin fallo todos los meses y por los menos quiero que suban los capítulos temprano .Un saludo cordial buenos tardes",neutro,com.netflix.mediaclient,,,0
5fcc20c1-2bc0-4dd1-84fe-47af205603c3,Dinosaurio _tuk,2025-08-24,3,"Metan las peliculas de monster high del 2010, triunfos robados y Shingeki no Kyojin😭☝️",neutro,com.netflix.mediaclient,,,1
a0f0a8cf-8f20-4381-b7bf-fea738885aca,Benjamin Medrano,2025-08-23,3,es una aplicación exselente,neutro,com.netflix.mediaclient,,,0
c6e1aa22-e630-4dcd-980a-60e022509e02,Fadwa Mahfoudi,2025-08-23,3,Necesita un poco de Spiderman,neutro,com.netflix.mediaclient,,,0
72411d00-a4f1-4a82-ac66-91d56d215181,Osvaldreck Uribe,2025-08-23,3,"todo bien con la app, pero los eventos de la wwe deverian estar con doblaje latino, porque solo estan en ingles, espero puedan cambiar eso",neutro,com.netflix.mediaclient,,,0
a72e7fa2-48fc-4ae0-8e8e-0801713b5639,Juan gabriel Monterrosa,2025-08-23,3,no le doy las 5 estrellas porque la aplicación se traba mucho y a veces toca buscar en otras plataformas debido a ese problema frecuente e pensado en retirar el servicio si no mejoran ese problema,neutro,com.netflix.mediaclient,,,1
fe5d2abc-9fda-425a-8f0c-b334062bb9b8,Antonio Aguilar,2025-08-23,3,❤️‍🩹,neutro,com.netflix.mediaclient,,,0
8c7658ae-95bc-46a6-9d61-8882809ab3f0,la mexicana de mexico,2025-08-22,3,me gusta la aplicasion pero no me gusta que aya limite de descarga es frustrante y cuando le pongo renovar la descarga cuando caduca no ase nada y intento descagar el video de nuevo y no me deja porfavor cambien eso,neutro,com.netflix.mediaclient,,,0
cd10bc51-77e0-429f-9373-781e0c9c664b,Florencia Francavilla,2025-08-21,3,Me falla cada vez que necesito cambiar el audio si estoy transmitiendo a un TV viejito no me deja sacar el sonido estéreo,neutro,com.netflix.mediaclient,,,0
e478d4c2-00a8-43d2-b036-2b53f43d413e,Anthony Diaz,2025-08-21,3,"deberían agregar más contenido, está lleno de puras películas viejas y nada nuevo sale pronto, para que pagar tanto por tan poco.",neutro,com.netflix.mediaclient,,,0
dc315afd-a162-4009-a6b9-b70727413602,Eris Zúñiga,2025-08-21,3,"El hecho de que hayan agregado tadc fue una gran idea, pero luego la cagaron terriblemente con el me caes luy bien de los dos gays que se parecian a los otros dos gays de jujutsu kaisen. Dejen de borrar a los gays porfa, ya fue suficiente con naruto, gracias.",neutro,com.netflix.mediaclient,,,0
d26e70bd-b026-447c-84bc-fdef3272cb66,Daribeth Acosta,2025-08-21,3,Me Parece una falta de respeto que hayan quitado a Shrek de la plataforma ¿Ahora que veré?,neutro,com.netflix.mediaclient,,,0
33a3bafd-4b38-4351-8fe9-1eab3965a331,Vanesa,2025-08-21,3,a veces no me deja entrar y tengo que esperar días a que me salga,neutro,com.netflix.mediaclient,,,0
5fe6dfae-8ab9-4115-9cbd-35e39e762fd7,Lesly Hernandez,2025-08-21,3,como le ago si la pantalla sigue negra no ce como hacerle al abrir la aplicación para una serie y solo se escuchacomo le puedo hacer,neutro,com.netflix.mediaclient,,,0
bb41fdf0-38f8-4073-bd20-88f737be2890,Lucas isai Mena Martínez,2025-08-21,3,"es buena pero quitan todo lo chido co.o todas las series de power rangers y ponen las cosas más feas que casi nadie ve pero es una buena aplicación pero regreser power rangers dino charle, fuersa mística, mega force etcétera",neutro,com.netflix.mediaclient,,,0
a0a54901-c1ea-499a-936c-f9d0778a578e,Azucena Gonzalez,2025-08-21,3,desde que he reactivado mi suscripción no puedo conectar la app a mi crome cast,neutro,com.netflix.mediaclient,,,0
2fca54fe-33c9-4a5b-af7c-3288167997ea,Shidox XD,2025-08-20,3,No me está reproduciendo las películas y series en HD tarda para que se vea la calidad debería de traer una opción para subirle la calidad y no esperar a que solo se ponga es muy tardado,neutro,com.netflix.mediaclient,,,0
f3a9bc18-3e99-465d-b21a-f03283ead541,LunaShang,2025-08-20,3,"nono, me dejo llorando por muertes de mis personajes favoritas. Caí en depresión OQKDODBEOD buena Apple para ver pelis",neutro,com.netflix.mediaclient,,,0
10eedd9f-8b56-4a3e-9f62-d120eb93b911,Cecilia Fassler,2025-08-20,3,si cómo no cambie celular baje Netflix y no me acepta si es así o lo arreglan o bloqueo el próximo pago ahora No puedo ver ni una peliculas o menos bien,neutro,com.netflix.mediaclient,,,0
2f12d70e-66e5-46b8-b86d-53b3ab85eb87,Kira Ochegarai,2025-08-20,3,"Le doy 3 estrellas porque es una aplicación muy buena, lo malo es que no tiene completas algunas series, como Naruto Shippuden, que sólo tiene 16 temporadas cuando creo que deberían ser 21 (según Google, porque dice que tiene 21 temporadas en la descripción del anime). Me gustaría que agreguen pronto las temporadas restantes para que yo y el resto de los usuarios que usamos esta app, podamos disfrutar de ver todo el contenido completo.",neutro,com.netflix.mediaclient,,,0
89f271e1-8c0d-4f6a-a61b-265fc3eb356c,Joaquín Barraza Garibaldi,2025-08-20,3,tengo mucha confusión con la suscripción a esta aplicación 0 o a esta plataforma o cómo se llame ya que tengo en en mi historial de suscripciones alrededor de 7 cuentas y quisiera saber por favor cuál es mi cuenta verdadera de todo de las 7 por qué ya van dos veces que pagó la suscripción en este mes,neutro,com.netflix.mediaclient,,,0
299be933-99a2-418c-b954-210326ed377a,Noemi Molina,2025-08-19,3,"hola buenas... quiero reclamar por algo por qué hay una serie que se llama ""belleza verdadera"" y quiero que salga la 2 o 3 parte o episodio para ver porque está súper buena igual le doy 3 estrellas pero me pone la serie si plis ☺ Y SI NO ME LA POLE LAS VERA YA Y ME LEA ESTO YA 😡gracias ☺",neutro,com.netflix.mediaclient,,,0
e284289f-9c8d-49d9-b4c5-d3cf637e6e11,Lier Shadown (GS),2025-08-19,3,"POR FAVOR, por favor, habiliten el audio en japones para colombia 😭 como es posible que no lo tengan para animes",neutro,com.netflix.mediaclient,,,0
48c2ac2f-aaf7-4c1b-82e4-3de09f9b8fd5,NANDIN EVINA,2025-08-19,3,esta bien.,neutro,com.netflix.mediaclient,,,0
12fe9379-a8e4-42f8-a155-4b4cb818e32b,Ezequiel Gallardo,2025-08-19,3,"la verdad es que tiene sus pro y sus contra dependiendo de las personas, a mí me gustó al principio y estaba bueno porque tenía variedad pero ya después quería ver otras clases de películas las que no encontraba dentro de Netflix y series también, me parece muy mal que eliminen películas y series cuando deberían más bien agregar, yo cancelé mi suscripción y ahora sólo busco mis películas por Google y las encuentro todas las que quiera, aún no he encontrado una app que me permita ver todas",neutro,com.netflix.mediaclient,,,0
72127c24-c06a-4614-96a9-8bfdcc125e87,Silvana Salas,2025-08-18,3,sería inmensamente genial si agregaran yape a Netflix para pagar mi suscripción,neutro,com.netflix.mediaclient,,,0
c982de0e-879f-4b9e-8353-9d785e21869e,qwerty,2025-08-18,3,además de buscar series y películas por categorías estaría bien que también se te permitiera buscar series y películas por idiomas por ejemplo: ->categoria: horror ->idioma ( audio) : español,neutro,com.netflix.mediaclient,,,1
e7ec88de-a301-40f8-8d42-0960778c1ad1,Bianka Montenegro,2025-08-18,3,Cómo pueden poner a L negro en la película de death note si el es blanco no es que sea racista solo es que a si no es yo respeto a la gente pero esto no disculpa si ofendí a alguien pero,neutro,com.netflix.mediaclient,,,0
938d4ce0-fa1f-4d53-9ab4-1d0d16a6d7e2,Carolina Soto,2025-08-18,3,"No puedo reproducir ninguna serie o pelicula. Ni con wifi, ni con datos del celular!!!! Me dice que tienen problema con la conexión, pero otras app uso normalmente!!! Solucionen Netflix!!",neutro,com.netflix.mediaclient,,,1
c434ddf8-edbc-4d3c-91d6-55471f232c59,Alex Mariano Chuma Alvarez,2025-08-18,3,Cuando van a subir más episodios y temporadas de la serie Danmachi.,neutro,com.netflix.mediaclient,,,0
88c1682c-0bc6-4ff6-9b28-f778b6113bff,Hamlet Núñez,2025-08-18,3,"Algunos animes,series y películas viejas no tienen los subtitulos en español...y es muy molesto ya que las quieres ver y no puedes porque no entiendes el idioma",neutro,com.netflix.mediaclient,,,1
ce1f0f99-230c-422e-8981-5cf8c4c456b7,Mauricio Dzul Cen,2025-08-17,3,no me deja ver las películas apesar de tener buen internet noe deja ver las películas en mi teléfono móvil🥲 y eso tengo el plan premium 😞,neutro,com.netflix.mediaclient,,,0
874f0558-e9a7-47ce-816b-ee321b197be8,Morelia Suarez,2025-08-17,3,por que a veces sólo están las misma películas de siempre creo que por eso las personas no siguen pagando por que se a burren de los mismo en mi opinion.,neutro,com.netflix.mediaclient,,,0
aea6a9fa-31a7-4c49-a95e-f14e280b2a5e,Juanis GP,2025-08-17,3,"Quiero ver Netflix en mi celular, mi cuenta lo tiene considerado para verse en mi tv. Por favor díganme cómo lo instaló en mi dispositivo ?. Mil gracias por su atenció. l",neutro,com.netflix.mediaclient,,,0
10267533-f381-41c6-b528-45c4d00e2fd8,Yandri Rodriguez,2025-08-16,3,cada actualización se pone peor para q salgan las películas,neutro,com.netflix.mediaclient,,,0
039b87ad-02c5-4169-a608-b1ad89174a8e,Maryenis Felizzola,2025-08-16,3,"es una buena aplicación con buena privacidad y demás pero no estamos necesitando eso sí no una excelente calidad en pantalla y audio, le hace falta varios detalles pero igualmente sirve para disfrutar de algunas películas.",neutro,com.netflix.mediaclient,,,0
54a6769c-7ab7-46ab-95d4-f935fb2d2f97,Eric Daniel,2025-08-15,3,"He sido espectador de Netflix durante años, pero recientemente me he sentido cada vez más decepcionado con la plataforma. La cantidad de dramas coreanos y películas sin sentido que se ofrecen es abrumadora, y encontrar algo que realmente valga la pena ver se ha convertido en una tarea imposible.",neutro,com.netflix.mediaclient,,,0
fa224da9-9201-492f-a18b-70fcf35306a0,Flor Lopez,2025-08-15,3,antes era lo mejor Netflix pero ahora lamento decirles es peor y estoy pagando como 19.00 por nada que pasa ayuda please,neutro,com.netflix.mediaclient,,,0
1139f688-41be-4c00-b436-485c9d9c929f,Leisy Elizabeth Francisco Acosta,2025-08-15,3,"Buenas, está pasando algo incómodo en esta app, pasa que descargo los capítulos de la serie para verlo sin conexión y a cierto tiempo la pantalla se pone negra, solo se escucha el audio. Eso es bastante molesto, Espero que puedan resolver esa situación. cuando lo arreglen, actualizo mi comentario.",neutro,com.netflix.mediaclient,,,2
21eda5eb-2057-4cbd-9a76-0344ca1c99f1,Aitana,2025-08-15,3,"escribo por aquí por qué , por el servicio de ayuda NO solucionado nada . La página para tarjetas regalo . aFa error una vez que das continuar , No te deja canjear la tarjeta , y no es problema de la tarjeta , si no de la página .he echo lo que ponía en la página f ayuda , pero sin solución alguna .",neutro,com.netflix.mediaclient,,,0
ac60e31f-967b-4aec-8e64-8aac1e94b8aa,Ruben Morales,2025-08-14,3,muy buena,neutro,com.netflix.mediaclient,,,0
d22e847e-ee1e-403b-9c52-1c599c665a11,Marta Ferrer,2025-08-14,3,Qué pasa con Netflix que quiero ver una peli y se queda cargando infinitamente?? No la uso nunca y cuando la quiero usar no puedo. Internet no es porque estoy viendo una peli en YouTube 😒,neutro,com.netflix.mediaclient,,,0
bda98edc-e8fc-49c3-8ad3-dee35acbdbb8,roman morales,2025-08-14,3,"es muy molesto que muchas series, animes y películas etc . no tengan doblaje ni al inglés ni al español solo subtitulos pónganse a trabajar.",neutro,com.netflix.mediaclient,,,0
6e78f14a-9230-44a6-8d05-df4ca9c96df9,Randy Vázquez,2025-08-14,3,"Hola, Netflix. Agregen un nuevo título como ""Destino Final: Lazos de Sangre"" recien estrenado en los cines hace 3 meses.",neutro,com.netflix.mediaclient,,,0
b682a7f8-c636-417d-b139-1fc7fc855ff0,Nuri,2025-08-14,3,"No me gustan las series en que solo añadís capítulos semanalmente, es lógico en una plataforma de pago?.",neutro,com.netflix.mediaclient,,,9
252d2e88-2fbe-4926-bac8-00f070ed46ee,ARCE CAMACHO ALVARO,2025-08-13,3,"una huevada, películas que quiero ver no estan en LATAM, debería ser todo para todas las regiones,o mi dinero no vale?",neutro,com.netflix.mediaclient,,,0
c315876e-ef07-4437-9ff3-dfafe5e32908,Dulce Maria A. Alcalá,2025-08-13,3,quiten el actualizar hogar me emputa estar todo el tiempo con eso,neutro,com.netflix.mediaclient,,,0
09bdccbc-0908-4eeb-b31f-a8b8acee9107,claudia cupa morales,2025-08-13,3,pues me gusta mucho la app y por eso la contraté pero no sé porque se traba en mi TV si un día antes la estuve viendo NETFLIX por favor solucionen eso porque hasta bloquean mi pantalla no es justo pagar y no poder verlo eso como se soluciona si ha alguien me pudieras ayudar,neutro,com.netflix.mediaclient,,,0
c2e2401f-45d5-48b3-ac19-85f866b25003,Dayana Arteaga,2025-08-13,3,"es una aplicación genial con series y películas pero le puse tres estrellas por que tiene un error, cuando estoy viendo una serie de repente ya no me deja ver el próximo episodio como si no tuviera internet pero si tengo, al principio creí que era mi teléfono pero también con mi tablet paso eso. ¡porfavor arreglenlo!",neutro,com.netflix.mediaclient,,,24
42eb50a1-dc2a-4a6f-995e-12802cc16087,Begoña Gl,2025-08-13,3,lenta,neutro,com.netflix.mediaclient,,,0
9f553dd6-aa89-4cf9-98a7-76593f48cce6,Nelida Rubio,2025-08-13,3,estoy pagando nexflix y no funciona,neutro,com.netflix.mediaclient,,,0
8a71276f-86b5-4f93-afbd-94583eb319e8,Santiago Gómez,2025-08-13,3,la bendición papi,neutro,com.netflix.mediaclient,,,0
d7ebcbb1-1463-411f-905e-261ccbe70603,Jair Pérez,2025-08-12,3,"es muy extraño que la aplicación se ponga en pantalla en negro (solo se escucha audio) estando activo el descanso visual en el dispositivo móvil, las demás aplicaciones de streaming no tienen ese problema y estaría bien que quiten eso, ya que es una herramienta fundamental para ver videos de noche ya que suprime parte de las luces azules",neutro,com.netflix.mediaclient,,,0
77e993c4-7ad2-49f7-a34b-a3af9a6d47da,lucha jeison,2025-08-12,3,le falta las 7 PALABRAS ECENCIA DBZ,neutro,com.netflix.mediaclient,,,0
468f03c9-8d55-4e01-ad60-cd11cc6e7318,Jesús González,2025-08-12,3,Para cuando toda la saga d scary movie,neutro,com.netflix.mediaclient,,,1
b5d44799-4832-4e1f-8b1d-8b9f8e91e1c7,Johan Gutierrez,2025-08-12,3,"Esta buena la app nomas que...LE FALTAN PELÍCULA BUENAS!!! PURAS PELICULAS INÚTILES QUE NI EL DIABLO CONOCE,ya en serio las películas que sacan son buenas y las nuevas que meten son malísimas, deberían poner películas como las de Godzilla o Jurassic Park o world no las series de bodrio cretacico XD",neutro,com.netflix.mediaclient,,,0
513a5f9a-95f3-4546-853b-5d4bcf485de2,AngelSantiago Cervantes,2025-08-11,3,porque quitan donde estan las rubias 😭,neutro,com.netflix.mediaclient,,,0
43407c63-3ff3-47e6-844a-7b10de7eb0a9,MARIANA D Q,2025-08-11,3,buena muy buena,neutro,com.netflix.mediaclient,,,0
32afc6aa-cfec-485f-95a6-7456d262ece0,Maura Ayala perez,2025-08-10,3,no tiene todos los arcos de one piece,neutro,com.netflix.mediaclient,,,0
8194ae16-644f-4cc4-9e69-f6ebb33a81d2,Brenda Elizabeth Rojas Mtz “Belizrojas”,2025-08-10,3,"la nueva programación es un desmadre, ahora hay que esperar una semana para los episodios completos,😅😅😅🤣🤣que relajo",neutro,com.netflix.mediaclient,,,0
e0dcfb75-342c-46ed-a86d-a22bde870376,Anabel Herrera,2025-08-10,3,antes me gustaba mucho Netflix pero ahora que está metiendo la cosa de membresía extra no lo puedo ni cancelar y me dijeron que tenía que esperar de que pagar eso para después tener que poder para poder cancelar y si es así prefiero cerrar sesión y no volver más voy a tener que Descargar otra aplicación,neutro,com.netflix.mediaclient,,,0
75521363-8c78-4207-bac9-f59b2276d794,James Sanders,2025-08-10,3,"Es muy retrasado para q salgan las nuevas series, animes o novelas, 3 siglos ahí q esperar para podes ver lo q uno gusta, mientras en otros no lo piensan lo tienen y lo lanzas para el público lo vea",neutro,com.netflix.mediaclient,,,0
f1c7d5ba-09a4-490b-8c93-0806fcdb4e50,Súsej XD,2025-08-10,3,"Tenía un par de años sin usar Netflix ( nada personal solo se volvió muy woke y está bien) sin embargo, lo volví a consumir porque anunciaron unas series que me llamaron la atención pero verdaderamente es un dolor de cabeza usarle, ya sea en mi computadora, televisor o celular, no puede ser posible que su servidor nunca cargue y mejor tenga que ir a ver su contenido a ""sitios web Alternativos"" porque ni pagando puedo y vaya que tengo Disney+, Max, Crunchyroll y no me dan esa bronca :'(",neutro,com.netflix.mediaclient,,,5
6289876f-1b84-430a-9de7-42ec6035fdbf,Leonardo Ortega,2025-08-09,3,"Pueden agregar soporte HDR para el realme 10 Pro+ que SÍ tiene una pantalla con certificación HDR10+ y también podrían añadir el soporte para el icono ""Material You by Google"" de Netflix en android.",neutro,com.netflix.mediaclient,,,0
6469db42-f56b-4f3e-9107-ff47876148a5,Diniii,2025-08-09,3,"NETFLIX, PORQUE UN DEMONIO Y UNA HUMANA SI Y UN REPORTERO Y UNA ESGRIMISTA NO? 😭",neutro,com.netflix.mediaclient,,,0
770359ba-1fd3-44f5-b9bb-21f3871b9203,MARJA RUBIO,2025-08-09,3,Fatal para el uso de los Smart TV sale su bendito error ui-800-3 y no es conexión porque prime si funciona que decepción,negativo,com.netflix.mediaclient,,,0
